text,user_id,username,likes,comment_id,post_id,reply_id,parent_id,is_reply,party,source_file,sentimiento,confianza
quien carajos es Roberto Sánchez 😐😐,6673774392000480262,idaliacruzcanaza,1586,7628021598301324048,7628016166480481556,0,,False,neutral,conteo_rapido.ndjson,neutral,0.5762871503829956
Estamos jodidos😔...,7306259013494490117,ticona_glc,2370,7628017016616911624,7628016166480481556,0,,False,neutral,conteo_rapido.ndjson,neutral,0.5064308643341064
"Roberto Sánchez??? Que carajjjjj, la gente no entiende tmr",6905049856966378501,dx_llcll,783,7628024438928671489,7628016166480481556,0,,False,neutral,conteo_rapido.ndjson,negative,0.974460244178772
"Roberto Sánchez qué raro, recién me entero de el jaja",7033111506574066693,maquiavelo318,689,7628020243126158087,7628016166480481556,0,,False,neutral,conteo_rapido.ndjson,neutral,0.6632485389709473
que hace la Keiko en primera 😡,6807529354755851270,princessnoemygoiti,445,7628037005716505362,7628016166480481556,0,,False,neutral,conteo_rapido.ndjson,negative,0.5834546089172363
Lo mismo me pregunto quién rayos es Roberto Sánchez?,7154169322373923846,dany43870,234,7628023631477703445,7628016166480481556,0,,False,neutral,conteo_rapido.ndjson,negative,0.8672298192977905
la segunda vuelta,7547046579494175762,magali.mandujano7,161,7628019430304514834,7628016166480481556,0,,False,neutral,conteo_rapido.ndjson,neutral,0.5954996347427368
me pesa la conciencia 😔,7440663061285848119,user7530483879503,106,7628021457155310354,7628016166480481556,0,,False,neutral,conteo_rapido.ndjson,neutral,0.5168448686599731
"Roberto Sánchez, en provincia es fuerte",6791633807264236550,lizarzosa,171,7628024823856038674,7628016166480481556,0,,False,neutral,conteo_rapido.ndjson,positive,0.6364008188247681
pero en otro canal sale porki segundo y no Sanches total !,7121008927600919557,silvnapineda,82,7628021420056445714,7628016166480481556,0,,False,neutral,conteo_rapido.ndjson,neutral,0.6270344853401184
Keiko presidentaaaaaa 🧡🧡🧡🧡🧡🧡,6921774967345841157,_ely_angie,90,7628021782017442568,7628016166480481556,0,,False,neutral,conteo_rapido.ndjson,positive,0.7008795142173767
Belmont presidente!,7376520839883211808,mirtha.elena.cast7,210,7628016723690357526,7628016166480481556,0,,False,neutral,conteo_rapido.ndjson,positive,0.6685754060745239
"Los que votarán mañana, voten por Belmont",6845275014209324038,angelavillarrealgil,85,7628054954083894037,7628016166480481556,0,,False,neutral,conteo_rapido.ndjson,neutral,0.656858503818512
"Carajo, Carlos Spa era la mejor opción y aun así nada… nunca vamos a aprender a escoger bien.",7261234217497166853,hukhu.05,139,7628020271313027858,7628016166480481556,0,,False,neutral,conteo_rapido.ndjson,negative,0.7153217792510986
Yo llorando por mi Patria,262287625972297729,elenamonth,364,7628017007749317396,7628016166480481556,0,,False,neutral,conteo_rapido.ndjson,positive,0.772711455821991
quien carajos es ese tal Sánchez,6807263415368778758,andy.harol29,28,7628046200214602512,7628016166480481556,0,,False,neutral,conteo_rapido.ndjson,negative,0.7938066124916077
Vamos Keikoo,6822770320127804421,luislr241,56,7628026234283524880,7628016166480481556,0,,False,neutral,conteo_rapido.ndjson,positive,0.7825574278831482
mi conciencia está tranquila por qué mi voto fue por CARLOS ESPÁ!!!,7388250342055134213,noheliaroxana1,95,7628027232082346770,7628016166480481556,0,,False,neutral,conteo_rapido.ndjson,positive,0.47790372371673584
Dónde estas los de keiko acá🧡🧡🧡🧡🧡🧡🧡🧡🧡🧡🧡🧡🧡🧡,7372246732987876357,rayner.colonia2,77,7628016745886876417,7628016166480481556,0,,False,neutral,conteo_rapido.ndjson,negative,0.5463665127754211
"si llega ese Roberto ,lo siento ,pero voto por Keiko",7341491251428000773,alexander.music09,68,7628064005181801217,7628016166480481556,0,,False,neutral,conteo_rapido.ndjson,neutral,0.5281458497047424
Alguien que si sale presidente lo sacarán al instante como a los otros,6808257965310526469,marymilma,367,7628022897131258644,7628016166480481556,7628021598301324048,7.628021598301324e+18,True,neutral,conteo_rapido.ndjson,negative,0.6598572134971619
los del sur quieren que arda el peru,6652410009010847749,levyfrankojedamen,223,7628023607951934229,7628016166480481556,7628021598301324048,7.628021598301324e+18,True,neutral,conteo_rapido.ndjson,negative,0.6623269319534302
Esto es fraude y no se dan cuenta que el socialismo manipula todo esto,7394080071278380038,lalavidasaludable,112,7628023810293613319,7628016166480481556,7628021598301324048,7.628021598301324e+18,True,neutral,conteo_rapido.ndjson,negative,0.9573984146118164
Un zurdo como castillo,260707406249295872,12viajealmasalla,36,7628023865096225554,7628016166480481556,7628021598301324048,7.628021598301324e+18,True,neutral,conteo_rapido.ndjson,neutral,0.45387154817581177
"un candidato de izquierda radical.
a tener cuidado con ese candidato en el debate dijo dijo que sacará a Julio Velarde",7138138020364469253,rosarodriguez8160,34,7628025964010930952,7628016166480481556,7628021598301324048,7.628021598301324e+18,True,neutral,conteo_rapido.ndjson,neutral,0.7404889464378357
Los de la sierra como siempre fregando las elecciones,6905113310695310337,taylors_version45,23,7628026959625601810,7628016166480481556,7628021598301324048,7.628021598301324e+18,True,neutral,conteo_rapido.ndjson,negative,0.9462089538574219
Zurdo es ese sanchez,7482061134179189761,anita_5102,18,7628025699366241044,7628016166480481556,7628021598301324048,7.628021598301324e+18,True,neutral,conteo_rapido.ndjson,positive,0.5008895397186279
OTRO CASTILLO... NOOO VOLVERA A PASARR PORFAVOR SOLO QUEDA KEIKO O PORKY... SANCHEZ NOOO... PASARÁ LO MISMO Q CON ÉL LAPIZ..,7022451224033182725,bendezu.gg,12,7628025819491549960,7628016166480481556,7628021598301324048,7.628021598301324e+18,True,neutral,conteo_rapido.ndjson,negative,0.6502454280853271
eso pasa por votar por Keiko pues y ahora quién va a ir a segunda vuelta otra vez se repite la historia no aprenden,6825007297946190853,tapiatmari,9,7628025281777861393,7628016166480481556,7628021598301324048,7.628021598301324e+18,True,neutral,conteo_rapido.ndjson,negative,0.9511951208114624
"alguien que como obra de magia esta en casi todas las regiones en casi los primeros puestos pero ohhhh no sale entre los primeros 4 puestos, sin embargo keiko esta en el primer puesto a boca de urna, que cómodo, como duele mi Perú con tanto fraude por parte de este congreso y por su lidereza",6911519783537001477,mylagros25,4,7628027287875846932,7628016166480481556,7628021598301324048,7.628021598301324e+18,True,neutral,conteo_rapido.ndjson,negative,0.8560698628425598
quien mrd es keiko,6923748271655994373,carlosbh02,3,7628026867697877768,7628016166480481556,7628021598301324048,7.628021598301324e+18,True,neutral,conteo_rapido.ndjson,negative,0.9676098227500916
Comunista como castillo,6851385034860151814,f20252025,1,7628026779244118805,7628016166480481556,7628021598301324048,7.628021598301324e+18,True,neutral,conteo_rapido.ndjson,negative,0.6476121544837952
Tu canchero,6921814407271236614,shentylop,2,7628023553083228948,7628016166480481556,7628021598301324048,7.628021598301324e+18,True,neutral,conteo_rapido.ndjson,negative,0.7006033062934875
😂😂😂 yo tampoco lo conozco.,7050169942340224006,elias.vasquez02,1,7628027442654020373,7628016166480481556,7628021598301324048,7.628021598301324e+18,True,neutral,conteo_rapido.ndjson,neutral,0.7908327579498291
es de la izquierda,7193257856346424325,soledad.mendoza51,1,7628025607960806145,7628016166480481556,7628021598301324048,7.628021598301324e+18,True,neutral,conteo_rapido.ndjson,neutral,0.488355427980423
Para que esté segundo lo conocen varios en provincia sobre todo,7109297113901401094,edithgiovana27,1,7628025409200374546,7628016166480481556,7628021598301324048,7.628021598301324e+18,True,neutral,conteo_rapido.ndjson,neutral,0.6498895287513733
el que está de segundo,7603187692889703441,julioesquen461,0,7628825776431006471,7628016166480481556,7628021598301324048,7.628021598301324e+18,True,neutral,conteo_rapido.ndjson,neutral,0.632481575012207
Un rojo convenido,6816040337845814278,jocebeth6,0,7628453703911736084,7628016166480481556,7628021598301324048,7.628021598301324e+18,True,neutral,conteo_rapido.ndjson,neutral,0.4648289382457733
Es hermano de Mónica sanchez,7107139947984077830,enriquezavala925,0,7628371636374946582,7628016166480481556,7628021598301324048,7.628021598301324e+18,True,neutral,conteo_rapido.ndjson,neutral,0.4799504280090332
Un peligro para el país congresista actual de la izquierda extrema,6809475695148909574,pattyzego,0,7628368954960970504,7628016166480481556,7628021598301324048,7.628021598301324e+18,True,neutral,conteo_rapido.ndjson,negative,0.8383463025093079
El futuro presidente del Perú.,7025061906734728197,mundotv3,0,7628367012712956679,7628016166480481556,7628021598301324048,7.628021598301324e+18,True,neutral,conteo_rapido.ndjson,neutral,0.6173851490020752
no te informas?🤔,7064646176284787718,marycruzhuayanay28,0,7628353720866390804,7628016166480481556,7628021598301324048,7.628021598301324e+18,True,neutral,conteo_rapido.ndjson,negative,0.808258593082428
Tu futuro presidente,7367004721808294918,yaneli.garcia10,0,7628348852907066120,7628016166480481556,7628021598301324048,7.628021598301324e+18,True,neutral,conteo_rapido.ndjson,positive,0.4739566445350647
el proximo presidente,6946967642880918533,ahrc7742,0,7628338182714819349,7628016166480481556,7628021598301324048,7.628021598301324e+18,True,neutral,conteo_rapido.ndjson,neutral,0.5203521847724915
eso también pregunto,7586125592904320020,jeinerchavez561,0,7628336733995041556,7628016166480481556,7628021598301324048,7.628021598301324e+18,True,neutral,conteo_rapido.ndjson,neutral,0.5983816385269165
t😁😁😁,7590070041719227408,catalinochininin,0,7628309488039281429,7628016166480481556,7628021598301324048,7.628021598301324e+18,True,neutral,conteo_rapido.ndjson,neutral,0.5404733419418335
el que va gobernar este país 🤗,7203152528711910406,rolandobroncanofabian,0,7628282407493567252,7628016166480481556,7628021598301324048,7.628021598301324e+18,True,neutral,conteo_rapido.ndjson,neutral,0.4472043812274933
pero si lo conocemos a la tía k 😂😂😂,7014990644004144134,wiltualegria,0,7628279900192949010,7628016166480481556,7628021598301324048,7.628021598301324e+18,True,neutral,conteo_rapido.ndjson,neutral,0.5852128863334656
Es un castillo más,7527801626321732626,denis1992zambrano,0,7628246104802853653,7628016166480481556,7628021598301324048,7.628021598301324e+18,True,neutral,conteo_rapido.ndjson,positive,0.6297591328620911
😡😡😡😡 se repite la historia de CASTILLO,6922549024143311877,soldeluna59,0,7628239611415954196,7628016166480481556,7628021598301324048,7.628021598301324e+18,True,neutral,conteo_rapido.ndjson,neutral,0.5318706035614014
Un sombrero más 🤮🤮🤮😤😤😤,6790909796515595269,sindyapazachacon,0,7628224792537416469,7628016166480481556,7628021598301324048,7.628021598301324e+18,True,neutral,conteo_rapido.ndjson,neutral,0.5469910502433777
"AQUI LO TENGO, AGARRADO DEL CUELLO",7415725475900212230,streamlabel,0,7628094260915618578,7628016166480481556,7628021598301324048,7.628021598301324e+18,True,neutral,conteo_rapido.ndjson,neutral,0.7179840207099915
es un 🔴,6978201859538469893,aromas_aldieg,0,7628080255916114708,7628016166480481556,7628021598301324048,7.628021598301324e+18,True,neutral,conteo_rapido.ndjson,positive,0.7394675612449646
"el sombrero de JP. Quiere bajarse la constitución, el BCR ETC",6877312971204281350,chicoca1980,0,7628077616961323777,7628016166480481556,7628021598301324048,7.628021598301324e+18,True,neutral,conteo_rapido.ndjson,negative,0.6991466283798218
El perro de Castillo y Cerrón .,316310446343344128,joandroides,0,7628076027461976839,7628016166480481556,7628021598301324048,7.628021598301324e+18,True,neutral,conteo_rapido.ndjson,neutral,0.659074068069458
es otro castillo,6853521577322693637,gianpierre_m,0,7628073918137369365,7628016166480481556,7628021598301324048,7.628021598301324e+18,True,neutral,conteo_rapido.ndjson,positive,0.7764739394187927
presi,7273144737393345542,yhoshim1234,0,7628072090995016466,7628016166480481556,7628021598301324048,7.628021598301324e+18,True,neutral,conteo_rapido.ndjson,neutral,0.510335385799408
Un izquierdista radical,7319567248073966598,akemyperedo,0,7628068747610014480,7628016166480481556,7628021598301324048,7.628021598301324e+18,True,neutral,conteo_rapido.ndjson,positive,0.3983652889728546
es un ROJO,7073698425594627078,rosyl955,0,7628068056522900244,7628016166480481556,7628021598301324048,7.628021598301324e+18,True,neutral,conteo_rapido.ndjson,positive,0.7559014558792114
es un izquierdista de ### que prometió sacar al señor castillo como también saquear el banco de reserva,7038004694686909446,mely_23.2,0,7628067646496621313,7628016166480481556,7628021598301324048,7.628021598301324e+18,True,neutral,conteo_rapido.ndjson,negative,0.945709228515625
Mi papá 💔😭,7217866506041558021,mgustamiextabienlaextra1,0,7628067555547284244,7628016166480481556,7628021598301324048,7.628021598301324e+18,True,neutral,conteo_rapido.ndjson,positive,0.4671519696712494
Un peruano pues carajo no lees,6843028816626156549,89mas22,0,7628065674009379601,7628016166480481556,7628021598301324048,7.628021598301324e+18,True,neutral,conteo_rapido.ndjson,negative,0.7851174473762512
quien coño será ese,6950715487399937029,gronepaita91,0,7628064936765244181,7628016166480481556,7628021598301324048,7.628021598301324e+18,True,neutral,conteo_rapido.ndjson,neutral,0.49026793241500854
tu salvador,6922079955674661894,jugador081015,0,7628064504370397972,7628016166480481556,7628021598301324048,7.628021598301324e+18,True,neutral,conteo_rapido.ndjson,neutral,0.47668275237083435
"Apurimeño es y una parte no se de donde, 😅",7501694552551195655,user9753084472652,0,7628064234257367829,7628016166480481556,7628021598301324048,7.628021598301324e+18,True,neutral,conteo_rapido.ndjson,neutral,0.7762656807899475
Por?,251594541894717440,el_iz_a2,0,7628017345394901776,7628016166480481556,7628017016616911624,7.628017016616912e+18,True,neutral,conteo_rapido.ndjson,neutral,0.5407074689865112
Xq ese Sánchez no es conocido ni aceptado y se repetirá el zurdo con el antifujimorismo. El fraude de hoy liderado por CORVETTO,6779632145750836230,sqp3011,120,7628018389625848597,7628016166480481556,7628017016616911624,7.628017016616912e+18,True,neutral,conteo_rapido.ndjson,negative,0.8575899004936218
Sánchez es de izquierda,6767328607833752581,abejita_2023,20,7628021439933891336,7628016166480481556,7628017016616911624,7.628017016616912e+18,True,neutral,conteo_rapido.ndjson,neutral,0.4899643361568451
jp es otro castillo no jodan no aprenden crj,7100039587687465990,jhoanasto,1,7628033293405143828,7628016166480481556,7628017016616911624,7.628017016616912e+18,True,neutral,conteo_rapido.ndjson,negative,0.970167875289917
"Porque es un improvisado, solo busca cambiar de constitución, tiene un equipo cero profesional, no tiene buenas ideas economicas, una pena si este tipo sale como posible ganador, porque ahi si la economia y el progreso se frenara.",6967853565609280518,orestes090,17,7628019772097037074,7628016166480481556,7628017016616911624,7.628017016616912e+18,True,neutral,conteo_rapido.ndjson,negative,0.69256192445755
REALL,6956226710468494342,moonlianr,1,7628020668576203528,7628016166480481556,7628017016616911624,7.628017016616912e+18,True,neutral,conteo_rapido.ndjson,neutral,0.4462045133113861
CONFIRMOOOOOOOOO,6877754604902564870,m1sh3l0na_k,0,7628026862619673364,7628016166480481556,7628017016616911624,7.628017016616912e+18,True,neutral,conteo_rapido.ndjson,negative,0.3822895288467407
LITTT,6839295972138845190,anahi_jjp,0,7628025728240501505,7628016166480481556,7628017016616911624,7.628017016616912e+18,True,neutral,conteo_rapido.ndjson,neutral,0.36445698142051697
ptade eso 5 quien es el mas salvable,7500023719160120338,favri83,0,7628020374743548680,7628016166480481556,7628017016616911624,7.628017016616912e+18,True,neutral,conteo_rapido.ndjson,neutral,0.5290826559066772
Nietoo 😭😭,6956226710468494342,moonlianr,0,7628020711672562450,7628016166480481556,7628017016616911624,7.628017016616912e+18,True,neutral,conteo_rapido.ndjson,positive,0.5337498784065247
XDDDDDDDDD,7554163724312970256,xxjuanito775pro,0,7628022249056355093,7628016166480481556,7628017016616911624,7.628017016616912e+18,True,neutral,conteo_rapido.ndjson,negative,0.46557414531707764
LOLLLL XDD,6956226710468494342,moonlianr,0,7628025451781849864,7628016166480481556,7628017016616911624,7.628017016616912e+18,True,neutral,conteo_rapido.ndjson,negative,0.5138963460922241
jajajja los rojos se están revolcando,7253308394147464197,adrian_a2m,0,7628023130250461969,7628016166480481556,7628017016616911624,7.628017016616912e+18,True,neutral,conteo_rapido.ndjson,negative,0.9585245251655579
literal,6808257965310526469,marymilma,0,7628022660131570452,7628016166480481556,7628017016616911624,7.628017016616912e+18,True,neutral,conteo_rapido.ndjson,neutral,0.5583766102790833
Otra vez un Castillo y una que empezó con la crisis política en el Perú.,7028681936205775878,rodrigo_24_3,4,7628018568496005909,7628016166480481556,7628017016616911624,7.628017016616912e+18,True,neutral,conteo_rapido.ndjson,neutral,0.4853457808494568
🥺🥺,7571177261651805240,charito.milian.mi2,0,7628035112991933191,7628016166480481556,7628017016616911624,7.628017016616912e+18,True,neutral,conteo_rapido.ndjson,neutral,0.597958505153656
No aprenden!!!!!! La misma tontería que Castillo!!!!,6633888063524290566,eigref_egch,134,7628025446592758529,7628016166480481556,7628024438928671489,7.628024438928672e+18,True,neutral,conteo_rapido.ndjson,negative,0.9354948997497559
y Keiko CSM tienes razón la gente no aprende csm,7296609834508977157,adimael.ascencio.o,77,7628025925724357396,7628016166480481556,7628024438928671489,7.628024438928672e+18,True,neutral,conteo_rapido.ndjson,negative,0.9150633215904236
ya fuimos la delincuente de la keiko nos va a vender,7150480405132198917,johnpachaguerrero,30,7628026220496913172,7628016166480481556,7628024438928671489,7.628024438928672e+18,True,neutral,conteo_rapido.ndjson,negative,0.9550871849060059
Estrategia! Si el candidato del JP ni siquiera lideraba en las encuestas,6817140474194183174,terschy,8,7628026633882518293,7628016166480481556,7628024438928671489,7.628024438928672e+18,True,neutral,conteo_rapido.ndjson,negative,0.6597817540168762
todo raro nose vale,6917656618067313670,danacataleya11,0,7628028837540627207,7628016166480481556,7628024438928671489,7.628024438928672e+18,True,neutral,conteo_rapido.ndjson,negative,0.5851113200187683
Es otro castillo Ptmr,6951835740775613445,crissale_16,6,7628031809444430610,7628016166480481556,7628024438928671489,7.628024438928672e+18,True,neutral,conteo_rapido.ndjson,positive,0.5387833714485168
Un castillista de izquierda,7453794923483431941,lister4577,2,7628041484412404501,7628016166480481556,7628024438928671489,7.628024438928672e+18,True,neutral,conteo_rapido.ndjson,negative,0.5238661170005798
próximo presidente sanchez,7508569895052067858,julioyngaynga,1,7628060421765317397,7628016166480481556,7628024438928671489,7.628024438928672e+18,True,neutral,conteo_rapido.ndjson,neutral,0.5093307495117188
deberías cuestiónar a los fujis y cerdos,6895898111165531138,frans_hawk,1,7628043346942788370,7628016166480481556,7628024438928671489,7.628024438928672e+18,True,neutral,conteo_rapido.ndjson,negative,0.9330697655677795
Keiko? csmr la gente no entiende crjo,7143270444803277829,jhoncitovm,1,7628037823561024274,7628016166480481556,7628024438928671489,7.628024438928672e+18,True,neutral,conteo_rapido.ndjson,negative,0.9729533195495605
"ya Keiko que mierda es que ha hecho para Perú teniendo Miles de congresitas aaa,",6820187916150883334,florrocsana,1,7628037095550026516,7628016166480481556,7628024438928671489,7.628024438928672e+18,True,neutral,conteo_rapido.ndjson,negative,0.9720178246498108
Y Keiko? La gente no aprende,7520862726866306104,kari03850,1,7628036701047210768,7628016166480481556,7628024438928671489,7.628024438928672e+18,True,neutral,conteo_rapido.ndjson,negative,0.9580072164535522
quien m es keiko,6923748271655994373,carlosbh02,1,7628026856286421767,7628016166480481556,7628024438928671489,7.628024438928672e+18,True,neutral,conteo_rapido.ndjson,negative,0.7825690507888794
es el q esta a favor de la mineria ilegal,6837871509726397446,lizziju,0,7628258744723817234,7628016166480481556,7628024438928671489,7.628024438928672e+18,True,neutral,conteo_rapido.ndjson,negative,0.7110002040863037
pero es Keiko,7077712936668496902,abdiasrojasclemen,0,7628219194157368085,7628016166480481556,7628024438928671489,7.628024438928672e+18,True,neutral,conteo_rapido.ndjson,negative,0.40242791175842285
amigo reacciona recapacita mil veces Sanchez qu3 que Keiko ya sabemos como es y todo lo que esta haciendo y lleba candidatos puro antecendent3s,6865071841750582278,deimercubasjara,0,7628210839095902993,7628016166480481556,7628024438928671489,7.628024438928672e+18,True,neutral,conteo_rapido.ndjson,negative,0.7732987999916077
un verdadero político,6960474123810784262,john_w.95,0,7628084853032370962,7628016166480481556,7628024438928671489,7.628024438928672e+18,True,neutral,conteo_rapido.ndjson,positive,0.773838222026825
La sangre derramada jamás será olvidada por esos racist4s homofobicos d mrd4,6891429193760293894,fati132000,0,7628070997991686932,7628016166480481556,7628024438928671489,7.628024438928672e+18,True,neutral,conteo_rapido.ndjson,negative,0.9763767123222351
"no lo se, yo tambien me lo pregunto🤔🤔",7061400051838551045,abrahamzupotito2,0,7628067557072896786,7628016166480481556,7628024438928671489,7.628024438928672e+18,True,neutral,conteo_rapido.ndjson,neutral,0.8297293782234192
eso ps gente para burra 😠,6992626580934427653,madine_8,0,7628065816160322325,7628016166480481556,7628024438928671489,7.628024438928672e+18,True,neutral,conteo_rapido.ndjson,negative,0.9691646099090576
La gente de provincia,6788691368442102789,rosarous25,0,7628062270048043784,7628016166480481556,7628024438928671489,7.628024438928672e+18,True,neutral,conteo_rapido.ndjson,negative,0.4469631016254425
sii no entienden ...ya nos pasó castillo y siguen !!,6868152068928291845,fla2699,0,7628061402859684628,7628016166480481556,7628024438928671489,7.628024438928672e+18,True,neutral,conteo_rapido.ndjson,negative,0.8621338605880737
"eso ps,la gente no entiende 😳",7521506634574087174,gliaana,0,7628057064665285384,7628016166480481556,7628024438928671489,7.628024438928672e+18,True,neutral,conteo_rapido.ndjson,negative,0.9408720135688782
,7615293739938153479,incaico529,0,7628056792634786567,7628016166480481556,7628024438928671489,7.628024438928672e+18,True,neutral,conteo_rapido.ndjson,positive,0.44054585695266724
Es una vergüenza,7027637166847099909,milagroshilarychic,0,7628053430405284616,7628016166480481556,7628024438928671489,7.628024438928672e+18,True,neutral,conteo_rapido.ndjson,negative,0.9512861967086792
[Sticker] ,7252359907864757253,gnsssouth,0,7628048000241599240,7628016166480481556,7628024438928671489,7.628024438928672e+18,True,neutral,conteo_rapido.ndjson,neutral,0.6364831328392029
la verdad gente de mrd que no aprende este solo nos quiere llevar a la miseria y te aseguro q el jefe de la onpe esta metido ya que ese es zurdo si esque la gente no lo sabía y q raro que cerraran mesas en lima de verdad mil veces q vaya otro y q no vaya ese personaje,6907479373437158405,elkiicg,0,7628043176318206728,7628016166480481556,7628024438928671489,7.628024438928672e+18,True,neutral,conteo_rapido.ndjson,negative,0.9796740412712097
así es la gente jamás entenderá... izquierda nunca más,7199033989704467461,user3489163253130,0,7628040793400460039,7628016166480481556,7628024438928671489,7.628024438928672e+18,True,neutral,conteo_rapido.ndjson,negative,0.5661172866821289
Estos canales de la mafia,6862947776671958021,josephcguillen,0,7628039290827899655,7628016166480481556,7628024438928671489,7.628024438928672e+18,True,neutral,conteo_rapido.ndjson,negative,0.9427582025527954
otra vez Keiko nooooo q brutos,7098910236203992069,emipf336,0,7628036549461279496,7628016166480481556,7628024438928671489,7.628024438928672e+18,True,neutral,conteo_rapido.ndjson,negative,0.9637197256088257
para que veas. weboncito lima nos llega altamente polarización y guerra civil inminente,7483644463547532343,poder_popular1917,0,7628038009228903186,7628016166480481556,7628024438928671489,7.628024438928672e+18,True,neutral,conteo_rapido.ndjson,negative,0.8875808119773865
"es que no es que la gente no aprende, lo que pasa es que todo es fraude, están repitiendo la misma historia que hicieron con castillo 😡",6814577093613356038,kass29car,0,7628036348839002888,7628016166480481556,7628024438928671489,7.628024438928672e+18,True,neutral,conteo_rapido.ndjson,negative,0.9695612192153931
Peruanosss,7142828039980942342,juliansolo863,0,7628036119889232661,7628016166480481556,7628024438928671489,7.628024438928672e+18,True,neutral,conteo_rapido.ndjson,positive,0.5172179937362671
si no entienden xeso keyko una ves mas,7246176171393631234,edu_954,0,7628034885797905170,7628016166480481556,7628024438928671489,7.628024438928672e+18,True,neutral,conteo_rapido.ndjson,negative,0.6801459789276123
"No aprenden, quieren llevarnos al comunismo. Desean que todo el pueblo muera de hambre.",6812493278287299589,lucecita.77,0,7628035019696915218,7628016166480481556,7628024438928671489,7.628024438928672e+18,True,neutral,conteo_rapido.ndjson,negative,0.9495196342468262
si el pasa a segunda vuelta ya tenemos presidente,7007940735015633925,90mcy,0,7628034649688621844,7628016166480481556,7628024438928671489,7.628024438928672e+18,True,neutral,conteo_rapido.ndjson,neutral,0.5169821977615356
castillo libertar antauro ministro.,6985396520741045253,carlosabado110,0,7628034556427469576,7628016166480481556,7628024438928671489,7.628024438928672e+18,True,neutral,conteo_rapido.ndjson,neutral,0.5437443256378174
tiene un culo de investigaciones,7447956450457371654,benjamin.gallegos28,6,7628025706055729927,7628016166480481556,7628024438928671489,7.628024438928672e+18,True,neutral,conteo_rapido.ndjson,positive,0.5034445524215698
es fácil deducir ahí hay fraude siempre quieren que pase la china y un zurdo así tiene una probabilidad alta de ser presidente la china no Porky tienes que ganar esta vez,6800459157365277701,noteblack123,3,7628028482249655047,7628016166480481556,7628024438928671489,7.628024438928672e+18,True,neutral,conteo_rapido.ndjson,negative,0.5346711874008179
Kuzinski era de derecha y igual yodio la china... Ella quiere que hagan sus lobbys y repartijas,7166368414147183622,luispalomino097,0,7628029879493427989,7628016166480481556,7628024438928671489,7.628024438928672e+18,True,neutral,conteo_rapido.ndjson,neutral,0.680409848690033
El sombrero mágico xd tmr,6809434017130595333,josepdavilav,2,7628026771016221460,7628016166480481556,7628024438928671489,7.628024438928672e+18,True,neutral,conteo_rapido.ndjson,neutral,0.5007871985435486
ni pa quejarse la situación del país porque no hay justificación con ver esta encuesta,7351757331586237445,c..a..b..0,1,7628029654393897735,7628016166480481556,7628024438928671489,7.628024438928672e+18,True,neutral,conteo_rapido.ndjson,negative,0.8154214024543762
Toda la sierra voto por el 🥲,6973433417501754374,skepsis_25,75,7628022876563243783,7628016166480481556,7628020243126158087,7.628020243126158e+18,True,neutral,conteo_rapido.ndjson,positive,0.50995934009552
Ahí es el fraude la ONPE a las 10 pm lo va inflar ya veras,7105322060881200134,doris25w5,69,7628020905847702293,7628016166480481556,7628020243126158087,7.628020243126158e+18,True,neutral,conteo_rapido.ndjson,negative,0.8072287440299988
"La mayor parte de la Sierra votó por el , como es un castillo 2.0",6800412702947673093,www.gl05,7,7628023649837548306,7628016166480481556,7628020243126158087,7.628020243126158e+18,True,neutral,conteo_rapido.ndjson,neutral,0.6388413906097412
Toda la sierra votó por el😭.,220781527826399232,arq.fab,4,7628024366907556629,7628016166480481556,7628020243126158087,7.628020243126158e+18,True,neutral,conteo_rapido.ndjson,neutral,0.49264660477638245
dios tanto bru.... se tenía conocimiento que el sur pondría un candidato lo que real mente me sorprende que hay gente que voto por ese partido mafioso en fin solo pasa en mi querido Perú,7142547171040543749,carlosalbertolina21,4,7628026106075251463,7628016166480481556,7628020243126158087,7.628020243126158e+18,True,neutral,conteo_rapido.ndjson,negative,0.8681418299674988
bamos jp toda la madre de Dios contigo,7007896058069402630,leonardo21_ss,3,7628025227070636820,7628016166480481556,7628020243126158087,7.628020243126158e+18,True,neutral,conteo_rapido.ndjson,negative,0.7884692549705505
"En el interior y en especial el sur voto x el, recogió los votos de Castillo y Antauro hizo recorrió e hizo bastantes mítines x ek sur a lleno total sino q la TV no lo padaba6y nuevamente seguimos con lo mismo",7323676938781017094,eddycarrascalaren,3,7628024481819493137,7628016166480481556,7628020243126158087,7.628020243126158e+18,True,neutral,conteo_rapido.ndjson,neutral,0.6676812767982483
igual no enterada de Sanchez. se repite lo mismo xq.,6810967262876042245,angie242220,1,7628021774059422481,7628016166480481556,7628020243126158087,7.628020243126158e+18,True,neutral,conteo_rapido.ndjson,negative,0.6964522004127502
"salieron los resultados y en costa:4%, sierra: 22.8 y selva 22,7
es por eso q esta segundo",223052729525673984,aimmelon07,1,7628021741788676882,7628016166480481556,7628020243126158087,7.628020243126158e+18,True,neutral,conteo_rapido.ndjson,neutral,0.7023824453353882
"Es candidato de los sureños, al igual que Belmont ellos están fuertes en el Verdadero Perú qué es, el Sur.",7157822473613624325,cristhiantorres1910,0,7628126311220069127,7628016166480481556,7628020243126158087,7.628020243126158e+18,True,neutral,conteo_rapido.ndjson,positive,0.5331898331642151
Claro es fraude como todos los canales lo ocultaban xq tenía gente en el sur,7445459261864117254,silvana.roque84,0,7628058912767443719,7628016166480481556,7628020243126158087,7.628020243126158e+18,True,neutral,conteo_rapido.ndjson,negative,0.4705536961555481
"no es raro , la gente de la sierra es mayoría de ahí son sus votos para ese señor",7146981674752181254,iamstar_3007,0,7628057679478833938,7628016166480481556,7628020243126158087,7.628020243126158e+18,True,neutral,conteo_rapido.ndjson,negative,0.6434231400489807
vota por el,7019684136634369029,deishlimpe,0,7628054108378612487,7628016166480481556,7628020243126158087,7.628020243126158e+18,True,neutral,conteo_rapido.ndjson,positive,0.44436073303222656
[Sticker] la mayoría del sur somos,7252359907864757253,gnsssouth,0,7628048173464437511,7628016166480481556,7628020243126158087,7.628020243126158e+18,True,neutral,conteo_rapido.ndjson,neutral,0.5520776510238647
Entonces no viste el debate 😂,6865870062190199810,lorenat.4,0,7628044115175015176,7628016166480481556,7628020243126158087,7.628020243126158e+18,True,neutral,conteo_rapido.ndjson,negative,0.5053612589836121
recuerden que tenemos costa sierra y selva pues sorpresa 🫢 para los que no los conocemos,7380922450467095557,vicky.cordov,0,7628030218880008977,7628016166480481556,7628020243126158087,7.628020243126158e+18,True,neutral,conteo_rapido.ndjson,neutral,0.539877712726593
"aquí en provincia es muy conocido por ser ""un nuevo partido""",6942162547085870086,netty_mar,0,7628027685508449040,7628016166480481556,7628020243126158087,7.628020243126158e+18,True,neutral,conteo_rapido.ndjson,neutral,0.4940335154533386
igualito al tío castillo no se que le pasa a los de la sierra que siempre votan por los del sombrero,7234700931084846086,andreialessandro0,0,7628025329562927893,7628016166480481556,7628020243126158087,7.628020243126158e+18,True,neutral,conteo_rapido.ndjson,negative,0.8431515693664551
igual yo,6865878236753249286,nugari55,0,7628024292227253013,7628016166480481556,7628020243126158087,7.628020243126158e+18,True,neutral,conteo_rapido.ndjson,neutral,0.4578194320201874
x2,6815662118843941894,astrid.olivos06,0,7628022652805563156,7628016166480481556,7628020243126158087,7.628020243126158e+18,True,neutral,conteo_rapido.ndjson,neutral,0.41293761134147644
siii,6761502105724814341,mariafer2618,0,7628021564923937544,7628016166480481556,7628020243126158087,7.628020243126158e+18,True,neutral,conteo_rapido.ndjson,positive,0.5206975340843201
REAL,6931147620308370437,katt_z5,0,7628020818028053266,7628016166480481556,7628020243126158087,7.628020243126158e+18,True,neutral,conteo_rapido.ndjson,neutral,0.47238078713417053
En mi mesa todos eran JP… no hay fraude!,6973109565139846149,cndr0912,0,7628037044333429525,7628016166480481556,7628020243126158087,7.628020243126158e+18,True,neutral,conteo_rapido.ndjson,neutral,0.6844009160995483
el sucesor de lapicito así mismo nos hicieron con castiburro estaba al final y de pronto apareció de la nada,6879057651545900033,janethbueno_larey87,0,7628033229689864978,7628016166480481556,7628020243126158087,7.628020243126158e+18,True,neutral,conteo_rapido.ndjson,neutral,0.8030077219009399
igualito paso con Castillo,6723357974293758981,hazopa,0,7628031688056652564,7628016166480481556,7628020243126158087,7.628020243126158e+18,True,neutral,conteo_rapido.ndjson,positive,0.48458027839660645
es rojazo ese de JP,6937727420566356998,alexluna4347,0,7628028834311455509,7628016166480481556,7628020243126158087,7.628020243126158e+18,True,neutral,conteo_rapido.ndjson,negative,0.7690961360931396
Voto del sur,6801991940403774469,siuolwt91,0,7628027880924562177,7628016166480481556,7628020243126158087,7.628020243126158e+18,True,neutral,conteo_rapido.ndjson,neutral,0.5610637068748474
"Lo mismo paso el 2021
La misma jugada de Piero Corvetto 🙄",7261385374794433541,_jhoy2024,0,7628027354702840594,7628016166480481556,7628020243126158087,7.628020243126158e+18,True,neutral,conteo_rapido.ndjson,neutral,0.7039294242858887
x2😂😂,7111882258428756997,fiorelaaraucanoco,0,7628026341255004946,7628016166480481556,7628020243126158087,7.628020243126158e+18,True,neutral,conteo_rapido.ndjson,neutral,0.41293761134147644
"Lo mismo que paso con Castillo, nadie lo conocía y salio presidente.",6849787426140816390,sheylauculmana,0,7628026173796549396,7628016166480481556,7628020243126158087,7.628020243126158e+18,True,neutral,conteo_rapido.ndjson,neutral,0.6191098690032959
esta perdido nuestro país,6990087462899532805,eviscayocaysure,0,7628024743988544276,7628016166480481556,7628020243126158087,7.628020243126158e+18,True,neutral,conteo_rapido.ndjson,positive,0.4623939096927643
"Se veía venir de lejos, lo malo es que la gente vota por tiktok y no por estrategia politica, se sabía que JP iba a ganar en las provincias del sur",6747427955984761862,ratgymdx,0,7628024422377816852,7628016166480481556,7628020243126158087,7.628020243126158e+18,True,neutral,conteo_rapido.ndjson,negative,0.5046941041946411
rojazi poes mano como sabras,244330321687511040,kjlo000,0,7628024081720623879,7628016166480481556,7628020243126158087,7.628020243126158e+18,True,neutral,conteo_rapido.ndjson,neutral,0.4885082542896271
[Sticker] vamos keiko,7199689699799270405,jessicasadid8,31,7628040807522861825,7628016166480481556,7628037005716505362,7.628037005716506e+18,True,neutral,conteo_rapido.ndjson,positive,0.6167876720428467
[Sticker] Ya,7038427595650892806,grenwich_uwu,3,7628046224483468039,7628016166480481556,7628037005716505362,7.628037005716506e+18,True,neutral,conteo_rapido.ndjson,neutral,0.6825925707817078
"La Fujimori tiene comprados a todos!!
Fraude total, donde se a visto dos dias de votación 🤦‍♀️🤦‍♀️🤦‍♀️",7193728187867481094,yolanbtlgtx,1,7628070017561477895,7628016166480481556,7628037005716505362,7.628037005716506e+18,True,neutral,conteo_rapido.ndjson,negative,0.8842293620109558
Vamos keyko directo a santa Mónica,7569064284883354632,user_21o30,1,7628061194334896917,7628016166480481556,7628037005716505362,7.628037005716506e+18,True,neutral,conteo_rapido.ndjson,positive,0.501072347164154
yo vote por ella cual es tu cau cau,7108444208932209669,milagrospazos01,0,7628393393501635349,7628016166480481556,7628037005716505362,7.628037005716506e+18,True,neutral,conteo_rapido.ndjson,neutral,0.5196161866188049
Por que la gente lo quiere 💪,7263559412512703493,fredy_10086,0,7628354359029465857,7628016166480481556,7628037005716505362,7.628037005716506e+18,True,neutral,conteo_rapido.ndjson,neutral,0.5109055042266846
"eso mismo digo , recapaciten compañeros que no gane el cancer",6865071841750582278,deimercubasjara,0,7628210820728079121,7628016166480481556,7628037005716505362,7.628037005716506e+18,True,neutral,conteo_rapido.ndjson,negative,0.5956363081932068
Porque yo voté por keiko,6913675756603229189,micami89,0,7628091043653157649,7628016166480481556,7628037005716505362,7.628037005716506e+18,True,neutral,conteo_rapido.ndjson,neutral,0.4735521078109741
Obra de las ratas COLUDIDAs,6971149338068337670,dxnnyzr,0,7628089134866924304,7628016166480481556,7628037005716505362,7.628037005716506e+18,True,neutral,conteo_rapido.ndjson,neutral,0.5453760623931885
nose pregúntale a la JNE,6770710736928293894,fcc25i,0,7628088402915296018,7628016166480481556,7628037005716505362,7.628037005716506e+18,True,neutral,conteo_rapido.ndjson,neutral,0.7345634698867798
fraude,7459788660667237381,maximo.segundo85,0,7628080745685582599,7628016166480481556,7628037005716505362,7.628037005716506e+18,True,neutral,conteo_rapido.ndjson,neutral,0.520698070526123
ntp sólo es en Lima,7153463154815042566,0bito.15,0,7628076212417823506,7628016166480481556,7628037005716505362,7.628037005716506e+18,True,neutral,conteo_rapido.ndjson,neutral,0.6094375252723694
es fraude,7008738089418736645,its.rian09,0,7628074459895743252,7628016166480481556,7628037005716505362,7.628037005716506e+18,True,neutral,conteo_rapido.ndjson,negative,0.4404218792915344
[Sticker] ,7151915944700363781,valerayuli2,0,7628073898283123477,7628016166480481556,7628037005716505362,7.628037005716506e+18,True,neutral,conteo_rapido.ndjson,neutral,0.6364834308624268
"Ya se venía venir, fraude para kk",7035261822593041413,hebertchavezcarri,0,7628070729472738055,7628016166480481556,7628037005716505362,7.628037005716506e+18,True,neutral,conteo_rapido.ndjson,negative,0.8366472125053406
esooo me pregunto,6840858098304599046,mariyen.06,0,7628064329867690773,7628016166480481556,7628037005716505362,7.628037005716506e+18,True,neutral,conteo_rapido.ndjson,negative,0.4979248046875
,6810538906455671814,angelacamporodriguez,0,7628062535626965780,7628016166480481556,7628037005716505362,7.628037005716506e+18,True,neutral,conteo_rapido.ndjson,positive,0.4405459463596344
la prensa lo puso,7591601444294362130,user4516549178143,0,7628058932297351954,7628016166480481556,7628037005716505362,7.628037005716506e+18,True,neutral,conteo_rapido.ndjson,negative,0.48845773935317993
hay gente lacra aún,7524046290213389320,pedro.amador.cuba,0,7628058562489172757,7628016166480481556,7628037005716505362,7.628037005716506e+18,True,neutral,conteo_rapido.ndjson,negative,0.968794584274292
[Sticker] ,7424902705397449734,lujansio1,0,7628058355370803976,7628016166480481556,7628037005716505362,7.628037005716506e+18,True,neutral,conteo_rapido.ndjson,neutral,0.6364834308624268
Ni yo me explico csm,6808556938893575173,jhondiazl,0,7628056740684710676,7628016166480481556,7628037005716505362,7.628037005716506e+18,True,neutral,conteo_rapido.ndjson,negative,0.6122815608978271
"El voto duro de los departamentos con más habitantes , es fácil usar el cerebro",6911457147369194502,soy.milthon.oficial,0,7628055750053528338,7628016166480481556,7628037005716505362,7.628037005716506e+18,True,neutral,conteo_rapido.ndjson,neutral,0.5084545016288757
[Sticker] ,6911457147369194502,soy.milthon.oficial,0,7628055586244461319,7628016166480481556,7628037005716505362,7.628037005716506e+18,True,neutral,conteo_rapido.ndjson,neutral,0.6364834308624268
fraude y mafia,7066989013719532549,yeqadistaislam,0,7628052759590191880,7628016166480481556,7628037005716505362,7.628037005716506e+18,True,neutral,conteo_rapido.ndjson,negative,0.9452621340751648
ganando,7111373193680208901,axael_diff,0,7628047638341255937,7628016166480481556,7628037005716505362,7.628037005716506e+18,True,neutral,conteo_rapido.ndjson,neutral,0.5422407984733582
[Sticker] ,7529740174827144198,rosabelguillen6,0,7628042530206581512,7628016166480481556,7628037005716505362,7.628037005716506e+18,True,neutral,conteo_rapido.ndjson,neutral,0.6364834308624268
la plata y la corrupción es grande en Perú,7484845659373732919,estructuras.soria,2,7628047724802671368,7628016166480481556,7628037005716505362,7.628037005716506e+18,True,neutral,conteo_rapido.ndjson,negative,0.8009092211723328
todo está comprado,7200529845666989062,rehael_ncv,2,7628044986986775312,7628016166480481556,7628037005716505362,7.628037005716506e+18,True,neutral,conteo_rapido.ndjson,negative,0.5947755575180054
La gente que vota por ella la mantiene Ahi .,6836357187242296325,jelsimozombiteflores,2,7628040774274482962,7628016166480481556,7628037005716505362,7.628037005716506e+18,True,neutral,conteo_rapido.ndjson,negative,0.7040061950683594
o es fraude o encuestas truchas,7119594142792238086,checarlitos81,1,7628055284287800082,7628016166480481556,7628037005716505362,7.628037005716506e+18,True,neutral,conteo_rapido.ndjson,negative,0.8951838612556458
debes preocuparte que hace sanchez ahi,7462117597255336961,alikey06,0,7628085004266242836,7628016166480481556,7628037005716505362,7.628037005716506e+18,True,neutral,conteo_rapido.ndjson,neutral,0.5409249067306519
Lima no Perú...,6838989682095113221,titi_sing,0,7628069368631296784,7628016166480481556,7628037005716505362,7.628037005716506e+18,True,neutral,conteo_rapido.ndjson,positive,0.4562269151210785
ganando y ganara con honor y gloria ✌️😎 vamos china,6830498159769256966,afterdark952019,0,7628064947003654932,7628016166480481556,7628037005716505362,7.628037005716506e+18,True,neutral,conteo_rapido.ndjson,positive,0.7608040571212769
Para que veas😁😏,6788691368442102789,rosarous25,0,7628062170189660946,7628016166480481556,7628037005716505362,7.628037005716506e+18,True,neutral,conteo_rapido.ndjson,neutral,0.479705274105072
Hay fraude,7079387587488875526,fiorelafabianrios,0,7628060747628856081,7628016166480481556,7628037005716505362,7.628037005716506e+18,True,neutral,conteo_rapido.ndjson,neutral,0.4079155921936035
"es el partido del lápiz muchos rojos otra vez , es un fraude q va destruir el país",7453220658655970310,omitomi_1,50,7628024519945372432,7628016166480481556,7628023631477703445,7.628023631477704e+18,True,neutral,conteo_rapido.ndjson,negative,0.9466071128845215
es del partido de Pedro Castillo y nos están haciendo la jugada que la anterior elección segunda vuelta la corrupta K y el inteligente de Pedro Castillo y como la gente ya sabe quién es P.C nos queda nada menos que votar por la corrupta,6688509960778056709,vansrous,22,7628026948162634504,7628016166480481556,7628023631477703445,7.628023631477704e+18,True,neutral,conteo_rapido.ndjson,negative,0.8848579525947571
es del Castillo,7263112897172898821,poncea_01,6,7628025568365183764,7628016166480481556,7628023631477703445,7.628023631477704e+18,True,neutral,conteo_rapido.ndjson,neutral,0.45044711232185364
"Quieren hacer lo mismo que castillo , no caigannnn!!!!!! No se dejen llevar solo porque usa un “sombrero”",6782213986446050309,user0008h,4,7628025085455287060,7628016166480481556,7628023631477703445,7.628023631477704e+18,True,neutral,conteo_rapido.ndjson,negative,0.7804841995239258
"se sabía , Sánchez es el candidato de CERRÓN. Se repite la historia.
Balcazar solo es un títere, el que gobierna es CERRÓN.
Responsable Renovación Popular por sacar a Jerí, ahí. se jodió el PERÚ",7239782760885797894,victorhugofelix743,2,7628025806929855249,7628016166480481556,7628023631477703445,7.628023631477704e+18,True,neutral,conteo_rapido.ndjson,negative,0.6047881245613098
como dijeron en otro comentario...quién carajos es?,6799051040857359365,ron2rr,1,7628034828813894408,7628016166480481556,7628023631477703445,7.628023631477704e+18,True,neutral,conteo_rapido.ndjson,neutral,0.5261386632919312
Esta involucrado al terrorismo,6724360971437720582,pukiss_lenaaa,1,7628027313963270933,7628016166480481556,7628023631477703445,7.628023631477704e+18,True,neutral,conteo_rapido.ndjson,negative,0.85812908411026
esto es fraude ya se sabía este hombre Roberto Sánchez es izquierda con toda la izquierda en la onpe ya se veía Dios mío,7338284367666856965,user7488405808229,1,7628026632250655508,7628016166480481556,7628023631477703445,7.628023631477704e+18,True,neutral,conteo_rapido.ndjson,negative,0.8052659630775452
un izquierdista radical,7138138020364469253,rosarodriguez8160,1,7628026488201544456,7628016166480481556,7628023631477703445,7.628023631477704e+18,True,neutral,conteo_rapido.ndjson,positive,0.39836540818214417
son los rogetes,7182702125452329990,yemsyonder,1,7628026210593538823,7628016166480481556,7628023631477703445,7.628023631477704e+18,True,neutral,conteo_rapido.ndjson,neutral,0.4267317056655884
Es un castillo 2,7503364127537710098,patr7930,1,7628026113571652369,7628016166480481556,7628023631477703445,7.628023631477704e+18,True,neutral,conteo_rapido.ndjson,positive,0.639394223690033
uno de la plancha de castillo,7186819996515976198,berthacastrocervantes,1,7628025680643244807,7628016166480481556,7628023631477703445,7.628023631477704e+18,True,neutral,conteo_rapido.ndjson,neutral,0.761175811290741
tmr ni idea 😂😂😂,6850186526022960133,juancarlos.de.la.o,0,7628036184337548049,7628016166480481556,7628023631477703445,7.628023631477704e+18,True,neutral,conteo_rapido.ndjson,negative,0.8962656259536743
"queee??? te sorprende Sánchez en segunda vuelta???!!😂😂 la gente no aprende el sur y zona rural es zurdo,se sabía que Keiko va pasar y cualquiera que pasa con ella gana,ahora tendrán su nuevo presidente zurdo.",7220040446621418502,rofre1119,0,7628030504109966087,7628016166480481556,7628023631477703445,7.628023631477704e+18,True,neutral,conteo_rapido.ndjson,negative,0.8817416429519653
Es de José Pedro Castillo,6875502496584877061,lilymerma3,0,7628030242263106305,7628016166480481556,7628023631477703445,7.628023631477704e+18,True,neutral,conteo_rapido.ndjson,neutral,0.599858820438385
un rojasno,6948211656610874374,ylnd1914,0,7628029569719223061,7628016166480481556,7628023631477703445,7.628023631477704e+18,True,neutral,conteo_rapido.ndjson,negative,0.385362446308136
yo pues,7562993462015591441,franandrecahuapaz,0,7628023941353095956,7628016166480481556,7628023631477703445,7.628023631477704e+18,True,neutral,conteo_rapido.ndjson,neutral,0.5909214019775391
x2,7461947717062984721,kevin.hr64,0,7628025176886002439,7628016166480481556,7628023631477703445,7.628023631477704e+18,True,neutral,conteo_rapido.ndjson,neutral,0.4129377007484436
castillo 2.0,6960468915073090566,dudita240,0,7628024893397435152,7628016166480481556,7628023631477703445,7.628023631477704e+18,True,neutral,conteo_rapido.ndjson,neutral,0.48899051547050476
tú próximo presidente,6530752960907973647,claudiamiaarenas,0,7628024564597228306,7628016166480481556,7628023631477703445,7.628023631477704e+18,True,neutral,conteo_rapido.ndjson,positive,0.4816080629825592
es el nuevo lapiz,7228236428147196934,patriciariba,0,7628069669971657488,7628016166480481556,7628023631477703445,7.628023631477704e+18,True,neutral,conteo_rapido.ndjson,positive,0.46640855073928833
te das cuenta.. el se fue a los lugares lejamos donde otros no.llegaron,6840858098304599046,mariyen.06,0,7628064624143057685,7628016166480481556,7628023631477703445,7.628023631477704e+18,True,neutral,conteo_rapido.ndjson,neutral,0.529181182384491
es él quien cambiará tu Perú,6952952976835396614,chuquizutajherson,0,7628055478022505236,7628016166480481556,7628023631477703445,7.628023631477704e+18,True,neutral,conteo_rapido.ndjson,neutral,0.48305317759513855
castillo,7248823962540819461,gustydavilaig1183,0,7628054380100797200,7628016166480481556,7628023631477703445,7.628023631477704e+18,True,neutral,conteo_rapido.ndjson,neutral,0.5498986840248108
quieres que se joda más el Perú no?,7218046466622948357,gaboto.o.o,58,7628023444550779655,7628016166480481556,7628019430304514834,7.628019430304515e+18,True,neutral,conteo_rapido.ndjson,negative,0.8810684680938721
dime eres de la sierra?,7072440829076669445,rqem18,27,7628024158210753300,7628016166480481556,7628019430304514834,7.628019430304515e+18,True,neutral,conteo_rapido.ndjson,neutral,0.6978304386138916
TE GUSTA LA MISERIA 🫵🏼🤨,6814918827916067845,.andy_ca,14,7628031768939070215,7628016166480481556,7628019430304514834,7.628019430304515e+18,True,neutral,conteo_rapido.ndjson,negative,0.9279652237892151
[Sticker] ,6911048255359124486,mati_aag,4,7628034007485399829,7628016166480481556,7628019430304514834,7.628019430304515e+18,True,neutral,conteo_rapido.ndjson,neutral,0.636483371257782
QUIERES REPETIR LA MISMA HISTORIA PIENSAAAAAA QUIERE SACAR A JULIO VELARDE !! JP NUNCA MÁS !!!..,7114397211937440774,dannita.sm0,1,7628073073590174472,7628016166480481556,7628019430304514834,7.628019430304515e+18,True,neutral,conteo_rapido.ndjson,negative,0.8132181763648987
mucha ignorancia en el sur,7138138020364469253,rosarodriguez8160,1,7628028971117200146,7628016166480481556,7628019430304514834,7.628019430304515e+18,True,neutral,conteo_rapido.ndjson,neutral,0.5512529611587524
ese quiere meterse con papá Velarde BCR 🤌✨.... osea directamente nos iremos al crj 🤣,7198345545849013253,perikachi7,0,7628187447302259476,7628016166480481556,7628019430304514834,7.628019430304515e+18,True,neutral,conteo_rapido.ndjson,negative,0.9652828574180603
[Sticker] ,6646778100238843910,liluvsm,0,7628076890968818450,7628016166480481556,7628019430304514834,7.628019430304515e+18,True,neutral,conteo_rapido.ndjson,neutral,0.636483371257782
[Sticker] ,7341491251428000773,alexander.music09,0,7628063805276324625,7628016166480481556,7628019430304514834,7.628019430304515e+18,True,neutral,conteo_rapido.ndjson,neutral,0.636483371257782
ES UN ROJO RADICAL,6910284811324228613,vanessasanchezflores,0,7628051387800896264,7628016166480481556,7628019430304514834,7.628019430304515e+18,True,neutral,conteo_rapido.ndjson,positive,0.849239706993103
ojala,6962629595619492870,valesk989,0,7628048081719984913,7628016166480481556,7628019430304514834,7.628019430304515e+18,True,neutral,conteo_rapido.ndjson,neutral,0.5652465224266052
Fuera ROJETE,6957729639629358086,fatimawitch,0,7628044122079626002,7628016166480481556,7628019430304514834,7.628019430304515e+18,True,neutral,conteo_rapido.ndjson,negative,0.9191642999649048
El lo quiere botar a julio,7605793457249027092,noooooo.com3,1,7628025394453922567,7628016166480481556,7628019430304514834,7.628019430304515e+18,True,neutral,conteo_rapido.ndjson,positive,0.5601078271865845
"si,y con eso ya deja de ser una opción",7141931410852103173,..alejandr,0,7628029821923017490,7628016166480481556,7628019430304514834,7.628019430304515e+18,True,neutral,conteo_rapido.ndjson,negative,0.5217013359069824
,6872927097964381189,patynsc35,0,7628342844369175317,7628016166480481556,7628019430304514834,7.628019430304515e+18,True,neutral,conteo_rapido.ndjson,positive,0.4405459761619568
todo menos JP,7233161110735422469,daniel.christian193,0,7628069849213813520,7628016166480481556,7628019430304514834,7.628019430304515e+18,True,neutral,conteo_rapido.ndjson,positive,0.48024073243141174
Roberto Sánchez. está más con todo el Perú kiel lo escogió a keiko,7427428409809208325,jhon.quispe285,0,7628051367315424020,7628016166480481556,7628019430304514834,7.628019430304515e+18,True,neutral,conteo_rapido.ndjson,negative,0.606745183467865
está demente este no reconoce a Venezuela como dictadura y quiere sacar a julio velarde,6779234870314615813,rosaesmeraldafv,0,7628046707892716296,7628016166480481556,7628019430304514834,7.628019430304515e+18,True,neutral,conteo_rapido.ndjson,negative,0.8326624631881714
déjame adivinar ¿¿Puno??,7061393642031891462,rodolfom2011,0,7628044706961982216,7628016166480481556,7628019430304514834,7.628019430304515e+18,True,neutral,conteo_rapido.ndjson,neutral,0.6477833390235901
Eres del sur verdad?,6890389748198720517,nzxs_827,0,7628037093213815573,7628016166480481556,7628019430304514834,7.628019430304515e+18,True,neutral,conteo_rapido.ndjson,neutral,0.43930771946907043
😂😂,6808703537674748933,jheisoncorreamanc,0,7628032793285296916,7628016166480481556,7628019430304514834,7.628019430304515e+18,True,neutral,conteo_rapido.ndjson,neutral,0.5979584455490112
por esas cosas nuestro país esta esta ...crj,6956783893882815494,ibelna1_,5,7628026327073096468,7628016166480481556,7628021457155310354,7.628021457155311e+18,True,neutral,conteo_rapido.ndjson,negative,0.7744255661964417
Ese voto perdido beneficia a Keiko,7156684068155278342,ed.mb.05,93,7628024218517750536,7628016166480481556,7628021457155310354,7.628021457155311e+18,True,neutral,conteo_rapido.ndjson,neutral,0.507545530796051
muy bien eso se quiere,7505762855058670647,leo_giamchang,9,7628024462704739092,7628016166480481556,7628021457155310354,7.628021457155311e+18,True,neutral,conteo_rapido.ndjson,positive,0.7819845676422119
calla Gilberto,7596903259584545812,five13054,2,7628025323745280776,7628016166480481556,7628021457155310354,7.628021457155311e+18,True,neutral,conteo_rapido.ndjson,negative,0.5220993161201477
[Sticker] ,6986417521977476101,.nclsv_v,1,7628035852052251412,7628016166480481556,7628021457155310354,7.628021457155311e+18,True,neutral,conteo_rapido.ndjson,neutral,0.636483371257782
q sano,7432457667790783495,.alo.mc,0,7628042897237558034,7628016166480481556,7628021457155310354,7.628021457155311e+18,True,neutral,conteo_rapido.ndjson,neutral,0.5618849992752075
[Sticker] ,7517078063373616133,angely.s81,0,7628031432971092757,7628016166480481556,7628021457155310354,7.628021457155311e+18,True,neutral,conteo_rapido.ndjson,neutral,0.636483371257782
"estamos mal si KEIKO y PORKY no pasan a segunda vuelta, estamos jodidos 🥹😭",7579830022383780872,user2011387431140,0,7628025115787232001,7628016166480481556,7628021457155310354,7.628021457155311e+18,True,neutral,conteo_rapido.ndjson,negative,0.87656170129776
xDDD,6966808287840912390,brianzt97,0,7628025919371264788,7628016166480481556,7628021457155310354,7.628021457155311e+18,True,neutral,conteo_rapido.ndjson,negative,0.554675281047821
No pasa nada,6907424722980897798,www.tiktokbiancaparedes,2,7628026871805772552,7628016166480481556,7628024823856038674,7.628024823856039e+18,True,neutral,conteo_rapido.ndjson,positive,0.46086493134498596
fácil con el va quedar segunda vuelta,6791633807264236550,lizarzosa,2,7628026984392655624,7628016166480481556,7628024823856038674,7.628024823856039e+18,True,neutral,conteo_rapido.ndjson,neutral,0.5923566818237305
no tires maldiciones aún así se repite derecha primero después izquierda,6999825051092943878,oreocom0,0,7628028168205271828,7628016166480481556,7628024823856038674,7.628024823856039e+18,True,neutral,conteo_rapido.ndjson,neutral,0.6258887052536011
en las zonas de mineria ilegal,6837871509726397446,lizziju,0,7628058677018739463,7628016166480481556,7628024823856038674,7.628024823856039e+18,True,neutral,conteo_rapido.ndjson,neutral,0.7023863196372986
"claro es fuerte, ellos siempre votan por sus terrucos izquierdistas. Por eso están fregados en provincia y quieren fregar a todo un país por su ignorancia.",6910284811324228613,vanessasanchezflores,0,7628052213793014535,7628016166480481556,7628024823856038674,7.628024823856039e+18,True,neutral,conteo_rapido.ndjson,negative,0.5736715197563171
En sierra,7453794923483431941,lister4577,0,7628041776725263124,7628016166480481556,7628024823856038674,7.628024823856039e+18,True,neutral,conteo_rapido.ndjson,neutral,0.5357311964035034
exactamente la gente no entiende Venezuela está saliendo de la izquierda y mi peru no puede caer en eso porfavor,6814652690020271110,juliana2026s0,0,7628031148840682258,7628016166480481556,7628024823856038674,7.628024823856039e+18,True,neutral,conteo_rapido.ndjson,negative,0.691961944103241
es Pedro castillo 2.0,6884993918398006278,roao101,9,7628026290420286215,7628016166480481556,7628024823856038674,7.628024823856039e+18,True,neutral,conteo_rapido.ndjson,neutral,0.46253108978271484
"si, pero Sánchez es peor",6868774237022405633,aleespinoza013,0,7628028532800094997,7628016166480481556,7628024823856038674,7.628024823856039e+18,True,neutral,conteo_rapido.ndjson,neutral,0.5570127964019775
en todo el sur,6810919500944622597,jhonatancg07,0,7628027323959722773,7628016166480481556,7628024823856038674,7.628024823856039e+18,True,neutral,conteo_rapido.ndjson,neutral,0.5206789970397949
Rural,6637298546923241477,jaenze,0,7628026936326062868,7628016166480481556,7628024823856038674,7.628024823856039e+18,True,neutral,conteo_rapido.ndjson,neutral,0.5293751358985901
tienes razón,7480748252746695735,rusia.81,0,7628026516311589653,7628016166480481556,7628024823856038674,7.628024823856039e+18,True,neutral,conteo_rapido.ndjson,positive,0.5225280523300171
Esta medio raro eso la verdad,7452523417888359430,laminasdelmal1,17,7628022559769953044,7628016166480481556,7628021420056445714,7.628021420056446e+18,True,neutral,conteo_rapido.ndjson,negative,0.6926854848861694
Estan dentro del margen de error .,7165693617847387142,jackroy247,3,7628023745151615764,7628016166480481556,7628021420056445714,7.628021420056446e+18,True,neutral,conteo_rapido.ndjson,negative,0.5633437633514404
Roberto Sánchez de JP ni siquiera aparece en el flash del otro canal,7261385374794433541,_jhoy2024,11,7628025073668375303,7628016166480481556,7628021420056445714,7.628021420056446e+18,True,neutral,conteo_rapido.ndjson,neutral,0.5816988348960876
[Sticker] yo quería votar por ti,7121008927600919557,silvnapineda,1,7628024149005845266,7628016166480481556,7628021420056445714,7.628021420056446e+18,True,neutral,conteo_rapido.ndjson,neutral,0.6139517426490784
XDDD JSJDJDJSJS,7204244833405617158,shuumatseroo,0,7628032352543408916,7628016166480481556,7628021420056445714,7.628021420056446e+18,True,neutral,conteo_rapido.ndjson,negative,0.5183488726615906
No está entre los 3 primeros,7261385374794433541,_jhoy2024,2,7628034963971359506,7628016166480481556,7628021420056445714,7.628021420056446e+18,True,neutral,conteo_rapido.ndjson,neutral,0.5834149718284607
ojalá algún día no te arrepientas .,6897387835520615429,gabbymesia,21,7628023547008500496,7628016166480481556,7628021782017442568,7.628021782017443e+18,True,neutral,conteo_rapido.ndjson,neutral,0.5192256569862366
[Sticker] ,7201215353036129286,nicol31ta,10,7628023709202416404,7628016166480481556,7628021782017442568,7.628021782017443e+18,True,neutral,conteo_rapido.ndjson,neutral,0.636483371257782
usa el cerebro,6777125171227051014,polumpio.o,1,7628023860512080660,7628016166480481556,7628021782017442568,7.628021782017443e+18,True,neutral,conteo_rapido.ndjson,negative,0.3903290033340454
Luego no chilles como Pt diciendo que no paran la delincuencia va aumentar más,7100039587687465990,jhoanasto,0,7628033172034372372,7628016166480481556,7628021782017442568,7.628021782017443e+18,True,neutral,conteo_rapido.ndjson,negative,0.9098522067070007
qe te kche p,7047944329348465669,tmxesssssss,0,7628032395580769044,7628016166480481556,7628021782017442568,7.628021782017443e+18,True,neutral,conteo_rapido.ndjson,negative,0.8444535136222839
q te kche keiko,6916472344396301317,emerson95.6,0,7628030592517063442,7628016166480481556,7628021782017442568,7.628021782017443e+18,True,neutral,conteo_rapido.ndjson,negative,0.9533199071884155
[Sticker] ,6659839909141282821,edvxz.88,0,7628030375096714005,7628016166480481556,7628021782017442568,7.628021782017443e+18,True,neutral,conteo_rapido.ndjson,neutral,0.636483371257782
ponte a leer,6797897296547972102,lucia34256,0,7628029736782988052,7628016166480481556,7628021782017442568,7.628021782017443e+18,True,neutral,conteo_rapido.ndjson,positive,0.4141848683357239
[Sticker] ,7613979849051423761,sucasaensucasita,0,7628027202916287253,7628016166480481556,7628021782017442568,7.628021782017443e+18,True,neutral,conteo_rapido.ndjson,neutral,0.636483371257782
ojalá haga magia por el Perú,6853802399590794245,esht30_,0,7628026284513379090,7628016166480481556,7628021782017442568,7.628021782017443e+18,True,neutral,conteo_rapido.ndjson,neutral,0.4959966540336609
[Sticker] ,7265333655823729670,thiagojsaavedra,0,7628026168427856648,7628016166480481556,7628021782017442568,7.628021782017443e+18,True,neutral,conteo_rapido.ndjson,neutral,0.636483371257782
de tu casa!,7101072798769169413,wma_30.89,0,7628025542146851585,7628016166480481556,7628021782017442568,7.628021782017443e+18,True,neutral,conteo_rapido.ndjson,neutral,0.5099737644195557
[Sticker] @,6997197782391342085,charlote_1825,0,7628025373637575442,7628016166480481556,7628021782017442568,7.628021782017443e+18,True,neutral,conteo_rapido.ndjson,neutral,0.6643826961517334
agggg,6886177168465773574,elizabeth_castillo.m,0,7628024977049387784,7628016166480481556,7628021782017442568,7.628021782017443e+18,True,neutral,conteo_rapido.ndjson,negative,0.8322182893753052
de mi wbo,6984291539547636742,fkqnwz,0,7628024160489259796,7628016166480481556,7628021782017442568,7.628021782017443e+18,True,neutral,conteo_rapido.ndjson,negative,0.5332997441291809
[Sticker] ,6843910243312239621,miguelandodiaz_,0,7628023911258686224,7628016166480481556,7628021782017442568,7.628021782017443e+18,True,neutral,conteo_rapido.ndjson,neutral,0.636483371257782
te apoyo,6967533637827593221,melizaluna4,0,7628023725430522631,7628016166480481556,7628021782017442568,7.628021782017443e+18,True,neutral,conteo_rapido.ndjson,positive,0.501042366027832
🧠 toma se te callo,7494857579672552454,robing364,0,7628023466972971783,7628016166480481556,7628021782017442568,7.628021782017443e+18,True,neutral,conteo_rapido.ndjson,neutral,0.5238699913024902
de tu casaa,6910328706502329350,icedtte,0,7628023119222964993,7628016166480481556,7628021782017442568,7.628021782017443e+18,True,neutral,conteo_rapido.ndjson,positive,0.4919472634792328
abre tus ojos señorita,263512311225565184,yeseoficial9,0,7628028316717597456,7628016166480481556,7628021782017442568,7.628021782017443e+18,True,neutral,conteo_rapido.ndjson,positive,0.4981839656829834
que??,7467357479631045638,lindaxcourt,11,7628017383621903125,7628016166480481556,7628016723690357526,7.628016723690358e+18,True,neutral,conteo_rapido.ndjson,neutral,0.46674877405166626
ojalá no,6982092507744470022,bal.111,9,7628022415729459988,7628016166480481556,7628016723690357526,7.628016723690358e+18,True,neutral,conteo_rapido.ndjson,neutral,0.4719902276992798
"Ojalá si, si no es JP o Keiko",6938604519018251270,2801katt2,0,7628063027728302866,7628016166480481556,7628016723690357526,7.628016723690358e+18,True,neutral,conteo_rapido.ndjson,neutral,0.7159203290939331
Fuera oe ctm,6979345398508192774,24yantan,5,7628022291209274130,7628016166480481556,7628016723690357526,7.628016723690358e+18,True,neutral,conteo_rapido.ndjson,negative,0.9393149018287659
[Sticker] ,7129936930368226310,donasss27,4,7628022416090317576,7628016166480481556,7628016723690357526,7.628016723690358e+18,True,neutral,conteo_rapido.ndjson,neutral,0.636483371257782
hay no,6885506617262261254,bl_manwha22,2,7628026809233982229,7628016166480481556,7628016723690357526,7.628016723690358e+18,True,neutral,conteo_rapido.ndjson,neutral,0.4666637182235718
ya no le alcanza,6815450100567933957,rodrigossv,1,7628037409762935559,7628016166480481556,7628016723690357526,7.628016723690358e+18,True,neutral,conteo_rapido.ndjson,negative,0.8390090465545654
Siiiiiiii💚💚💚,6630298368834994182,mila_aroni,0,7628041791505335060,7628016166480481556,7628016723690357526,7.628016723690358e+18,True,neutral,conteo_rapido.ndjson,positive,0.7579204440116882
El que dijo que le dira a los rateros que no roben porque el no roba? El quierea que sea presidente?,6815347119568045061,carlitos123juanca,5,7628018967698047752,7628016166480481556,7628016723690357526,7.628016723690358e+18,True,neutral,conteo_rapido.ndjson,negative,0.8049196004867554
es en serio? 🙄,6806758939369063430,rous_pedraza,4,7628059684151132946,7628016166480481556,7628054954083894037,7.628054954083894e+18,True,neutral,conteo_rapido.ndjson,neutral,0.6202288866043091
Quieres q entre porky?,6855465713899144197,angp066,0,7628061141782086421,7628016166480481556,7628054954083894037,7.628054954083894e+18,True,neutral,conteo_rapido.ndjson,neutral,0.6984613537788391
exacto,7490755610267649031,yazmin_mode007,2,7628056717252100884,7628016166480481556,7628054954083894037,7.628054954083894e+18,True,neutral,conteo_rapido.ndjson,neutral,0.4985613524913788
,7523022232868684806,jorgel754,1,7628072585560965895,7628016166480481556,7628054954083894037,7.628054954083894e+18,True,neutral,conteo_rapido.ndjson,positive,0.44054603576660156
[Sticker] ,7312698017844642822,jajf0,1,7628064581982290706,7628016166480481556,7628054954083894037,7.628054954083894e+18,True,neutral,conteo_rapido.ndjson,neutral,0.6364834308624268
Nieto esta mas cerca,6837871509726397446,lizziju,0,7628258887628276488,7628016166480481556,7628054954083894037,7.628054954083894e+18,True,neutral,conteo_rapido.ndjson,neutral,0.4846556484699249
Hoy todo somo keiko,7527801626321732626,denis1992zambrano,0,7628246420026868501,7628016166480481556,7628054954083894037,7.628054954083894e+18,True,neutral,conteo_rapido.ndjson,positive,0.4988090693950653
hay que hacerlo viral,6886171259870594053,yussely.arias,1,7628087332541678354,7628016166480481556,7628054954083894037,7.628054954083894e+18,True,neutral,conteo_rapido.ndjson,positive,0.5564867258071899
noo x el abuelito,7275952693598766085,roberpuentedelave,1,7628062179430581010,7628016166480481556,7628054954083894037,7.628054954083894e+18,True,neutral,conteo_rapido.ndjson,negative,0.39728930592536926
Los q faltan no es nada para definir,6787447158494528518,mixie17,0,7628098054482674453,7628016166480481556,7628054954083894037,7.628054954083894e+18,True,neutral,conteo_rapido.ndjson,negative,0.4877929091453552
Ampliaron para los k no votaron hoy,6845275014209324038,angelavillarrealgil,0,7628064355644408597,7628016166480481556,7628054954083894037,7.628054954083894e+18,True,neutral,conteo_rapido.ndjson,neutral,0.562075138092041
"ya sabes, el bueno termina en los ultimos puestos por la falta de Educación en nuestro pais, votan por los mas corruptos 🙄",7565184199889404936,lyn.lyn.meza,26,7628021926140592916,7628016166480481556,7628020271313027858,7.628020271313028e+18,True,neutral,conteo_rapido.ndjson,negative,0.9067896008491516
se sabia q no iba a salir mejor Nieto,6837871509726397446,lizziju,0,7628058826005086994,7628016166480481556,7628020271313027858,7.628020271313028e+18,True,neutral,conteo_rapido.ndjson,neutral,0.6481656432151794
era buena opción pero solo se quemo cuando metió a montoya,6819953571128656901,duendywen2508,8,7628021498137953045,7628016166480481556,7628020271313027858,7.628020271313028e+18,True,neutral,conteo_rapido.ndjson,neutral,0.7719981670379639
"pero solo se podía elegir a el , más no elegir a Montoya",7142343987968656389,sch1152,4,7628022416089924360,7628016166480481556,7628020271313027858,7.628020271313028e+18,True,neutral,conteo_rapido.ndjson,neutral,0.7055953145027161
"No es eso
El chiste es que lo primero que la gente escucho de Espa es que defendía a Montoya y lo tenía como senador
Espa estaba condenado al fracaso antes de que empezarán los debates",7004658891120509958,markador_08,0,7628050691131998997,7628016166480481556,7628020271313027858,7.628020271313028e+18,True,neutral,conteo_rapido.ndjson,neutral,0.6490994095802307
"Se sabía que el ni Marisol pasaban la valla, pero terca la gente, tantos votos desperdiciados beneficiando únicamente a la Sra. K",6812040072831255558,89ania,0,7628032432482255634,7628016166480481556,7628020271313027858,7.628020271313028e+18,True,neutral,conteo_rapido.ndjson,negative,0.9173742532730103
No era popular (ni un partido popular por ser nuevo) entre los señores demás de 40 años y gente de la sierra esa es la única explicación,6960418796804768773,jeanpllca,0,7628025859586360072,7628016166480481556,7628020271313027858,7.628020271313028e+18,True,neutral,conteo_rapido.ndjson,neutral,0.6539783477783203
"No te pases p, con montoya?",6968385797524685829,marytacabrera20,0,7628047431075660564,7628016166480481556,7628020271313027858,7.628020271313028e+18,True,neutral,conteo_rapido.ndjson,negative,0.7378446459770203
"Las votaciónes se ampliaron hasta mañana para aquellos que no votaron, la JNE ya dio el anuncio esta es nuestra oportunidad para remontar. Así que, por favor, no dividan sus votos. NIETO ya esta en tercero de la valla, voten con todo por él, animen a sus amigos, a sus familiares. Difundan, que el Perú puede ser mejor si nosotros nos unimos por un buen gobierno. 🌞🌞🌞🌞🌞",7010125282712962053,swetswet_1,0,7628042319967666951,7628016166480481556,7628020271313027858,7.628020271313028e+18,True,neutral,conteo_rapido.ndjson,neutral,0.5684149265289307
"En Perú mientras más corrupto seas más votan por ti, ojalá algún día aprendamos🫤",7284632559425668128,naomiromero._,0,7628027493149573910,7628016166480481556,7628020271313027858,7.628020271313028e+18,True,neutral,conteo_rapido.ndjson,negative,0.8429919481277466
la gente creo que se acostumbro vivir en la m,6816092793720161285,snaijderykeren10,0,7628022266648134417,7628016166480481556,7628020271313027858,7.628020271313028e+18,True,neutral,conteo_rapido.ndjson,negative,0.9080336093902588
así estoy yo 😢 porque tengo una hija y no sé sabe que pasará con el país 😔,7539370601519072277,rubinavarro.01,5,7628022451079316244,7628016166480481556,7628017007749317396,7.628017007749318e+18,True,neutral,conteo_rapido.ndjson,negative,0.5721740126609802
Y me termine peleando con mi papá 😭,6865322485711356929,valconemociones,3,7628021858051064596,7628016166480481556,7628017007749317396,7.628017007749318e+18,True,neutral,conteo_rapido.ndjson,neutral,0.6274523735046387
X2,6874789183606948869,rodrinao,0,7628017802277094164,7628016166480481556,7628017007749317396,7.628017007749318e+18,True,neutral,conteo_rapido.ndjson,neutral,0.41293784976005554
X2,7078558958365557766,grethel1706,0,7628024457101394689,7628016166480481556,7628017007749317396,7.628017007749318e+18,True,neutral,conteo_rapido.ndjson,neutral,0.41293784976005554
"no entiendo porque la gente es asi, por que no se informan, da pena nuestro pais.",6821521786632815622,yuli_cita.1,8,7628018394206339860,7628016166480481556,7628017007749317396,7.628017007749318e+18,True,neutral,conteo_rapido.ndjson,negative,0.9654974937438965
Con estos resultados de 60 senadores que vamos a tener 22 serán de Fuerza Popular y de 130 diputados 41 serán de Fuerza popular. ¿Realmente no entendemos qué nos hacen daño?,262287625972297729,elenamonth,1,7628056730161234709,7628016166480481556,7628017007749317396,7.628017007749318e+18,True,neutral,conteo_rapido.ndjson,negative,0.9169946312904358
te comprendo esa Keiko en todas las encuestas verdaderas estaba abajo,6872101597511091201,mystery.369,2,7628024187449590546,7628016166480481556,7628017007749317396,7.628017007749318e+18,True,neutral,conteo_rapido.ndjson,negative,0.4524323046207428
X2 también siento mucha impotencia al ver como la gente apoya a estos corruptos 🥺,6748903800121869318,melizapc,0,7628038228680033031,7628016166480481556,7628017007749317396,7.628017007749318e+18,True,neutral,conteo_rapido.ndjson,negative,0.95168137550354
😞😞😞,7125950825541010438,monicasaraza8,0,7628023466076717844,7628016166480481556,7628017007749317396,7.628017007749318e+18,True,neutral,conteo_rapido.ndjson,neutral,0.5979586839675903
,7275791637509948421,_tayggosale_,16,7628027341172310791,7628016166480481556,7628026234283524880,7.628026234283525e+18,True,neutral,conteo_rapido.ndjson,positive,0.44054603576660156
si vete pero a la rctmr,7511886465892123656,romel.mendoza523,5,7628035356398895890,7628016166480481556,7628026234283524880,7.628026234283525e+18,True,neutral,conteo_rapido.ndjson,negative,0.9670671224594116
[Sticker] ,6832358332255994886,dgry_11,3,7628027225737052949,7628016166480481556,7628026234283524880,7.628026234283525e+18,True,neutral,conteo_rapido.ndjson,neutral,0.6364833116531372
tu quieres ver jodido el Perú verdad,7560537585253237772,brayan.novito,0,7628037222784877333,7628016166480481556,7628026234283524880,7.628026234283525e+18,True,neutral,conteo_rapido.ndjson,neutral,0.7315657734870911
sueñen,7602778434506327060,machete9787,0,7628033945171591954,7628016166480481556,7628026234283524880,7.628026234283525e+18,True,neutral,conteo_rapido.ndjson,neutral,0.3950638771057129
,6810930537482667014,sunshine17emr,0,7628029029831951112,7628016166480481556,7628026234283524880,7.628026234283525e+18,True,neutral,conteo_rapido.ndjson,positive,0.44054603576660156
[Sticker] ,7030156141908755462,sknorwi_,0,7628027598794375956,7628016166480481556,7628026234283524880,7.628026234283525e+18,True,neutral,conteo_rapido.ndjson,neutral,0.6364833116531372
[Sticker] ,6891236683435852806,fernan_cito00,0,7628027360793903892,7628016166480481556,7628026234283524880,7.628026234283525e+18,True,neutral,conteo_rapido.ndjson,neutral,0.6364833116531372
[Sticker] ,6883275471703147525,ughhandromeda,0,7628026530771501844,7628016166480481556,7628026234283524880,7.628026234283525e+18,True,neutral,conteo_rapido.ndjson,neutral,0.6364833116531372
Carajoooo era Nieto 🥺😭😭😭😭😭,6812734590664049669,choque00001,233,7628022557450715912,7628016166480481556,0,,False,neutral,conteo_rapido.ndjson,positive,0.48245832324028015
"Decepcionado, Habiendo varios candidatos buenos, como van votar por keiko y Roberto Sánchez.",7091832850916639750,garcia_t7,106,7628032105411052295,7628016166480481556,0,,False,neutral,conteo_rapido.ndjson,negative,0.6447955965995789
quien es Roberto Sánchez?,6840380622580007941,hisoiali,11,7628023670103327504,7628016166480481556,0,,False,neutral,conteo_rapido.ndjson,neutral,0.6890406012535095
y mi presi acuña donde esta no lo veo ??😳,6558235225888374785,danielmorcc,10,7628019465880060679,7628016166480481556,0,,False,neutral,conteo_rapido.ndjson,neutral,0.5493773221969604
vamos carajo si se puede Keiko presidenta 🧡🧡🧡🧡,6906114706571117574,juanamarceloperez,35,7628023647392137991,7628016166480481556,0,,False,neutral,conteo_rapido.ndjson,positive,0.8217010498046875
"Pero si recién estan terminando de votar, como sacan esa información",6802236947014255622,cesarbsn,59,7628018510379680520,7628016166480481556,0,,False,neutral,conteo_rapido.ndjson,negative,0.7033274173736572
vamos keiko 💪💪,7111716826946569221,noelianuez21,30,7628032649555510023,7628016166480481556,0,,False,neutral,conteo_rapido.ndjson,positive,0.6962167620658875
Roberto sanchez presidente,7515529939233784837,bettopalma7,71,7628020224302269192,7628016166480481556,0,,False,neutral,conteo_rapido.ndjson,positive,0.5724311470985413
no está mi Carlos Spa 😭,6941842798527267845,chispa_dulce,5,7628023075020325650,7628016166480481556,0,,False,neutral,conteo_rapido.ndjson,neutral,0.402321994304657
KEIKO en serio otra vez ?????,7035775970700592134,chaskakilla,36,7628036465184817927,7628016166480481556,0,,False,neutral,conteo_rapido.ndjson,negative,0.6407099366188049
"no puede ser,no me la creo",7446821593600312326,pyukqua,157,7628018910844699400,7628016166480481556,0,,False,neutral,conteo_rapido.ndjson,negative,0.7910481691360474
estos 5 años no han servido de nada gente? que paso ☹️😣🥹🥺,7017756165678777350,aceniaburgos,122,7628018545159504648,7628016166480481556,0,,False,neutral,conteo_rapido.ndjson,negative,0.928949773311615
Lo mismo que con Castillo 🥲,6963743102843012101,maryanet.rs,15,7628033542861882130,7628016166480481556,0,,False,neutral,conteo_rapido.ndjson,neutral,0.6146597266197205
vamos keiko,6760529535743771653,v.nattier,11,7628025169738810120,7628016166480481556,0,,False,neutral,conteo_rapido.ndjson,positive,0.6336120367050171
yo vote por JP,7347882200002413573,gatoloco523,16,7628027807247762184,7628016166480481556,0,,False,neutral,conteo_rapido.ndjson,positive,0.5901734232902527
es de ipsos cuando la onpe publique los votos reales ahí es otra cosa,6982984443154547717,sejosseg,40,7628017246895424274,7628016166480481556,0,,False,neutral,conteo_rapido.ndjson,neutral,0.7585927248001099
Vamos keiko,7071968373101773829,wilmervillanueva1408,27,7628025828933370632,7628016166480481556,0,,False,neutral,conteo_rapido.ndjson,positive,0.6336120367050171
Estamos contigo Keiko Sofia 🧡🧡🧡,6937700397554861061,jhon_cantaro,21,7628035672024515336,7628016166480481556,0,,False,neutral,conteo_rapido.ndjson,positive,0.6681557893753052
este es un chiste verdad. que pena mi Perú,7342141144435196934,carlonchorm.7,53,7628025391832662804,7628016166480481556,0,,False,neutral,conteo_rapido.ndjson,negative,0.8567681908607483
Ptmr tiene que ganar Jorge nieto,6951835740775613445,crissale_16,49,7628031875391472391,7628016166480481556,0,,False,neutral,conteo_rapido.ndjson,positive,0.7479056119918823
"Voto desperdiciado, beneficia a los de arriba",6948836912464069638,gessyimport,29,7628027778748023560,7628016166480481556,7628027232082346770,7.628027232082347e+18,True,neutral,conteo_rapido.ndjson,neutral,0.6427201628684998
voto perdido es para la sra k,7388250342055134213,noheliaroxana1,10,7628027956087423762,7628016166480481556,7628027232082346770,7.628027232082347e+18,True,neutral,conteo_rapido.ndjson,negative,0.6240315437316895
tu voto se fue a la señora K xd,7133490082221704198,kryslvbill,10,7628028516001628936,7628016166480481556,7628027232082346770,7.628027232082347e+18,True,neutral,conteo_rapido.ndjson,negative,0.8704308867454529
tu voto fue para la k quieras o no es bueno saber de poltica,6960292524175557637,flaquiz65,1,7628042695978418962,7628016166480481556,7628027232082346770,7.628027232082347e+18,True,neutral,conteo_rapido.ndjson,neutral,0.6653538346290588
tu voto ya fue,6840168912925033477,ivitcita,1,7628036376592548629,7628016166480481556,7628027232082346770,7.628027232082347e+18,True,neutral,conteo_rapido.ndjson,negative,0.6835430860519409
"Mejor hubiera sido Rafael López aliaga , que la izquierda no llegue al poder tampoco la señora K",7153255690277356550,thiaguin_777,1,7628028508900098817,7628016166480481556,7628027232082346770,7.628027232082347e+18,True,neutral,conteo_rapido.ndjson,neutral,0.5923656225204468
si Rafael es lo mismo que keiko,7097389171484902405,roxaem7,1,7628033224158200592,7628016166480481556,7628027232082346770,7.628027232082347e+18,True,neutral,conteo_rapido.ndjson,negative,0.6093157529830933
[Sticker] Gracias te dice la sra K!!,6812040072831255558,89ania,1,7628031940083925767,7628016166480481556,7628027232082346770,7.628027232082347e+18,True,neutral,conteo_rapido.ndjson,positive,0.4161609709262848
Da igual ahora la cosa que no gane para nada a Sánchez sino el dólar costará 9 soles y estaremos como Venezuela,6827138953830712325,alexis16r50,0,7628034543422325525,7628016166480481556,7628027232082346770,7.628027232082347e+18,True,neutral,conteo_rapido.ndjson,neutral,0.61515212059021
"pudo haber sido para subir a nieto, lo único que quedaba ahora era votar estratégico",7213710548385596422,hola358_,0,7628030659634152193,7628016166480481556,7628027232082346770,7.628027232082347e+18,True,neutral,conteo_rapido.ndjson,neutral,0.7878744602203369
acaaaa 😂,212604130832576512,.m040720,25,7628017083867366151,7628016166480481556,7628016745886876417,7.628016745886877e+18,True,neutral,conteo_rapido.ndjson,positive,0.6038309335708618
jajajja que buena,7011976844979487749,c.rafaelmanosalva,0,7628339581365207824,7628016166480481556,7628016745886876417,7.628016745886877e+18,True,neutral,conteo_rapido.ndjson,positive,0.8185434937477112
igual no va ganar,7326697567176147974,kevinore70,7,7628017235105252097,7628016166480481556,7628016745886876417,7.628016745886877e+18,True,neutral,conteo_rapido.ndjson,negative,0.3894529938697815
[Sticker] ,6896266052583572482,frijolus_24,1,7628019331906421524,7628016166480481556,7628016745886876417,7.628016745886877e+18,True,neutral,conteo_rapido.ndjson,neutral,0.6364834308624268
Presente 😂,7465352429380109317,soleda.lavado,0,7628719171064988436,7628016166480481556,7628016745886876417,7.628016745886877e+18,True,neutral,conteo_rapido.ndjson,neutral,0.5440285801887512
en tu casa jjajajaj,7044280040909030405,yohannylilianacor5,0,7628022776124900116,7628016166480481556,7628016745886876417,7.628016745886877e+18,True,neutral,conteo_rapido.ndjson,neutral,0.5856446623802185
aquí está colgado 🤣🤣,7011595687821657093,zammtaiperoman,0,7628018115926377234,7628016166480481556,7628016745886876417,7.628016745886877e+18,True,neutral,conteo_rapido.ndjson,neutral,0.5323127508163452
"aca abajo esta, mira",7538607842262713345,soloskip25,0,7628017830169068304,7628016166480481556,7628016745886876417,7.628016745886877e+18,True,neutral,conteo_rapido.ndjson,neutral,0.5296064615249634
En mi gampi,7057872633848693765,userl9uka0ca0y,0,7628017648231547669,7628016166480481556,7628016745886876417,7.628016745886877e+18,True,neutral,conteo_rapido.ndjson,positive,0.6541711688041687
Vamosss keykoooooo💖,7575573910444704780,maryyv822,0,7628017555713786632,7628016166480481556,7628016745886876417,7.628016745886877e+18,True,neutral,conteo_rapido.ndjson,positive,0.6164535284042358
Acá 💩,7020836540302066693,mishaurbina89,0,7628017274473235207,7628016166480481556,7628016745886876417,7.628016745886877e+18,True,neutral,conteo_rapido.ndjson,neutral,0.5613593459129333
EL COLMOOOO COMO PUEDEN SEGUIR VOTANDO POR ESA MUJER??,7180937630783226886,peruanita21_,5,7628017034152723208,7628016166480481556,7628016745886876417,7.628016745886877e+18,True,neutral,conteo_rapido.ndjson,negative,0.9811993837356567
en la carcel,7128072203732993030,fxxxp_yantx,0,7628021663199871751,7628016166480481556,7628016745886876417,7.628016745886877e+18,True,neutral,conteo_rapido.ndjson,negative,0.5993467569351196
[Sticker] ,7268910880810370094,john.bermeo1,0,7628020877493682957,7628016166480481556,7628016745886876417,7.628016745886877e+18,True,neutral,conteo_rapido.ndjson,neutral,0.6364834308624268
no existe pero claro como eso solo es boca de urna...,6966652485357749253,angel200381,0,7628018547315229458,7628016166480481556,7628016745886876417,7.628016745886877e+18,True,neutral,conteo_rapido.ndjson,negative,0.6985413432121277
Liderando el congreso...por eso estamos como estamos...no hay peor ciego que el que no quiere ver,6817596216534303749,gabrialva,0,7628017826846393109,7628016166480481556,7628016745886876417,7.628016745886877e+18,True,neutral,conteo_rapido.ndjson,negative,0.9161877036094666
aca,7595771550474142728,xvv_v..v,0,7628017669757420295,7628016166480481556,7628016745886876417,7.628016745886877e+18,True,neutral,conteo_rapido.ndjson,neutral,0.5441043376922607
🫏🫏🫏🫏,7555605745195811848,alexxxxxxxj1,0,7628017781732573973,7628016166480481556,7628016745886876417,7.628016745886877e+18,True,neutral,conteo_rapido.ndjson,neutral,0.5979585647583008
Igual voté por spa pero si van a segunda vuelta ahi voto por keiko si o si,6810452962089370629,..lucy_n,6,7628073914534789896,7628016166480481556,7628064005181801217,7.628064005181801e+18,True,neutral,conteo_rapido.ndjson,neutral,0.5666564702987671
asi es. yo no voté x ella pero toca votar por keiko por el otro Jamás,7308769211365508102,elenaespinoza444,2,7628071564487525128,7628016166480481556,7628064005181801217,7.628064005181801e+18,True,neutral,conteo_rapido.ndjson,neutral,0.44395631551742554
esa es su idea de keiko ganar pero hay q esperar ojala q jp baje y suba otro,7596508460150227989,kelly.melany5,0,7628227641593594640,7628016166480481556,7628064005181801217,7.628064005181801e+18,True,neutral,conteo_rapido.ndjson,neutral,0.5599870085716248
exacto no queremos que arruine el pais un rojo 🔴,6978201859538469893,aromas_aldieg,1,7628080757022245653,7628016166480481556,7628064005181801217,7.628064005181801e+18,True,neutral,conteo_rapido.ndjson,neutral,0.49619388580322266
lo mismo va ser 🤣🤣 par d gatos más no hace la diferencia... si Roberto pasa a segunda vuelta arrazara con keiko😌,6977187167671944198,lionelmaldonado48,1,7628072089308791559,7628016166480481556,7628064005181801217,7.628064005181801e+18,True,neutral,conteo_rapido.ndjson,negative,0.844817042350769
piensa amigo,7358277198028456966,francito185,0,7628069696269370128,7628016166480481556,7628064005181801217,7.628064005181801e+18,True,neutral,conteo_rapido.ndjson,neutral,0.5371898412704468
ya pensó,7321476373094188037,1nvdjn,0,7628077246704255761,7628016166480481556,7628064005181801217,7.628064005181801e+18,True,neutral,conteo_rapido.ndjson,neutral,0.4342874586582184
Keiko nuncA mas,7226069974899770374,77_16j,0,7628403312870130449,7628016166480481556,7628064005181801217,7.628064005181801e+18,True,neutral,conteo_rapido.ndjson,negative,0.654575526714325
No importa tu voto el. Sur lo eligira,6982364892297511941,victorhsc777,0,7628084818823840528,7628016166480481556,7628064005181801217,7.628064005181801e+18,True,neutral,conteo_rapido.ndjson,neutral,0.5222048163414001
"espera, aún hay un margen de error de 3%. nada esta dicho en el segundo lugar",7075426597171627013,mitico_store_tacna,13,7628026599007781653,7628016166480481556,7628022557450715912,7.628022557450716e+18,True,neutral,conteo_rapido.ndjson,neutral,0.5488829612731934
tamos fregado ahora sí más peruanos se irán del pais,6939334509108511750,jorgeme48,8,7628026196488651527,7628016166480481556,7628022557450715912,7.628022557450716e+18,True,neutral,conteo_rapido.ndjson,negative,0.8531426787376404
nos dividieron entre belmont y nieto esa fue su estrategia de los mafiosos 😔,263586236030996480,yanderyperezrodri,3,7628032334877983509,7628016166480481556,7628022557450715912,7.628022557450716e+18,True,neutral,conteo_rapido.ndjson,negative,0.7378301620483398
😂😂😂😂😂😂 cómo si lima fuera el Perú,6984588092707521541,di_baquita,0,7628060849030120200,7628016166480481556,7628022557450715912,7.628022557450716e+18,True,neutral,conteo_rapido.ndjson,neutral,0.6582784652709961
"exacto keiko xd, hasta cuando",6803071453040182277,milagritosllanosn,8,7628034119415153415,7628016166480481556,7628032105411052295,7.628032105411053e+18,True,neutral,conteo_rapido.ndjson,negative,0.9303082227706909
hasta que ustedes tengan razón😆 si tanto dicen que gobierna entonces que gobierne de verdad pues 😅😅,6781071902859445254,cali21_dior,2,7628042415904277255,7628016166480481556,7628032105411052295,7.628032105411053e+18,True,neutral,conteo_rapido.ndjson,neutral,0.6253160834312439
"el 🔴 tabien no se salva, gente tonta",6978201859538469893,aromas_aldieg,1,7628080942851064597,7628016166480481556,7628032105411052295,7.628032105411053e+18,True,neutral,conteo_rapido.ndjson,negative,0.5625026226043701
No mami es fraude no se dan cuenta q siempre ponen a keiko con estos tipos por q saben q la gente no queremos a keiko y saben q en segunda votaremos por otro menos por ella pero este tipo no va en serio hay q pensar ya q nos queda,6787447158494528518,mixie17,0,7628097787587199764,7628016166480481556,7628032105411052295,7.628032105411053e+18,True,neutral,conteo_rapido.ndjson,negative,0.6733381152153015
si en varios colegios no se pode votar esto es fraude,7269588812002870277,lucha0003,2,7628035462875693842,7628016166480481556,7628032105411052295,7.628032105411053e+18,True,neutral,conteo_rapido.ndjson,negative,0.7170562744140625
ya se sabe que siempre va a encabezar todo con fraude,7457540520472364038,comercialjomar155,0,7628045619005752082,7628016166480481556,7628032105411052295,7.628032105411053e+18,True,neutral,conteo_rapido.ndjson,negative,0.7705339193344116
es fraude es imposible q ellos estén en primera fila ni a palos caballero salir a las calles xq esto ya paso antes este tipo de fraude,7468546324078904326,edgar_tico,0,7628042113465058065,7628016166480481556,7628032105411052295,7.628032105411053e+18,True,neutral,conteo_rapido.ndjson,negative,0.8734516501426697
tmr si pue es la realidad del cerebro del peruuuuuuu😝😝😫😫😢😢😢😢,7092518769244193798,hc.lyucra,0,7628040175834825489,7628016166480481556,7628032105411052295,7.628032105411053e+18,True,neutral,conteo_rapido.ndjson,negative,0.8368988633155823
X2,6775635698780750854,karen.yanesa,0,7628038251341611797,7628016166480481556,7628032105411052295,7.628032105411053e+18,True,neutral,conteo_rapido.ndjson,neutral,0.4129377007484436
es trafa,7488787223271375888,m.98765432.1,0,7628036325204263700,7628016166480481556,7628032105411052295,7.628032105411053e+18,True,neutral,conteo_rapido.ndjson,neutral,0.5565617084503174
"va pasar lo mismo q paso Cn castillo , q nadie lo conocía y dsps boom !!! apareció en segundo lugar ... lo mismo pasara con ese tal Sánchez..",7038380035580888069,dominicmoises86,9,7628026258848645895,7628016166480481556,7628023670103327504,7.628023670103328e+18,True,neutral,conteo_rapido.ndjson,negative,0.7102465629577637
"Un rojo radical. Amigo de castillo, Antauro y cerrón",7251063834680919045,lplamlps,6,7628025057482834708,7628016166480481556,7628023670103327504,7.628023670103328e+18,True,neutral,conteo_rapido.ndjson,neutral,0.6422808766365051
el que sacara a castillo de la carcel,7007896058069402630,leonardo21_ss,4,7628025292548784917,7628016166480481556,7628023670103327504,7.628023670103328e+18,True,neutral,conteo_rapido.ndjson,neutral,0.628545343875885
La mano derecha de Castillo,7008260992937788422,juancef,2,7628024901287052052,7628016166480481556,7628023670103327504,7.628023670103328e+18,True,neutral,conteo_rapido.ndjson,neutral,0.639051616191864
es su sucesor de castillo,7248823962540819461,gustydavilaig1183,1,7628054774176285441,7628016166480481556,7628023670103327504,7.628023670103328e+18,True,neutral,conteo_rapido.ndjson,neutral,0.6359543204307556
El que se vende como el nuevo castillo,6637298546923241477,jaenze,0,7628027069172138773,7628016166480481556,7628023670103327504,7.628023670103328e+18,True,neutral,conteo_rapido.ndjson,neutral,0.6804162263870239
Está en la cima jajajaja,6798630001522279430,rubencodordova,4,7628022015120147208,7628016166480481556,7628019465880060679,7.628019465880061e+18,True,neutral,conteo_rapido.ndjson,neutral,0.5069959163665771
está en la cima.. está con 23.7%😵‍💫,6821055396578477062,maab6194,1,7628022769771725576,7628016166480481556,7628019465880060679,7.628019465880061e+18,True,neutral,conteo_rapido.ndjson,neutral,0.575646162033081
😂😂😂😂me isiste reir,6995569565217506310,aleebigarcia,0,7628022775928931092,7628016166480481556,7628019465880060679,7.628019465880061e+18,True,neutral,conteo_rapido.ndjson,positive,0.7645626664161682
jajajaja 😂,7196870187902911494,janetquillaferman,0,7628021374389617428,7628016166480481556,7628019465880060679,7.628019465880061e+18,True,neutral,conteo_rapido.ndjson,neutral,0.5485360622406006
[Sticker] ,7367911115647910918,la.habitacin.curi,0,7628020679036093185,7628016166480481556,7628019465880060679,7.628019465880061e+18,True,neutral,conteo_rapido.ndjson,neutral,0.636483371257782
está con sacha,7034744146910168069,xander_16xfv,0,7628021329325720340,7628016166480481556,7628019465880060679,7.628019465880061e+18,True,neutral,conteo_rapido.ndjson,negative,0.41711342334747314
"A el lo pasaron a segunda vuelta directo, ahora solo estámos esperando por quien pasa con él😁😂",7157822473613624325,cristhiantorres1910,1,7628023587304194823,7628016166480481556,7628019465880060679,7.628019465880061e+18,True,neutral,conteo_rapido.ndjson,neutral,0.626282274723053
no paso la valla 🤣,6771156105550054405,luz_dlia_cp,0,7628031390311023380,7628016166480481556,7628019465880060679,7.628019465880061e+18,True,neutral,conteo_rapido.ndjson,neutral,0.7889222502708435
🤣🤣🤣,7292995480089379846,dila_reyes4,1,7628023353417024264,7628016166480481556,7628019465880060679,7.628019465880061e+18,True,neutral,conteo_rapido.ndjson,neutral,0.5979585647583008
ojalá no te arrepientas en el futuro,7082867058383438854,jhosimar156,10,7628025225956311809,7628016166480481556,7628023647392137991,7.628023647392138e+18,True,neutral,conteo_rapido.ndjson,neutral,0.5587673783302307
Keiko al penal,7599005133363872788,julio.cesar.cusih1,3,7628028792716952340,7628016166480481556,7628023647392137991,7.628023647392138e+18,True,neutral,conteo_rapido.ndjson,neutral,0.46067216992378235
es lo mismo que ahora,6781618217061942278,ci_el08,1,7628031362877293333,7628016166480481556,7628023647392137991,7.628023647392138e+18,True,neutral,conteo_rapido.ndjson,neutral,0.5888115167617798
🧠🤬,7541439913717302279,taty31434,0,7628022985463677697,7628016166480481556,7628019465880060679,7.628019465880061e+18,True,neutral,conteo_rapido.ndjson,neutral,0.5979585647583008
😁,6837978332404794374,fastcopy5,0,7628021638773457684,7628016166480481556,7628019465880060679,7.628019465880061e+18,True,neutral,conteo_rapido.ndjson,neutral,0.5979585647583008
en seguendo vuelta ya perdio la perdedora 😅😅😅😅😅,7486927863188538390,ana849397,3,7628032575960941334,7628016166480481556,7628023647392137991,7.628023647392138e+18,True,neutral,conteo_rapido.ndjson,neutral,0.6608938574790955
y qué crees que será la 2da vuelta 🤪🤪,7212839419450049541,huberidme,0,7628033303161144085,7628016166480481556,7628023647392137991,7.628023647392138e+18,True,neutral,conteo_rapido.ndjson,neutral,0.6911088228225708
Agg,6827556020459570182,oihane_29,0,7628027763086443271,7628016166480481556,7628023647392137991,7.628023647392138e+18,True,neutral,conteo_rapido.ndjson,negative,0.8125212788581848
Por la cuarta derrota ?,7619093473350353928,el.dulce854,4,7628034377909584647,7628016166480481556,7628032649555510023,7.62803264955551e+18,True,neutral,conteo_rapido.ndjson,neutral,0.5092121958732605
A santa Mónica,6880096472214619142,yoel_palomino,2,7628035015822263056,7628016166480481556,7628032649555510023,7.62803264955551e+18,True,neutral,conteo_rapido.ndjson,neutral,0.44560572504997253
Los peruanos q votamos x ella .. sabemos pensar aunq nos digan q somos ajjjjj bien keiko,6900213491896353797,melamp27,0,7628049605292360466,7628016166480481556,7628032649555510023,7.62803264955551e+18,True,neutral,conteo_rapido.ndjson,negative,0.6210393905639648
A la cárcel,7274055876096082950,onni_nuna8,2,7628034721180123925,7628016166480481556,7628032649555510023,7.62803264955551e+18,True,neutral,conteo_rapido.ndjson,negative,0.7179219722747803
de aca a dos años te quiero ver diciendo lo mismo🤣,6806698061411894278,xtaling18a,0,7628034043845837585,7628016166480481556,7628032649555510023,7.62803264955551e+18,True,neutral,conteo_rapido.ndjson,neutral,0.5289068222045898
ag,7011311901683483654,jorgelaurentej9,12,7628024193753858832,7628016166480481556,7628020224302269192,7.628020224302269e+18,True,neutral,conteo_rapido.ndjson,neutral,0.5436550378799438
Dios nos libre!!,7473669512820163601,katherine.mussla,5,7628033271414981394,7628016166480481556,7628020224302269192,7.628020224302269e+18,True,neutral,conteo_rapido.ndjson,positive,0.4874691367149353
vamos si se puede,6530752960907973647,claudiamiaarenas,4,7628024939396662034,7628016166480481556,7628020224302269192,7.628020224302269e+18,True,neutral,conteo_rapido.ndjson,positive,0.7930892109870911
no vote por El pero si va a 2da vuelta votare por El 😁,7128551385972376582,combateesbacan,1,7628043487565185793,7628016166480481556,7628020224302269192,7.628020224302269e+18,True,neutral,conteo_rapido.ndjson,neutral,0.5212652087211609
"ahi esta Antauro Humala, ahora que twnemos senadores y diputados , seremos la Izquierda real",6837871509726397446,lizziju,1,7628059516500378376,7628016166480481556,7628020224302269192,7.628020224302269e+18,True,neutral,conteo_rapido.ndjson,neutral,0.665347158908844
especial,7222416797910221829,roiep_,2,7628027713592754945,7628016166480481556,7628020224302269192,7.628020224302269e+18,True,neutral,conteo_rapido.ndjson,positive,0.5144388675689697
"Has hecho voto dividido, triste...",6948836912464069638,gessyimport,4,7628027586895659784,7628016166480481556,7628023075020325650,7.628023075020326e+18,True,neutral,conteo_rapido.ndjson,negative,0.7537893652915955
se fue a keiko,7097389171484902405,roxaem7,2,7628033347121529601,7628016166480481556,7628023075020325650,7.628023075020326e+18,True,neutral,conteo_rapido.ndjson,negative,0.5930458307266235
❤️Si,6836357187242296325,jelsimozombiteflores,3,7628040644847551240,7628016166480481556,7628036465184817927,7.628036465184818e+18,True,neutral,conteo_rapido.ndjson,neutral,0.5183641910552979
😂,7421925836678546438,papitasfritas486,0,7628048014779745025,7628016166480481556,7628036465184817927,7.628036465184818e+18,True,neutral,conteo_rapido.ndjson,neutral,0.5979585647583008
"hay no ahi si voto por Keiko, porque en JP Roberto Sanchez esta Antauro Humala, la gente no piensa",6837871509726397446,lizziju,1,7628059303366181650,7628016166480481556,7628033542861882130,7.628033542861882e+18,True,neutral,conteo_rapido.ndjson,negative,0.7337468862533569
sanchez es peor,7034682868195656709,antonio.mena.nio,1,7628054433867825940,7628016166480481556,7628033542861882130,7.628033542861882e+18,True,neutral,conteo_rapido.ndjson,positive,0.4548514485359192
polarización inminente guerra civil,7483644463547532343,poder_popular1917,1,7628038059146150674,7628016166480481556,7628033542861882130,7.628033542861882e+18,True,neutral,conteo_rapido.ndjson,neutral,0.5249141454696655
[Sticker] ,7622792389019878417,hange9249,1,7628026595526591253,7628016166480481556,7628025169738810120,7.62802516973881e+18,True,neutral,conteo_rapido.ndjson,neutral,0.6364833116531372
ignorante,6840890764524930053,arrozconpollo118,1,7628026406103237394,7628016166480481556,7628025169738810120,7.62802516973881e+18,True,neutral,conteo_rapido.ndjson,neutral,0.46529942750930786
ni en sueños,7599005133363872788,julio.cesar.cusih1,0,7628028543213683477,7628016166480481556,7628025169738810120,7.62802516973881e+18,True,neutral,conteo_rapido.ndjson,negative,0.4712311923503876
Hay no en serio,6787447158494528518,mixie17,0,7628098570994713364,7628016166480481556,7628027807247762184,7.628027807247762e+18,True,neutral,conteo_rapido.ndjson,neutral,0.5799887180328369
Es que eres un capibara 🤣🤣🤣🤣,6797769077685027846,hachiko_l,0,7628033917022798600,7628016166480481556,7628027807247762184,7.628027807247762e+18,True,neutral,conteo_rapido.ndjson,positive,0.8434159159660339
a la mrd pero vayanse,7151940265628288001,jhonatan_gipa29,4,7628026096235365127,7628016166480481556,7628025828933370632,7.628025828933371e+18,True,neutral,conteo_rapido.ndjson,negative,0.9414517283439636
noooo,7609441873228612616,hola.twotime,0,7628026817294877457,7628016166480481556,7628025828933370632,7.628025828933371e+18,True,neutral,conteo_rapido.ndjson,negative,0.49305489659309387
[Sticker] ,7368195581946577925,jiresito.rem,0,7628026729839608583,7628016166480481556,7628025828933370632,7.628025828933371e+18,True,neutral,conteo_rapido.ndjson,neutral,0.636483371257782
[Sticker] ,7265333655823729670,thiagojsaavedra,2,7628026227685131015,7628016166480481556,7628025828933370632,7.628025828933371e+18,True,neutral,conteo_rapido.ndjson,neutral,0.636483371257782
a la esquina keiko,7383546913755481093,tomate.verde25,0,7628026748131820295,7628016166480481556,7628025828933370632,7.628025828933371e+18,True,neutral,conteo_rapido.ndjson,neutral,0.4199448823928833
estamos con ella pa q se vaya a santa Mónica 🖕🖕,7252521943159571462,isabella.g.rivera,1,7628048000409322261,7628016166480481556,7628035672024515336,7.628035672024516e+18,True,neutral,conteo_rapido.ndjson,neutral,0.5150590538978577
Tú estarás,7424900804102718469,anaflavia.v,0,7628072758806627090,7628016166480481556,7628035672024515336,7.628035672024516e+18,True,neutral,conteo_rapido.ndjson,neutral,0.536044716835022
no es el Perú es la corrupción,6694451641288115205,oscarperezcruz,1,7628027880023573269,7628016166480481556,7628025391832662804,7.628025391832663e+18,True,neutral,conteo_rapido.ndjson,negative,0.8512036204338074
Lo mismo opino Keyko otra vez 😏,7414843315398919174,carlagutierrez950,2,7628028795903902485,7628016166480481556,7628025391832662804,7.628025391832663e+18,True,neutral,conteo_rapido.ndjson,neutral,0.6302974820137024
son los votantes!! eligen mal!!,7473669512820163601,katherine.mussla,0,7628032846092288775,7628016166480481556,7628025391832662804,7.628025391832663e+18,True,neutral,conteo_rapido.ndjson,negative,0.9164087772369385
"Keiko , presidente 🧡",6835818198837183494,maguito_0,10,7628054026437100295,7628016166480481556,0,,False,neutral,conteo_rapido.ndjson,positive,0.42422017455101013
"La gente no entiende, estamos cagados",6956226710468494342,moonlianr,77,7628020670781784839,7628016166480481556,0,,False,neutral,conteo_rapido.ndjson,negative,0.9465627074241638
Ni yo sabía quien era Roberto Sánchez,6806637379295446022,delia_1155,10,7628025716331774721,7628016166480481556,0,,False,neutral,conteo_rapido.ndjson,neutral,0.6546021699905396
porque el flash de Latina y America son diferentes?,7318161587549291525,mirella.pandaboo,9,7628027970356167425,7628016166480481556,0,,False,neutral,conteo_rapido.ndjson,neutral,0.5966499447822571
vamos keyko,7460122355127403525,marleneespinoza81,7,7628034250416063252,7628016166480481556,0,,False,neutral,conteo_rapido.ndjson,positive,0.6592957973480225
💚💚💚💚💚💚 Vamos belmont carajo,6905531964666561541,fernandoariaslava,71,7628017951762006804,7628016166480481556,0,,False,neutral,conteo_rapido.ndjson,positive,0.5247584581375122
Keiko presidente ✅️,6876984488413529093,gio.andres3,9,7628022664041693953,7628016166480481556,0,,False,neutral,conteo_rapido.ndjson,positive,0.40650302171707153
Cual es son los resultado real en cada canal son diferentes,7103222567225984006,wicho13208,7,7628060239124824839,7628016166480481556,0,,False,neutral,conteo_rapido.ndjson,neutral,0.7171193957328796
Porque deberíamos creer en esto. y donde está Lopez Chau,7099102199054222342,joelcallanaupapum,15,7628018481628300053,7628016166480481556,0,,False,neutral,conteo_rapido.ndjson,neutral,0.6211432814598083
vamos Keiko 🥰🥰,7018364977899848709,jhojanchup18,10,7628035856510993173,7628016166480481556,0,,False,neutral,conteo_rapido.ndjson,positive,0.6962167024612427
otra vez la misma historia,6796509715238077445,luisalberto9185,28,7628017566480679698,7628016166480481556,0,,False,neutral,conteo_rapido.ndjson,negative,0.8449896574020386
belmot presidente,7616137010092885000,titopimichumo0,36,7628032765585670920,7628016166480481556,0,,False,neutral,conteo_rapido.ndjson,positive,0.545761227607727
No Pue que es eso de JP Tmr la gente no aprende,7512722609214817285,milisalinas2025,21,7628017603700867860,7628016166480481556,0,,False,neutral,conteo_rapido.ndjson,negative,0.9642313122749329
El chiste se cuenta solo!,6817140474194183174,terschy,83,7628016884927169300,7628016166480481556,0,,False,neutral,conteo_rapido.ndjson,negative,0.8786396980285645
CADA CANAL TIENE DIFERENTES RESULTADOS,7502215485640475656,g.xvt24,9,7628043892626375444,7628016166480481556,0,,False,neutral,conteo_rapido.ndjson,neutral,0.7006641030311584
Vamosssss JP 💚💚💚💚💚,6891429193760293894,fati132000,5,7628071342566556436,7628016166480481556,0,,False,neutral,conteo_rapido.ndjson,positive,0.8457981944084167
"me dueles mi Perú , no aprendemos crj ! 😥",6799610562685109254,milagroscontreras214,52,7628020559939175175,7628016166480481556,0,,False,neutral,conteo_rapido.ndjson,negative,0.954866349697113
la gente no entiende,6786778811884160005,alelizacruz,26,7628019459731096337,7628016166480481556,0,,False,neutral,conteo_rapido.ndjson,negative,0.9427853226661682
Ricardo Belmont presidente 🙏🏻,6811983456924189701,leo_king19,35,7628016915500303122,7628016166480481556,0,,False,neutral,conteo_rapido.ndjson,positive,0.6260416507720947
[Sticker] ,6857533978501825542,jasonmyl17,6,7628027187410010900,7628016166480481556,0,,False,neutral,conteo_rapido.ndjson,neutral,0.636483371257782
me preocupa ver que keiko este en primer lugar ..,6695901194340238342,lynx_01.1,5,7628032602520453909,7628016166480481556,7628031875391472391,7.628031875391473e+18,True,neutral,conteo_rapido.ndjson,negative,0.645073413848877
igual talvrs termine siendo vacado ya que keiko de nuevo lidera en el congreso,7596508460150227989,kelly.melany5,1,7628228440336139024,7628016166480481556,7628031875391472391,7.628031875391473e+18,True,neutral,conteo_rapido.ndjson,neutral,0.4887735843658447
[Sticker] ,7076043615314969605,dubidubidabadaba_a,2,7628055456887456532,7628016166480481556,7628054026437100295,7.628054026437101e+18,True,neutral,conteo_rapido.ndjson,neutral,0.6364833116531372
[Sticker] ,6835818198837183494,maguito_0,0,7628055602987926279,7628016166480481556,7628054026437100295,7.628054026437101e+18,True,neutral,conteo_rapido.ndjson,neutral,0.6364833116531372
Yo te viii,7217866506041558021,mgustamiextabienlaextra1,1,7628067629291340565,7628016166480481556,7628054026437100295,7.628054026437101e+18,True,neutral,conteo_rapido.ndjson,positive,0.717619001865387
😂😂😂. 🤡,7524046290213389320,pedro.amador.cuba,0,7628058504678736661,7628016166480481556,7628054026437100295,7.628054026437101e+18,True,neutral,conteo_rapido.ndjson,neutral,0.623161792755127
fraude,7320864222170498054,arturorexzclement,0,7628032889478218513,7628016166480481556,7628034250416063252,7.628034250416063e+18,True,neutral,conteo_rapido.ndjson,neutral,0.520698070526123
SIII VAMOS BELMONT 🗣️🥹💚,6630298368834994182,mila_aroni,0,7628041909953151765,7628016166480481556,7628017951762006804,7.628017951762007e+18,True,neutral,conteo_rapido.ndjson,positive,0.7776123285293579
es la única esperanza 😔😔,7045709686151152646,_briannt,7,7628022184019329809,7628016166480481556,7628017951762006804,7.628017951762007e+18,True,neutral,conteo_rapido.ndjson,positive,0.5129108428955078
Noooo😩,7444215274159588407,saraihe39,0,7628025168509666056,7628016166480481556,7628022664041693953,7.628022664041694e+18,True,neutral,conteo_rapido.ndjson,negative,0.4930548369884491
perderá en segunda vuelta,6867112150202516485,porfyriochchavez,0,7628026104327275284,7628016166480481556,7628022664041693953,7.628022664041694e+18,True,neutral,conteo_rapido.ndjson,neutral,0.621253252029419
ESTO ES FRAUDE EN TODAS LAS ENCUESTAS VERDADERAS KEIKO NO ESTA PRIMERA,6872101597511091201,mystery.369,2,7628024496670376711,7628016166480481556,7628018481628300053,7.6280184816283e+18,True,neutral,conteo_rapido.ndjson,negative,0.7935464382171631
aun no es el conteo oficila,127290771514322944,_fio09oo,0,7628019707833418514,7628016166480481556,7628018481628300053,7.6280184816283e+18,True,neutral,conteo_rapido.ndjson,neutral,0.6341566443443298
con fe q será nuestra presidenta 🧡,7507458446993015813,liz.pame35,0,7628036790364406535,7628016166480481556,7628035856510993173,7.628035856510993e+18,True,neutral,conteo_rapido.ndjson,positive,0.7652471661567688
,7177168127884395526,kirary_cartoon,0,7628040077068223240,7628016166480481556,7628035856510993173,7.628035856510993e+18,True,neutral,conteo_rapido.ndjson,positive,0.44054603576660156
fraude,6796509715238077445,luisalberto9185,0,7628017826875736840,7628016166480481556,7628017566480679698,7.62801756648068e+18,True,neutral,conteo_rapido.ndjson,neutral,0.520698070526123
Ese es el fraude que hizo la ONPE ya verás a las 10 pm lo de siempre,7105322060881200134,doris25w5,0,7628020829628269333,7628016166480481556,7628017603700867860,7.628017603700868e+18,True,neutral,conteo_rapido.ndjson,negative,0.8752672672271729
Roberto Sánchez tiene mayoría en provincia,6688509960778056709,vansrous,14,7628027093805269767,7628016166480481556,0,,False,neutral,conteo_rapido.ndjson,neutral,0.7308406233787537
Vamos Ricardo Belmont,7091299320171807750,juanito.quechua,12,7628035096108679956,7628016166480481556,0,,False,neutral,conteo_rapido.ndjson,positive,0.793316662311554
Keiko tiene la mayoría en el congreso es ahora votar por ella para que cumpla 🧡🧡,7280278675567117317,renzo_2595,11,7628071374410269456,7628016166480481556,0,,False,neutral,conteo_rapido.ndjson,neutral,0.48666873574256897
No aprendemos 😵 k pena 😵‍💫,6915272483037873157,userrosita_roca,10,7628029294271496991,7628016166480481556,0,,False,neutral,conteo_rapido.ndjson,negative,0.9035302400588989
Como dueles Perú 💔,6618950723134996485,valentinaemili1,10,7628017258610082580,7628016166480481556,0,,False,neutral,conteo_rapido.ndjson,negative,0.9128537178039551
"Y quien es Roberto Sanches , hasta ahora me entero que existía el señor Sanches.",7222428336809739269,wilmerquispecarde,6,7628025004558533394,7628016166480481556,0,,False,neutral,conteo_rapido.ndjson,neutral,0.5975003838539124
la gente no entiende tmr,7092138785748878341,sebas.jxcordova,6,7628023315210519303,7628016166480481556,0,,False,neutral,conteo_rapido.ndjson,negative,0.9740645885467529
esto es un insulto!!,6531402943604724736,prideanto1,78,7628017110786278160,7628016166480481556,0,,False,neutral,conteo_rapido.ndjson,negative,0.9386154413223267
Dios mío q le pasa a este pais,7237171044343661574,vanessacarcamo02,38,7628016975180399378,7628016166480481556,0,,False,neutral,conteo_rapido.ndjson,negative,0.9236461520195007
Belmont presidente,7502591151931130935,nathan.hodges4,25,7628018344067564295,7628016166480481556,0,,False,neutral,conteo_rapido.ndjson,positive,0.6744829416275024
Nunca me había interesado la política pero ahora lo estoy sintiendo 😔,7104116444577973254,mr.stech_n1,19,7628021565737272065,7628016166480481556,0,,False,neutral,conteo_rapido.ndjson,neutral,0.4760362505912781
me dueles Perú 😞,7065107850951132165,carlonchitodelcal,11,7628029319977747208,7628016166480481556,0,,False,neutral,conteo_rapido.ndjson,negative,0.9015899896621704
La gente no aprende,7465473240795808773,amaysukiro.rei,10,7628024843614913281,7628016166480481556,0,,False,neutral,conteo_rapido.ndjson,negative,0.9508219957351685
[Sticker] noooooo,7198541533892215813,lpz_318,10,7628017983252726536,7628016166480481556,0,,False,neutral,conteo_rapido.ndjson,neutral,0.48239389061927795
me da pena mi Perú crj,6838188311232971781,indomitablewolfantonior0,9,7628044608903774994,7628016166480481556,0,,False,neutral,conteo_rapido.ndjson,negative,0.9353027939796448
QUIEN CARJS ES KEIKO,7133098839070295046,julioramirez4132,9,7628037784679334672,7628016166480481556,0,,False,neutral,conteo_rapido.ndjson,negative,0.7574472427368164
vamos Belmont 💚💚,7161984140295259142,mely.llano1,8,7628040861554000648,7628016166480481556,0,,False,neutral,conteo_rapido.ndjson,positive,0.7702209949493408
Si se puede Keiko 🧡,6958038183892993029,florcitatacilla,5,7628074989095256850,7628016166480481556,0,,False,neutral,conteo_rapido.ndjson,positive,0.7976277470588684
Roberto Sánchez presidente,6937337995037934597,carlitosmp2022,5,7628060657157882642,7628016166480481556,0,,False,neutral,conteo_rapido.ndjson,positive,0.5724310874938965
Si por q ahí está el fraude y fácil la hacen,6787447158494528518,mixie17,0,7628098658059731732,7628016166480481556,7628027093805269767,7.62802709380527e+18,True,neutral,conteo_rapido.ndjson,negative,0.8079055547714233
obvio,7308769211365508102,elenaespinoza444,0,7628072123425391368,7628016166480481556,7628071374410269456,7.62807137441027e+18,True,neutral,conteo_rapido.ndjson,neutral,0.585662841796875
keikoo,7238626612191069190,milagrosrevilla0619,5,7628034286907032338,7628016166480481556,0,,False,neutral,conteo_rapido.ndjson,negative,0.5260390043258667
"Perú, nunca espero nada de tí, pero aún así me sigues decepcionando :(",6673078799981118470,carlosspari1,5,7628029138394350337,7628016166480481556,0,,False,neutral,conteo_rapido.ndjson,negative,0.8272444605827332
belmont 🥰😉😊,7150146447022720006,lizeth_arleth_12_15_30,5,7628022891073946386,7628016166480481556,0,,False,neutral,conteo_rapido.ndjson,positive,0.5178008079528809
Porfavor seamos conscientes !!!! Jorge nieto es la voz porfavor,6822426249391801349,yarichukis,13,7628022304808125205,7628016166480481556,0,,False,neutral,conteo_rapido.ndjson,positive,0.653474748134613
Roberto Sanchez presidente del perú🇵🇪,7566863571657901057,dianayaninafern18,6,7628039943851639572,7628016166480481556,0,,False,neutral,conteo_rapido.ndjson,neutral,0.4751012325286865
Queeeeeee 😭se va a volver a repetir,7341922383848539142,mitzi.pino,10,7628017824565625607,7628016166480481556,0,,False,neutral,conteo_rapido.ndjson,negative,0.7425259351730347
Keikooooooo,7107240231209108485,liliana.27e,10,7628018132784169750,7628016166480481556,0,,False,neutral,conteo_rapido.ndjson,negative,0.4209540784358978
vamos Keiko presidenta,7529581487038350354,user4343742433112,8,7628033306345587463,7628016166480481556,0,,False,neutral,conteo_rapido.ndjson,positive,0.7345921993255615
Vamos keiko ❤️❤️❤️❤️,6836357187242296325,jelsimozombiteflores,7,7628040824342151943,7628016166480481556,0,,False,neutral,conteo_rapido.ndjson,positive,0.6962167024612427
Vamos Keiko 🧡🧡🧡🧡🧡🧡,6826561744917545990,zucab01,8,7628042143315985172,7628016166480481556,0,,False,neutral,conteo_rapido.ndjson,positive,0.6962167024612427
y donde esta acuña,7048454502744065030,yulios035,1,7628021632238191367,7628016166480481556,0,,False,neutral,conteo_rapido.ndjson,neutral,0.5310104489326477
Keiko presidente,7570436735311791124,perrochino.gamer,3,7628032207344501525,7628016166480481556,0,,False,neutral,conteo_rapido.ndjson,neutral,0.410733163356781
quien es Roberto Sanchez?,6782771231033820165,anifer2605,1,7628043303745504016,7628016166480481556,0,,False,neutral,conteo_rapido.ndjson,neutral,0.68904048204422
esos son los resultado exactos,6879234555058291717,angelito5585,1,7628034484680786689,7628016166480481556,0,,False,neutral,conteo_rapido.ndjson,neutral,0.5440552830696106
vamos Belmont,7436175347030721592,jdjnzbsguk,4,7628034443395433224,7628016166480481556,0,,False,neutral,conteo_rapido.ndjson,positive,0.7611803412437439
Keiko ganará ya dije y punto,7109262029333365765,anapaola02101,1,7628053523003081480,7628016166480481556,0,,False,neutral,conteo_rapido.ndjson,neutral,0.4984518587589264
"Para aquellos que no pudieron emitir su voto el día de hoy, con la mano en el corazón te pido votar por el Partido del Buen Gobierno. No desperdicies tu voto marcando por aquellos candidatos que no tienen la opción de pasar a segunda vuelta. Hay que pensar con cabeza fría, merecemos un gobierno decente.
Un abrazo hermano/a peruano/a 🫂",6962117120884753413,xxrousxx08,4,7628078241773011713,7628016166480481556,0,,False,neutral,conteo_rapido.ndjson,positive,0.4320301413536072
[Sticker] los q faltan botar por Belmont o nieto porfavor,7027577087486821382,katyvillanuevaesc,4,7628055581567370004,7628016166480481556,0,,False,neutral,conteo_rapido.ndjson,neutral,0.7129855155944824
estamos en la misma situación todo se va a mantener mismos congresistas estamos mal no aprendemos creo,7368560203636605957,lizbethmilagrosor,3,7628037035568644872,7628016166480481556,0,,False,neutral,conteo_rapido.ndjson,negative,0.9399202466011047
Viva Keiko 🥰,7030299427668476933,valessita100,2,7628116515238642433,7628016166480481556,0,,False,neutral,conteo_rapido.ndjson,positive,0.5781093835830688
Al ultimo,6783392242747032582,kert824,0,7628027870057808647,7628016166480481556,7628021632238191367,7.628021632238192e+18,True,neutral,conteo_rapido.ndjson,neutral,0.5504732131958008
Roberto Sánchez juntos por el pueblo,7315832290985313288,gabriel.bqq,0,7628026093958431508,7628016166480481556,7628021632238191367,7.628021632238192e+18,True,neutral,conteo_rapido.ndjson,positive,0.6324945688247681
De mi ganpi,6693817507557622789,rhoaiasz,0,7628024949635416853,7628016166480481556,7628021632238191367,7.628021632238192e+18,True,neutral,conteo_rapido.ndjson,neutral,0.5719113945960999
"Como que Roberto Sánchez, xd la gente no aprende",218221721105891328,alexa.m.79,2,7628027713554809607,7628016166480481556,0,,False,neutral,conteo_rapido.ndjson,negative,0.9266447424888611
que estaremos pagando 🫩,7600848766560814097,va.rachel61,2,7628018288652796689,7628016166480481556,0,,False,neutral,conteo_rapido.ndjson,negative,0.8462517857551575
ahora es entre Keiko y uno de izquierda radical,6872927097964381189,patynsc35,1,7628342618283885332,7628016166480481556,0,,False,neutral,conteo_rapido.ndjson,neutral,0.7432413697242737
quien es Roberto Sánchez nunca escuché de el 😢😔,6886177168465773574,elizabeth_castillo.m,0,7628025102629864210,7628016166480481556,0,,False,neutral,conteo_rapido.ndjson,neutral,0.6675819754600525
vamos Keiko,7036469318927074309,erlyrodrigo26,1,7628037907429589767,7628016166480481556,0,,False,neutral,conteo_rapido.ndjson,positive,0.6336122155189514
cómo dueles Perú 😔,6874656935540065282,zxfabri7,4,7628090410720396040,7628016166480481556,0,,False,neutral,conteo_rapido.ndjson,negative,0.9128535985946655
VOTEN POR BELMOONT 💚😭,7342608590640169989,_daniahhh_,4,7628068009844359953,7628016166480481556,0,,False,neutral,conteo_rapido.ndjson,positive,0.5405711531639099
"@Maria Elena Sirlopu: PORFAVOOOOR!!! Los que iban a votar por MARISOL, CHAU y CARLOS SPA…VOTEN POR NIETOOOOOOOOO 😭🥺🥺 los que faltaron votar ! Copia y pega!!!",6765255854742242310,lizyanira28,4,7628061069995426568,7628016166480481556,0,,False,neutral,conteo_rapido.ndjson,neutral,0.6423183083534241
"@Maria Oliva: Los que no votaron, por favor mañana voten por NIETO☀️☀️☀️☀️!!!!",219817313536180224,mariaoliva_7,4,7628057402760217351,7628016166480481556,0,,False,neutral,conteo_rapido.ndjson,neutral,0.6028671264648438
"quien chú es CHANCHEZ, NIETO....",6913594358998533125,juancarlosbaldeonramire2,4,7628044905186018055,7628016166480481556,0,,False,neutral,conteo_rapido.ndjson,negative,0.5587339997291565
Roberto sanchez presidento💪,7410214805645263877,nildacutipaperez,4,7628041330174853908,7628016166480481556,0,,False,neutral,conteo_rapido.ndjson,positive,0.5693941116333008
Vamosssss Sánchez 🥺🥺🥺,7454388156370502661,lovely_mg3,4,7628039491437429505,7628016166480481556,0,,False,neutral,conteo_rapido.ndjson,positive,0.7992841601371765
Roberto sanchez,7590189031931429905,samueljorrge,4,7628033365149139732,7628016166480481556,0,,False,neutral,conteo_rapido.ndjson,neutral,0.4735756814479828
keikoooo❤️,7097208899018818565,lallamapublicidad,4,7628018548254638866,7628016166480481556,0,,False,neutral,conteo_rapido.ndjson,negative,0.43273910880088806
roberto sanchez sera el nuevo presidente,7625067936177505287,yonmer.quispe.lai,3,7628579995745682197,7628016166480481556,0,,False,neutral,conteo_rapido.ndjson,positive,0.5085058212280273
falsoooo segundo puesto es Rafael Aliaga,7138530309792072709,you_doll20,3,7628401103906521877,7628016166480481556,0,,False,neutral,conteo_rapido.ndjson,neutral,0.5310167074203491
"PARA LOS QUE VOTAN MAÑANA: Recuerden, no va pasar Carlos Espa, es buena opción pero no lo hará, Marisol tampoco lo hará, Mesías, muy difícil, los demás, Belmont DESCARTADO pero no podemos dividirnos más. La mejor opción estratégicamente es Jorge Nieto... no lo digo por fanatismo ni camiseta, ni apariencia, es comparación en general, JORGE NIETO VAMOS, por favor los que voten mañana voten a conciencia, son nuestra esperanza ☀️☀️☀️☀️☀️",6745515501143426054,evelynoksana,3,7628092419238216456,7628016166480481556,0,,False,neutral,conteo_rapido.ndjson,neutral,0.574975311756134
en latina estába Roberto Sánchez en segundo puesto y en los otros canales estaba Rafael Lopez osea no pusieron de acuerdo,7134031509720286214,userpsv7ro90qj,3,7628076123470054152,7628016166480481556,0,,False,neutral,conteo_rapido.ndjson,neutral,0.6127554178237915
vamosss!!!! Keikooo!!!🧡🧡🧡🧡,6951832255813141510,marthasandovalzav,3,7628070402817311505,7628016166480481556,0,,False,neutral,conteo_rapido.ndjson,positive,0.7791524529457092
Hay mucha diferencia entre IPSOS y DATUM...,6739215890477679621,vladyramos22,3,7628068139105141522,7628016166480481556,0,,False,neutral,conteo_rapido.ndjson,negative,0.5768511891365051
belmont presidenteee,7412118734658503686,violeta.castaeda2,3,7628041948917580564,7628016166480481556,0,,False,neutral,conteo_rapido.ndjson,positive,0.696225106716156
segunda vuelta. daré mi voto jp,7617259088846373909,user1466242469554,3,7628038634315580181,7628016166480481556,0,,False,neutral,conteo_rapido.ndjson,positive,0.5467464327812195
Belmont,6874789183606948869,rodrinao,3,7628017758710678292,7628016166480481556,0,,False,neutral,conteo_rapido.ndjson,positive,0.4678226411342621
bamos Roberto tu puedes,7310008492243665926,mariadeisisilvaco,2,7628258885300994836,7628016166480481556,0,,False,neutral,conteo_rapido.ndjson,positive,0.907577395439148
Mentira fui miembro de mesa en la UNT y terminamos como a las 2 am y en la mayoría de mesas que ví ganó Nieto,7080748276346274821,hectorsantamaria_,2,7628143826324144903,7628016166480481556,0,,False,neutral,conteo_rapido.ndjson,neutral,0.7560245394706726
Todos a votar por Belmont,7088900167018234885,marcovenegashuayl,2,7628136967687127828,7628016166480481556,0,,False,neutral,conteo_rapido.ndjson,positive,0.6513087749481201
"A los que voten mañana, que sea por Jorge Nieto",7582101112229217291,luiggi011,2,7628113975552770837,7628016166480481556,0,,False,neutral,conteo_rapido.ndjson,neutral,0.7337815165519714
segunda vuelta Roberto zanches y belmont,6816668980662600709,tubarbara,2,7628092716380209928,7628016166480481556,0,,False,neutral,conteo_rapido.ndjson,neutral,0.5243861675262451
Nuevas votaciones,7555726646570550279,abnerx8,2,7628062731719213844,7628016166480481556,0,,False,neutral,conteo_rapido.ndjson,positive,0.571302056312561
Quien es Roberto Sanchez ????😱😨😮😮😮,7038792662904980486,olgaluzchg,2,7628057771204543233,7628016166480481556,0,,False,neutral,conteo_rapido.ndjson,neutral,0.5837334394454956
"Otros canales segundo lugar está porqui, cual es la verdadera",6937482582189016070,wilgamarrave,2,7628057465384502034,7628016166480481556,0,,False,neutral,conteo_rapido.ndjson,neutral,0.7665205001831055
jp vamos,7019684136634369029,deishlimpe,2,7628054187230380808,7628016166480481556,0,,False,neutral,conteo_rapido.ndjson,positive,0.5845241546630859
frsñude,7603894236300280840,sachum23,2,7628039343295218450,7628016166480481556,0,,False,neutral,conteo_rapido.ndjson,negative,0.6371939182281494
Keiko 🥰,7016052425606251525,www.xhxsc,2,7628037460317160212,7628016166480481556,0,,False,neutral,conteo_rapido.ndjson,neutral,0.5675093531608582
Nieto y Chau 🥺🥺🥺 ni modos mi apoyo a JP,6780318020621419525,ygisella.18,2,7628035063993942802,7628016166480481556,0,,False,neutral,conteo_rapido.ndjson,negative,0.49770382046699524
"q tristeza , seguimos igual , nos merecemos estos gobernantes .",7261444647137084422,user4608033027216,2,7628023327014126356,7628016166480481556,0,,False,neutral,conteo_rapido.ndjson,negative,0.8818920254707336
aqui hay algo q no cuadra,7309535532136104965,bsr4474,2,7628018180909253392,7628016166480481556,0,,False,neutral,conteo_rapido.ndjson,negative,0.8635613322257996
[Sticker] ,7329204061591733254,seventeen._123,4,7628016994231894801,7628016166480481556,0,,False,neutral,conteo_rapido.ndjson,neutral,0.636483371257782
[Sticker] 💪💪💪,315778212754731008,irving_le,3,7628063076231824136,7628016166480481556,0,,False,neutral,conteo_rapido.ndjson,neutral,0.636483371257782
[Sticker] ,7620444745655157776,user8135783035034,3,7628028035368207112,7628016166480481556,0,,False,neutral,conteo_rapido.ndjson,neutral,0.636483371257782
vamos Sánchez,6862338968172905477,huarivargas1799,1,7628814302786732808,7628016166480481556,0,,False,neutral,conteo_rapido.ndjson,positive,0.6686239838600159
noooooooooo,7137448551189660678,paola_sharmely,1,7628143730025874184,7628016166480481556,0,,False,neutral,conteo_rapido.ndjson,negative,0.7044570446014404
Aquí los que lloramos con estos resultados del flash.💔🇵🇪,7241749202703270917,datoscongladys,1,7628089635311747860,7628016166480481556,0,,False,neutral,conteo_rapido.ndjson,neutral,0.7443726658821106
vamos keyko,7412820732730901509,romeo.castro.pasa,1,7628078380462129938,7628016166480481556,0,,False,neutral,conteo_rapido.ndjson,positive,0.6592958569526672
keiko sabe que no va ganar su objetivo es llegar ala segunda vuelta,7114466497368048646,quinterioespinoza,1,7628064387881796373,7628016166480481556,0,,False,neutral,conteo_rapido.ndjson,neutral,0.5704634785652161
Ni idea quien será Roberto Sánchez D:,149851389144358912,eriscr,1,7628063960109990674,7628016166480481556,0,,False,neutral,conteo_rapido.ndjson,neutral,0.4672696590423584
Roberto Sánchez presidente 👏👏👏,6975946762139026437,saramp333,1,7628060515323577096,7628016166480481556,0,,False,neutral,conteo_rapido.ndjson,positive,0.5893903374671936
sanchez presidente,7385201867343152133,libanomonerzarate,1,7628055922053137160,7628016166480481556,0,,False,neutral,conteo_rapido.ndjson,neutral,0.46547645330429077
quien es Keiko???😁,7378590789481497606,christian..danie1,1,7628054158025360145,7628016166480481556,0,,False,neutral,conteo_rapido.ndjson,negative,0.6124517917633057
keikooo,203087974752727042,iljuanita,1,7628052852929200917,7628016166480481556,0,,False,neutral,conteo_rapido.ndjson,negative,0.4647977650165558
vamos keiko,7213174355000427526,martha.santamaria8,1,7628052275341558536,7628016166480481556,0,,False,neutral,conteo_rapido.ndjson,positive,0.6336122751235962
Vamos NIETO🌞🌞🌞🌞🌞,7078298898649564165,to.mar.p,1,7628049324027822849,7628016166480481556,0,,False,neutral,conteo_rapido.ndjson,positive,0.5949473977088928
"En America tv el que tiene el segundo Lugar es LOPEZ ALIAGA, Sánchez está 5nto",7429406980211835909,herbertjoseneyr25,1,7628046846572774165,7628016166480481556,0,,False,neutral,conteo_rapido.ndjson,neutral,0.5388234853744507
Roberto Sánchez presidente,7420272272567272454,roy.jaimeoficial2025,1,7628042608112583441,7628016166480481556,0,,False,neutral,conteo_rapido.ndjson,positive,0.5724310278892517
tmr yo esperaba más Jorge nieto,6938578168081449989,yossy_sayd,1,7628042568349565713,7628016166480481556,0,,False,neutral,conteo_rapido.ndjson,negative,0.6253761053085327
latina canal del fraude,7529915912063009799,user8379087019432,1,7628033285255447304,7628016166480481556,0,,False,neutral,conteo_rapido.ndjson,negative,0.6404337286949158
"Solo les pido, que si no van a votar por Marisol, cómo presidenta denle al Oportunidad para los senadores y diputados 😭😭😭💚💙. Primero la gente",7389502900013286406,sisoyooo8,1,7628030068015301383,7628016166480481556,0,,False,neutral,conteo_rapido.ndjson,neutral,0.4930499494075775
nooo Rafael :(,7609441873228612616,hola.twotime,1,7628026906424263440,7628016166480481556,0,,False,neutral,conteo_rapido.ndjson,negative,0.6461485624313354
[Sticker] Ojalá Belmont remonte,7535963713170834453,cora.late,1,7628022842647134997,7628016166480481556,0,,False,neutral,conteo_rapido.ndjson,neutral,0.5888121128082275
Csmr,7066999285464056837,joseburga682,1,7628018718752621328,7628016166480481556,0,,False,neutral,conteo_rapido.ndjson,neutral,0.5004499554634094
sígueme seré el próximo presidente en un futuro,7198723143766459398,_lyrics_felixmer_,1,7628016830342923026,7628016166480481556,0,,False,neutral,conteo_rapido.ndjson,neutral,0.7268162369728088
[Sticker] ,7305880020528989189,friendsjp.10,1,7628029382531433223,7628016166480481556,0,,False,neutral,conteo_rapido.ndjson,neutral,0.636483371257782
jp,6875811442642863105,yakiis238,0,7628609849709904648,7628016166480481556,0,,False,neutral,conteo_rapido.ndjson,neutral,0.4568508267402649
vamos Roberto Sánchez,6913952657200104454,maferalvarez202,0,7628427932197880584,7628016166480481556,0,,False,neutral,conteo_rapido.ndjson,positive,0.765762209892273
jp en la onpe esta 4,6888282543541715974,luisabadlinares,0,7628427286835888914,7628016166480481556,0,,False,neutral,conteo_rapido.ndjson,neutral,0.671309769153595
vamos Roberto Sánchez,7122251166776198149,nelidacarriontorr,0,7628425526731064082,7628016166480481556,0,,False,neutral,conteo_rapido.ndjson,positive,0.765762209892273
Va a pasar de nuevo😞,6567431877778276357,hotc4nc3r,0,7628423091804324629,7628016166480481556,0,,False,neutral,conteo_rapido.ndjson,negative,0.4713433086872101
bamos roberto sanchez,7167130040650990597,elgarhuaman943,0,7628420014081131284,7628016166480481556,0,,False,neutral,conteo_rapido.ndjson,positive,0.8067790865898132
yo vote por otros..!! 🤩🤩,7500654799924806672,juancitho.percial2,0,7628414739475677970,7628016166480481556,0,,False,neutral,conteo_rapido.ndjson,neutral,0.5152609348297119
keiko ya ganó y no es justo q vaya a segunda a vuelta,7464345485081003009,lidia.mercedes56,0,7628410092748538642,7628016166480481556,0,,False,neutral,conteo_rapido.ndjson,neutral,0.4755682945251465
Ricardo Belmont presidente,6892539835589837829,cbj_cristian,0,7628410133056209680,7628016166480481556,0,,False,neutral,conteo_rapido.ndjson,positive,0.6957985758781433
vamos JP,7029391733372994565,milagrosz10,0,7628403572950893320,7628016166480481556,0,,False,neutral,conteo_rapido.ndjson,positive,0.7269667983055115
me sorprende q keiko ste en primer lugar 🤔🤔🤔,7190499163964212230,sandraqf1988,0,7628400006839517972,7628016166480481556,0,,False,neutral,conteo_rapido.ndjson,negative,0.7051351070404053
Es el que hará cosas buenas,7137061352946009094,samiry_candela08,0,7628390415431861009,7628016166480481556,0,,False,neutral,conteo_rapido.ndjson,positive,0.8098982572555542
[Sticker] Vamos JP,7450458153051407366,usuario26086,0,7628389295636431632,7628016166480481556,0,,False,neutral,conteo_rapido.ndjson,positive,0.533277153968811
bamosjppp,7008279685726307333,taniasantesalcedo,0,7628387869421470465,7628016166480481556,0,,False,neutral,conteo_rapido.ndjson,positive,0.4000469148159027
quien es Roberto sanchez,7167108800796083206,silamacedopua,0,7628377889437106962,7628016166480481556,0,,False,neutral,conteo_rapido.ndjson,neutral,0.6294373273849487
idalia roberto es mi papa,7600480867668526100,richitarmacedo,0,7628377715914097424,7628016166480481556,0,,False,neutral,conteo_rapido.ndjson,positive,0.8120958805084229
keiko presidente,7494421055668110379,delia.huizaconsue,0,7628373686244655885,7628016166480481556,0,,False,neutral,conteo_rapido.ndjson,neutral,0.4107336103916168
Q cosa quiso decir con tranquilidad,6856060141130122245,leydiayala73,0,7628346056627733256,7628016166480481556,0,,False,neutral,conteo_rapido.ndjson,neutral,0.581061840057373
pero por qué no son iguales los resultados en todos los canales,6815274775246947334,erika2026._0,0,7628332586767090450,7628016166480481556,0,,False,neutral,conteo_rapido.ndjson,neutral,0.5414667129516602
Nieto 👏👏👏👏,6751146720237323270,bae_bunny,0,7628330526356914957,7628016166480481556,0,,False,neutral,conteo_rapido.ndjson,neutral,0.5690045952796936
casi me lo creo con JP,7481064533144388626,jimenanena123,0,7628330282072245013,7628016166480481556,0,,False,neutral,conteo_rapido.ndjson,neutral,0.577283501625061
prefiero keiko Fujimori qu Jp,6898073209607701509,maribel_polo4567999,0,7628327531548672788,7628016166480481556,0,,False,neutral,conteo_rapido.ndjson,neutral,0.5425149202346802
jp,7260485391823471621,h.jerson.r,0,7628312869678875409,7628016166480481556,0,,False,neutral,conteo_rapido.ndjson,neutral,0.4568508267402649
quien se keiko.,6898839021860406278,squivel.209,0,7628279862612689684,7628016166480481556,0,,False,neutral,conteo_rapido.ndjson,neutral,0.5893651247024536
"este flash fue muy raro, dio que pensar",7217192330633413637,soniacusk,0,7628268240826139400,7628016166480481556,0,,False,neutral,conteo_rapido.ndjson,neutral,0.5295121073722839
y como cuentan rápido los botos,7216044345299649541,henrycarrasco05,0,7628266061650330376,7628016166480481556,0,,False,neutral,conteo_rapido.ndjson,neutral,0.6455254554748535
Vamos keiko,6802056692311360518,tuxinitaporsiempre191190,0,7628263369841394440,7628016166480481556,0,,False,neutral,conteo_rapido.ndjson,positive,0.6336119771003723
"JP
💪💪💪🙏",7577998287221244948,bebesukils,0,7628243443228443412,7628016166480481556,0,,False,neutral,conteo_rapido.ndjson,neutral,0.5448000431060791
"estoy confundida sale Sánchez ,porcki segunda vuelta no hay entiendo",7257162678073476102,camila_vm8,0,7628241460233126676,7628016166480481556,0,,False,neutral,conteo_rapido.ndjson,negative,0.4975000023841858
Belmont presidente 💚💚💚💚,23719483,berlyvillacortagi,0,7628230770809275156,7628016166480481556,0,,False,neutral,conteo_rapido.ndjson,positive,0.6046029925346375
"A LOS QUE LES TOCA VOTAR HOY, POR FAVOR VOTEN POR NIETO , ES LA UNICA SALVACIÓN PARA NO TENER VOTOS PERDIDOS",7012236386741158918,janetgalopinoruiz,0,7628229260919178002,7628016166480481556,0,,False,neutral,conteo_rapido.ndjson,neutral,0.6733439564704895
xqe en otro canal es otra flach,6962577210445464578,lazarocastillolla,0,7628192400574219028,7628016166480481556,0,,False,neutral,conteo_rapido.ndjson,neutral,0.6787974834442139
la gente,7296962251503518752,tu.princesa.rosi,0,7628158506055828246,7628016166480481556,0,,False,neutral,conteo_rapido.ndjson,neutral,0.5467667579650879
JP,6994583086069089285,normangomez10,0,7628121919669797652,7628016166480481556,0,,False,neutral,conteo_rapido.ndjson,neutral,0.4568508267402649
🌞🌞🌞LUNES 13!!!!! 🌞🌞🌞🌞GOBERNAR ES UNIR 🌞🌞🌞🌞🌞🌞🌞🌞🌞🌞🌞🌞🌞🌞🌞🌞🌞🌞🌞🌞🌞🌞🌞🌞🌞🌞🌞JORGE NIETO,7114307226685555717,elver.v..i,0,7628116546787558164,7628016166480481556,0,,False,neutral,conteo_rapido.ndjson,positive,0.6667768955230713
"Por favor ya vi el actualizado y Rafael López de aliaga subió, denle su voto y no lo desperdicien mañana.",7141447137901052934,juanfergonzal,0,7628115185077945095,7628016166480481556,0,,False,neutral,conteo_rapido.ndjson,neutral,0.5735442042350769
"Otra vez lo mismo, keyko a segunda vuelta y otros candidato q nadie conoce.",7222987209409332230,user2745865907219,0,7628107593836004118,7628016166480481556,0,,False,neutral,conteo_rapido.ndjson,neutral,0.5799297094345093
si nadie lo quiero como llega a estar aiii,7304267088842654726,bparral,0,7628103724360565525,7628016166480481556,0,,False,neutral,conteo_rapido.ndjson,positive,0.4868568181991577
alvarez,7034708571561018373,milagrosreyespuic,0,7628101178266321681,7628016166480481556,0,,False,neutral,conteo_rapido.ndjson,neutral,0.4818626344203949
y mi tío acuña dónde está algo no cuadra aqui,6828024799874401285,rjncncervantesmucha,0,7628096501059273490,7628016166480481556,0,,False,neutral,conteo_rapido.ndjson,negative,0.4918838143348694
pero en el canal américa lo pasaron diferente.. López salía segundo y Keiko primer puesto..ya me confunden ya 😳,7329293663220302854,raquelita_fernandez23,0,7628091092403946257,7628016166480481556,0,,False,neutral,conteo_rapido.ndjson,negative,0.6899035573005676
Quien chch es roberto sanchez,6787118201350308869,aledelrosa,0,7628088800212222727,7628016166480481556,0,,False,neutral,conteo_rapido.ndjson,negative,0.8412960767745972
keiko,6941125933224297478,peraltaidrogoseim,0,7628088798588633876,7628016166480481556,0,,False,neutral,conteo_rapido.ndjson,neutral,0.45810630917549133
En canal 4 tienen otro resultado 😳,6886262107059438597,centro.cognitiva,0,7628086241465041682,7628016166480481556,0,,False,neutral,conteo_rapido.ndjson,neutral,0.7504642009735107
tik tok,7280354612120912901,erj670,0,7628084947811681042,7628016166480481556,0,,False,neutral,conteo_rapido.ndjson,neutral,0.3950360119342804
"Que hace esa RCSM de la señora KK primer puesto, tanto gente de mier....da hay que le sigue creyendo en sus mentiras..",7428026052176823302,liamperu,0,7628083304227898120,7628016166480481556,0,,False,neutral,conteo_rapido.ndjson,negative,0.9848877191543579
"Los que aún no votan y pensaban en Marisol, Wolfgang, Spa u otros por favor VOTEN POR NIETO 🌞🙌🏻🥺",7507443226832880657,judith271214,0,7628082826462397205,7628016166480481556,0,,False,neutral,conteo_rapido.ndjson,neutral,0.5607098937034607
,7430323870278435846,vaca5709,0,7628081692981740295,7628016166480481556,0,,False,neutral,conteo_rapido.ndjson,positive,0.4405459463596344
"En segunda vuelta , gana el pueblo",7446321096619852805,asr4183,0,7628081114196296469,7628016166480481556,0,,False,neutral,conteo_rapido.ndjson,positive,0.5114564895629883
JP presidente,6980452733892510726,nemi_vitof,0,7628079757204357906,7628016166480481556,0,,False,neutral,conteo_rapido.ndjson,positive,0.46052300930023193
sospechoso,6533395144857621519,yoklove_10,0,7628079689357820679,7628016166480481556,0,,False,neutral,conteo_rapido.ndjson,negative,0.6961579918861389
cien por ciento Roberto Sánchez,7364518682587087892,cirovasquezruiz,0,7628079025567646482,7628016166480481556,0,,False,neutral,conteo_rapido.ndjson,positive,0.8184784650802612
Plop,6919296463190623237,niamiai,0,7628079189929607954,7628016166480481556,0,,False,neutral,conteo_rapido.ndjson,negative,0.7261520624160767
keyko 💪💪,7291108557620544518,kary.gorety.balua,0,7628078455637279506,7628016166480481556,0,,False,neutral,conteo_rapido.ndjson,neutral,0.5129652619361877
no aprendemos,7176283946614916101,samuelmartelc,0,7628076314457408274,7628016166480481556,0,,False,neutral,conteo_rapido.ndjson,negative,0.7842499613761902
vamos JP carajo,7089859944258782213,brahyan.millan,0,7628075183543370516,7628016166480481556,0,,False,neutral,conteo_rapido.ndjson,positive,0.7795608043670654
🧡🧡KEIKO FUJIMORI PRESIDENTE 🧡🧡,7002231028618167302,raicadanielaarellano,0,7628074277598233366,7628016166480481556,0,,False,neutral,conteo_rapido.ndjson,positive,0.4933130145072937
Seba con belmon,7417972046925857797,manuel.calderon.o0,0,7628073851418870548,7628016166480481556,0,,False,neutral,conteo_rapido.ndjson,positive,0.5753400325775146
Sánchez presidente,7553011125430207509,user4148370684327,0,7628071297679541012,7628016166480481556,0,,False,neutral,conteo_rapido.ndjson,neutral,0.4654768705368042
JP,7363849656361632773,ereni3237,0,7628071458132689672,7628016166480481556,0,,False,neutral,conteo_rapido.ndjson,neutral,0.45685091614723206
Jjajja,7053398119875298305,edsoneleazararias,0,7628070666488644359,7628016166480481556,0,,False,neutral,conteo_rapido.ndjson,neutral,0.4909222722053528
Keiko presidente,6858407325985473541,dorcas.garcia6,0,7628070569996829460,7628016166480481556,0,,False,neutral,conteo_rapido.ndjson,neutral,0.41073331236839294
JP precidente,7440912373815313464,davidvargasbada,0,7628070247765852949,7628016166480481556,0,,False,neutral,conteo_rapido.ndjson,neutral,0.4505492150783539
mentira,6613457664389578758,marciaespinozaave,0,7628070377751216916,7628016166480481556,0,,False,neutral,conteo_rapido.ndjson,negative,0.4921605587005615
vamos keiko 🧡 los que voten mañana sigan votando por la K 🫶🧡,7198216963604104197,melissalizbethmag,0,7628070296431428359,7628016166480481556,0,,False,neutral,conteo_rapido.ndjson,neutral,0.491305947303772
[Sticker] 💚💚💚💚,7342543072800211974,anyeli.xd14,0,7628468992517325588,7628016166480481556,0,,False,neutral,conteo_rapido.ndjson,neutral,0.636483371257782
[Sticker] ,6999883953545069574,pichon494,0,7628217381916361493,7628016166480481556,0,,False,neutral,conteo_rapido.ndjson,neutral,0.636483371257782
[Sticker] 😭😭,6805400669001745414,melabad30,0,7628126163815531272,7628016166480481556,0,,False,neutral,conteo_rapido.ndjson,neutral,0.636483371257782
[Sticker] ,6914136782779991045,mvillafuerte27,0,7628097520879207169,7628016166480481556,0,,False,neutral,conteo_rapido.ndjson,neutral,0.636483371257782
[Sticker] ,7400731404722111494,wilson.alexis.bel,0,7628091307991728917,7628016166480481556,0,,False,neutral,conteo_rapido.ndjson,neutral,0.636483371257782
[Sticker] ,7400731404722111494,wilson.alexis.bel,0,7628091335514391316,7628016166480481556,0,,False,neutral,conteo_rapido.ndjson,neutral,0.6364831328392029
[Sticker] ,7400731404722111494,wilson.alexis.bel,0,7628091277658391317,7628016166480481556,0,,False,neutral,conteo_rapido.ndjson,neutral,0.6364831328392029
[Sticker] ,6909977341553722373,rajel_pt13,0,7628080167945143048,7628016166480481556,0,,False,neutral,conteo_rapido.ndjson,neutral,0.6364831328392029
[Sticker] ,7054320631287022597,anliz144,0,7628073498988839688,7628016166480481556,0,,False,neutral,conteo_rapido.ndjson,neutral,0.6364831328392029
VAMOS KEIKO 🧡🧡🧡,7474994419659113473,sashenka2022,2,7628029119142069013,7628016166480481556,0,,False,neutral,conteo_rapido.ndjson,positive,0.6962167024612427
quien es Roberto Sánchez...,6852858905229460485,ferch_fernando_,2,7628045397054849800,7628016166480481556,0,,False,neutral,conteo_rapido.ndjson,neutral,0.6880109310150146
Keiko presidenta,7122119095341204485,jhonfranktorresch,1,7628023110255739649,7628016166480481556,0,,False,neutral,conteo_rapido.ndjson,positive,0.3831813931465149
keiko,7116159150329201669,pinkupil,2,7628017416501396245,7628016166480481556,0,,False,neutral,conteo_rapido.ndjson,neutral,0.4581066071987152
ya cansa este señor 😑,6770424752538797061,love80_90music,1075,7652788785281450773,7652784565571816725,0,,False,neutral,post_elecciones.ndjson,negative,0.9468388557434082
bien dicho se respeta el voto peruano,7375720081017422854,vidalvidal1251,33,7652790054511035156,7652784565571816725,0,,False,neutral,post_elecciones.ndjson,neutral,0.5895348191261292
señor JP.....perder es de caballero.......no incite a la violencia......ya queremos vivir en paz...........paz hermano...,6991296068672734214,yolanda827s,439,7652798126277526280,7652784565571816725,0,,False,neutral,post_elecciones.ndjson,positive,0.4399840235710144
mañana no tengo tiempo,7445826639197815813,huber3620,265,7652798780082176776,7652784565571816725,0,,False,neutral,post_elecciones.ndjson,negative,0.44884082674980164
La onpe debe declarar ya a la ganadora,6804881741711672325,maisagong,253,7652805619762692881,7652784565571816725,0,,False,neutral,post_elecciones.ndjson,neutral,0.5830445289611816
,6901128973297222662,kellya991,122,7652811789122192146,7652784565571816725,0,,False,neutral,post_elecciones.ndjson,positive,0.44054585695266724
tan difícil es decir ya perdí😁😁😁,6773775262767465477,katesannz,90,7652845968572793618,7652784565571816725,0,,False,neutral,post_elecciones.ndjson,neutral,0.5861602425575256
así será señor presidente Roberto Sánchez,7563521044432290837,elena.fshanchez,9,7652812789308588818,7652784565571816725,0,,False,neutral,post_elecciones.ndjson,positive,0.7379744648933411
Las protestas son constitucionales,6780830531673736198,yohual.2,7,7652792268286264085,7652784565571816725,0,,False,neutral,post_elecciones.ndjson,neutral,0.6431053280830383
"que lo pospongan, por favor, mañana tengo que ir al cine",6890239416242406405,varan313,136,7652827230683677458,7652784565571816725,0,,False,neutral,post_elecciones.ndjson,neutral,0.6048344969749451
Fuerza hermano y que Dios los cuide y ayude.,7055737995429069829,user914225877871,8,7652795078012093205,7652784565571816725,0,,False,neutral,post_elecciones.ndjson,positive,0.8753792643547058
[ステッカー] ROBERTO SÁNCHEZ PRESIDENTE DE MI GAMPI,6826077308223341574,davitfx_,109,7652875654204359425,7652784565571816725,0,,False,neutral,post_elecciones.ndjson,neutral,0.48871704936027527
no dijo que no haría ningún reclamo cualquier equipo que gane ?,6836661387546149893,hixtorixdia_noa,231,7652787103642780433,7652784565571816725,0,,False,neutral,post_elecciones.ndjson,neutral,0.666229248046875
"VAMOS KEIKO🧡🧡🧡 🧡🧡🧡VAMOS KEIKO🧡🧡🧡🧡🧡🧡VAMOS KEIKO🧡🧡🧡🧡🧡🧡VAMOS K🧡🧡🧡VAMOS KEIKO🧡🧡🧡 🧡🧡🧡VAMOS KEIKO🧡🧡🧡🧡🧡🧡VAMOS KEIKO🧡🧡🧡🧡🧡🧡VAMOS K🧡🧡🧡VAMOS KEIKO🧡🧡🧡 🧡🧡🧡VAMOS KEIKO🧡🧡🧡🧡🧡🧡VAMOS KEIKO🧡🧡🧡🧡🧡🧡VAMOS K🧡🧡🧡VAMOS KEIKO🧡🧡🧡 🧡🧡🧡VAMOS KEIKO🧡🧡🧡🧡🧡🧡VAMOS KEIKO🧡🧡🧡VAMOS KEIKO🧡🧡🧡 🧡🧡🧡VAMOS KEIKO🧡🧡🧡🧡🧡🧡VAMOS KEIKO🧡🧡🧡🧡🧡🧡VAMOS K🧡🧡🧡VAMOS KEIKO🧡🧡🧡 🧡🧡🧡VAMOS KEIKO🧡🧡🧡🧡🧡🧡VAMOS KEIKO🧡🧡🧡🧡🧡🧡VAMOS K🧡🧡🧡VAMOS KEIKO🧡🧡🧡 🧡🧡🧡VAMOS KEIKO🧡🧡🧡🧡🧡🧡VAMOS KEIKO🧡🧡🧡🧡🧡🧡VAMOS K🧡🧡🧡VAMOS KEIKO🧡🧡🧡 🧡🧡🧡VAMOS KEIKO🧡🧡🧡🧡🧡🧡VAMOS KEIKO🧡🧡VAMOS KEIKO🧡🧡🧡 🧡🧡🧡VAMOS KEIKO🧡🧡🧡🧡🧡🧡VAMOS KEIKO🧡🧡🧡🧡🧡🧡VAMOS K🧡🧡🧡VAMOS KEIKO🧡🧡🧡 🧡🧡🧡VAMOS KEIKO🧡🧡🧡🧡🧡🧡VAMOS KEIKO🧡🧡🧡🧡🧡🧡VAMOS K🧡🧡🧡VAMOS KEIKO🧡🧡🧡 🧡🧡🧡VAMOS KEIKO🧡🧡🧡🧡🧡🧡VAMOS KEIKO🧡🧡🧡🧡🧡🧡VAMOS K🧡🧡🧡VAMOS KEIKO🧡🧡🧡 🧡🧡🧡VAMOS KEIKO🧡🧡🧡🧡🧡🧡VAMOS KEIKO🧡🧡🧡VAMOS KEIKO🧡🧡🧡 🧡🧡🧡VAMOS KEIKO🧡🧡🧡🧡🧡🧡VAMOS KEIKO🧡🧡🧡🧡🧡🧡VAMOS K🧡🧡🧡VAMOS KEIKO🧡🧡🧡 🧡🧡🧡VAMOS KEIKO🧡🧡🧡🧡🧡🧡VAMOS KEIKO🧡🧡🧡🧡🧡🧡VAMOS K🧡🧡🧡VAMOS KEIKO🧡🧡🧡 🧡🧡🧡VAMOS KEIKO🧡🧡🧡🧡🧡🧡VAMOS KEIKO🧡🧡🧡🧡🧡🧡VAMOS K🧡🧡🧡VAMOS KEIKO🧡🧡🧡 🧡🧡🧡VAMOS KEIKO🧡🧡🧡🧡🧡🧡VAMOS KEIKO🧡🧡🧡VAMOS KEIKO🧡🧡🧡 🧡🧡🧡VAMOS KEIKO🧡🧡🧡🧡🧡🧡VAMOS KEIKO🧡🧡🧡🧡🧡🧡VAMOS K🧡🧡🧡VAMOS KEIKO🧡🧡🧡 🧡🧡🧡VAMOS KEIKO🧡🧡🧡🧡🧡🧡VAMOS KEIKO🧡🧡🧡🧡🧡🧡VAMOS K🧡🧡🧡VAMOS KEIKO🧡🧡🧡 🧡🧡🧡VAMOS KEIKO🧡🧡🧡🧡🧡🧡VAMOS KEIKO🧡🧡🧡🧡🧡🧡VAMOS K🧡🧡🧡VAMOS KEIKO🧡🧡🧡 🧡🧡🧡🧡🧡🧡🧡🧡🧡🧡🧡🧡🧡🧡🧡🧡🧡🧡🧡🧡🧡🧡🧡🧡🧡🧡
:🧡🧡🧡VAMOS KEIKO🧡🧡🧡 🧡🧡🧡VAMOS KEIKO🧡🧡🧡🧡🧡🧡VAMOS KEIKO🧡🧡🧡🧡🧡🧡VAMOS K🧡🧡🧡VAMOS KEIKO🧡🧡🧡 🧡🧡🧡VAMOS KEIKO🧡🧡🧡🧡🧡🧡VAMOS KEIKO🧡🧡🧡🧡🧡🧡VAMOS K🧡🧡🧡VAMOS KEIKO🧡🧡🧡 🧡🧡🧡VAMOS KEIKO🧡🧡🧡🧡🧡🧡VAMOS KEIKO🧡🧡🧡🧡🧡🧡VAMOS K🧡🧡🧡VAMOS KEIKO🧡🧡🧡 🧡🧡🧡VAMOS KEIKO🧡🧡🧡🧡🧡🧡VAMOS KEIKO🧡🧡🧡🧡VAMOS KEIKO🧡🧡🧡 🧡🧡🧡VAMOS KEIKO🧡🧡🧡🧡🧡🧡 KEIKO PRESIDENTA",7207113019951498246,ch15ya15ibra18,10,7652796580676469525,7652784565571816725,0,,False,neutral,post_elecciones.ndjson,neutral,0.4066144824028015
[ステッカー] Del pueblo y para el pueblo❤️,7075482174585865221,rahe0206,137,7652791729758602004,7652784565571816725,0,,False,neutral,post_elecciones.ndjson,neutral,0.5261642336845398
porque no da un paso a lado y acepta de una vez que no ganó,7138999987450545158,cynthitals,94,7652790175521276693,7652784565571816725,0,,False,neutral,post_elecciones.ndjson,negative,0.7926512956619263
[ステッカー] Keiko ganó y punto,7483726476773803013,bencausita,93,7652796187444151056,7652784565571816725,0,,False,neutral,post_elecciones.ndjson,neutral,0.6907504200935364
"🧡VAMOS KEIKO🧡🧡🧡 🧡🧡🧡VAMOS KEIKO🧡🧡🧡🧡🧡🧡VAMOS KEIKO🧡🧡🧡🧡🧡🧡VAMOS K🧡🧡🧡VAMOS KEIKO🧡🧡🧡 🧡🧡🧡VAMOS KEIKO🧡🧡🧡🧡🧡🧡VAMOS KEIKO🧡🧡🧡🧡🧡🧡VAMOS K🧡🧡🧡VAMOS KEIKO🧡🧡🧡 🧡🧡🧡VAMOS KEIKO🧡🧡🧡🧡🧡🧡VAMOS KEIKO🧡🧡🧡🧡🧡🧡VAMOS K🧡🧡🧡VAMOS KEIKO🧡🧡🧡 🧡🧡🧡VAMOS KEIKO🧡🧡🧡🧡🧡🧡VAMOS KEIKO🧡🧡🧡VAMOS KEIKO🧡🧡🧡 🧡🧡🧡VAMOS KEIKO🧡🧡🧡🧡🧡🧡VAMOS KEIKO🧡🧡🧡🧡🧡🧡VAMOS K🧡🧡🧡VAMOS KEIKO🧡🧡🧡 🧡🧡🧡VAMOS KEIKO🧡🧡🧡🧡🧡🧡VAMOS KEIKO🧡🧡🧡🧡🧡🧡VAMOS K🧡🧡🧡VAMOS KEIKO🧡🧡🧡 🧡🧡🧡VAMOS KEIKO🧡🧡🧡🧡🧡🧡VAMOS KEIKO🧡🧡🧡🧡🧡🧡VAMOS K🧡🧡🧡VAMOS KEIKO🧡🧡🧡 🧡🧡🧡VAMOS KEIKO🧡🧡🧡🧡🧡🧡VAMOS KEIKO🧡🧡VAMOS KEIKO🧡🧡🧡 🧡🧡🧡VAMOS KEIKO🧡🧡🧡🧡🧡🧡VAMOS KEIKO🧡🧡🧡🧡🧡🧡VAMOS K🧡🧡🧡VAMOS KEIKO🧡🧡🧡 🧡🧡🧡VAMOS KEIKO🧡🧡🧡🧡🧡🧡VAMOS KEIKO🧡🧡🧡🧡🧡🧡VAMOS K🧡🧡🧡VAMOS KEIKO🧡🧡🧡 🧡🧡🧡VAMOS KEIKO🧡🧡🧡🧡🧡🧡VAMOS KEIKO🧡🧡🧡🧡🧡🧡VAMOS K🧡🧡🧡VAMOS KEIKO🧡🧡🧡 🧡🧡🧡VAMOS KEIKO🧡🧡🧡🧡🧡🧡VAMOS KEIKO🧡🧡🧡VAMOS KEIKO🧡🧡🧡 🧡🧡🧡VAMOS KEIKO🧡🧡🧡🧡🧡🧡VAMOS KEIKO🧡🧡🧡🧡🧡🧡VAMOS K🧡🧡🧡VAMOS KEIKO🧡🧡🧡 🧡🧡🧡VAMOS KEIKO🧡🧡🧡🧡🧡🧡VAMOS KEIKO🧡🧡🧡🧡🧡🧡VAMOS K🧡🧡🧡VAMOS KEIKO🧡🧡🧡 🧡🧡🧡VAMOS KEIKO🧡🧡🧡🧡🧡🧡VAMOS KEIKO🧡🧡🧡🧡🧡🧡VAMOS K🧡🧡🧡VAMOS KEIKO🧡🧡🧡 🧡🧡🧡VAMOS KEIKO🧡🧡🧡🧡🧡🧡VAMOS KEIKO🧡🧡🧡VAMOS KEIKO🧡🧡🧡 🧡🧡🧡VAMOS KEIKO🧡🧡🧡🧡🧡🧡VAMOS KEIKO🧡🧡🧡🧡🧡🧡VAMOS K🧡🧡🧡VAMOS KEIKO🧡🧡🧡 🧡🧡🧡VAMOS KEIKO🧡🧡🧡🧡🧡🧡VAMOS KEIKO🧡🧡🧡🧡🧡🧡VAMOS K🧡🧡🧡VAMOS KEIKO🧡🧡🧡 🧡🧡🧡VAMOS KEIKO🧡🧡🧡🧡🧡🧡VAMOS KEIKO🧡🧡🧡🧡🧡🧡VAMOS K🧡🧡🧡VAMOS KEIKO🧡🧡🧡 🧡🧡🧡🧡🧡🧡🧡🧡🧡🧡🧡🧡🧡🧡🧡🧡🧡🧡🧡🧡🧡🧡🧡🧡🧡🧡
:🧡🧡🧡VAMOS KEIKO🧡🧡🧡 🧡🧡🧡VAMOS KEIKO🧡🧡🧡🧡🧡🧡VAMOS KEIKO🧡🧡🧡🧡🧡🧡VAMOS K🧡🧡🧡VAMOS KEIKO🧡🧡🧡 🧡🧡🧡VAMOS KEIKO🧡🧡🧡🧡🧡🧡VAMOS KEIKO🧡🧡🧡🧡🧡🧡VAMOS K🧡🧡🧡VAMOS KEIKO🧡🧡🧡 🧡🧡🧡VAMOS KEIKO🧡🧡🧡🧡🧡🧡VAMOS KEIKO🧡🧡🧡🧡🧡🧡VAMOS K🧡🧡🧡VAMOS KEIKO🧡🧡🧡 🧡🧡🧡VAMOS KEIKO🧡🧡🧡🧡🧡🧡VAMOS KEIKO🧡🧡🧡🧡VAMOS KEIKO🧡🧡🧡 🧡🧡🧡VAMOS KEIKO🧡🧡🧡🧡🧡🧡 KEIKO PRESIDENTA",267609670037643264,flavioforeverr2026,7,7652910342670353172,7652784565571816725,0,,False,neutral,post_elecciones.ndjson,neutral,0.4066144824028015
"ya aburree
si oh si quiere ganarr",6783795243848057861,carolyn.rm3,75,7652790606524089096,7652784565571816725,0,,False,neutral,post_elecciones.ndjson,neutral,0.45598503947257996
"@🎹𝕱𝖆𝖇𝖎á𝖓 𝖈𝖆𝖒𝖕𝖔𝖘 🎼:@CRISTIAN_A.T: 🧡VAMOS KEIKO🧡🧡🧡 🧡🧡🧡VAMOS KEIKO🧡🧡🧡🧡🧡🧡VAMOS KEIKO🧡🧡🧡🧡🧡🧡VAMOS K🧡🧡🧡VAMOS KEIKO🧡🧡🧡 🧡🧡🧡VAMOS KEIKO🧡🧡🧡🧡🧡🧡VAMOS KEIKO🧡🧡🧡🧡🧡🧡VAMOS K🧡🧡🧡VAMOS KEIKO🧡🧡🧡 🧡🧡🧡VAMOS KEIKO🧡🧡🧡🧡🧡🧡VAMOS KEIKO🧡🧡🧡🧡🧡🧡VAMOS K🧡🧡🧡VAMOS KEIKO🧡🧡🧡 🧡🧡🧡VAMOS KEIKO🧡🧡🧡🧡🧡🧡VAMOS KEIKO🧡🧡🧡VAMOS KEIKO🧡🧡🧡 🧡🧡🧡VAMOS KEIKO🧡🧡🧡🧡🧡🧡VAMOS KEIKO🧡🧡🧡🧡🧡🧡VAMOS K🧡🧡🧡VAMOS KEIKO🧡🧡🧡 🧡🧡🧡VAMOS KEIKO🧡🧡🧡🧡🧡🧡VAMOS KEIKO🧡🧡🧡🧡🧡🧡VAMOS K🧡🧡🧡VAMOS KEIKO🧡🧡🧡 🧡🧡🧡VAMOS KEIKO🧡🧡🧡🧡🧡🧡VAMOS KEIKO🧡🧡🧡🧡🧡🧡VAMOS K🧡🧡🧡VAMOS KEIKO🧡🧡🧡 🧡🧡🧡VAMOS KEIKO🧡🧡🧡🧡🧡🧡VAMOS KEIKO🧡🧡VAMOS KEIKO🧡🧡🧡 🧡🧡🧡VAMOS KEIKO🧡🧡🧡🧡🧡🧡VAMOS KEIKO🧡🧡🧡🧡🧡🧡VAMOS K🧡🧡🧡VAMOS KEIKO🧡🧡🧡 🧡🧡🧡VAMOS KEIKO🧡🧡🧡🧡🧡🧡VAMOS KEIKO🧡🧡🧡🧡🧡🧡VAMOS K🧡🧡🧡VAMOS KEIKO🧡🧡🧡 🧡🧡🧡VAMOS KEIKO🧡🧡🧡🧡🧡🧡VAMOS KEIKO🧡🧡🧡🧡🧡🧡VAMOS K🧡🧡🧡VAMOS KEIKO🧡🧡🧡 🧡🧡🧡VAMOS KEIKO🧡🧡🧡🧡🧡🧡VAMOS KEIKO🧡🧡🧡VAMOS KEIKO🧡🧡🧡 🧡🧡🧡VAMOS KEIKO🧡🧡🧡🧡🧡🧡VAMOS KEIKO🧡🧡🧡🧡🧡🧡VAMOS K🧡🧡🧡VAMOS KEIKO🧡🧡🧡 🧡🧡🧡VAMOS KEIKO🧡🧡🧡🧡🧡🧡VAMOS KEIKO🧡🧡🧡🧡🧡🧡VAMOS K🧡🧡🧡VAMOS KEIKO🧡🧡🧡 🧡🧡🧡VAMOS KEIKO🧡🧡🧡🧡🧡🧡VAMOS KEIKO🧡🧡🧡🧡🧡🧡VAMOS K🧡🧡🧡VAMOS KEIKO🧡🧡🧡 🧡🧡🧡VAMOS KEIKO🧡🧡🧡🧡🧡🧡VAMOS KEIKO🧡🧡🧡VAMOS KEIKO🧡🧡🧡 🧡🧡🧡VAMOS KEIKO🧡🧡🧡🧡🧡🧡VAMOS KEIKO🧡🧡🧡🧡🧡🧡VAMOS K🧡🧡🧡VAMOS KEIKO🧡🧡🧡 🧡🧡🧡VAMOS KEIKO🧡🧡🧡🧡🧡🧡VAMOS KEIKO🧡🧡🧡🧡🧡🧡VAMOS K🧡🧡🧡VAMOS KEIKO🧡🧡🧡 🧡🧡🧡VAMOS KEIKO🧡🧡🧡🧡🧡🧡VAMOS KEIKO🧡🧡🧡🧡🧡🧡VAMOS K🧡🧡🧡VAMOS KEIKO🧡🧡🧡 🧡🧡🧡🧡🧡🧡🧡🧡🧡🧡🧡🧡🧡🧡🧡🧡🧡🧡🧡🧡🧡🧡🧡🧡🧡🧡
:🧡🧡🧡VAMOS KEIKO🧡🧡🧡 🧡🧡🧡VAMOS KEIKO🧡🧡🧡🧡🧡🧡VAMOS KEIKO🧡🧡🧡🧡🧡🧡VAMOS K🧡🧡🧡VAMOS KEIKO🧡🧡🧡 🧡🧡🧡VAMOS KEIKO🧡🧡🧡🧡🧡🧡VAMOS KEIKO🧡🧡🧡🧡🧡🧡VAMOS K🧡🧡🧡VAMOS KEIKO🧡🧡🧡 🧡🧡🧡VAMOS KEIKO🧡🧡🧡🧡🧡🧡VAMOS KEIKO🧡🧡🧡🧡🧡🧡VAMOS K🧡🧡🧡VAMOS KEIKO🧡🧡🧡 🧡🧡🧡VAMOS KEIKO🧡🧡🧡🧡🧡🧡VAMOS KEIKO🧡🧡🧡🧡VAMOS KEIKO🧡🧡🧡 🧡🧡🧡VAMOS KEIKO🧡🧡🧡🧡🧡🧡 KEIKO PRESIDENTA",6543215192308716559,torres_choque,54,7652798938416235285,7652784565571816725,0,,False,neutral,post_elecciones.ndjson,neutral,0.4807026982307434
tu te darías x vencido?,6932247120708977669,cprh4,3,7652794104296637192,7652784565571816725,7652788785281450773,7.652788785281451e+18,True,neutral,post_elecciones.ndjson,neutral,0.4893345832824707
pero cuando le reclamaban en la primera vuelta el decía q ya acepte la derrota a Aliaga viejo mald...,6995011382513173510,deysisajami6,75,7652794613774631681,7652784565571816725,7652788785281450773,7.652788785281451e+18,True,neutral,post_elecciones.ndjson,negative,0.6678415536880493
Pero ya perdió prácticamente 🙄,7411561899345003526,axel_kurono,23,7652797936227468050,7652784565571816725,7652788785281450773,7.652788785281451e+18,True,neutral,post_elecciones.ndjson,neutral,0.5251118540763855
😂😂siii,6932247120708977669,cprh4,3,7652815355664007943,7652784565571816725,7652788785281450773,7.652788785281451e+18,True,neutral,post_elecciones.ndjson,positive,0.5206978917121887
No quiere perder los millones que se iba a tirar cuando ganaria la presidencia. Pero Trump dijo no no no. En Peru no quiero a los rojos,7608335888477881358,negrita2026963,0,7653115817177694990,7652784565571816725,7652788785281450773,7.652788785281451e+18,True,neutral,post_elecciones.ndjson,negative,0.5782253742218018
"así es, debe aceptar su derrota y punto, Keiko perdió 3 veces, reclamó fraude en mesa, irregularidades y nadie le hizo caso , como toda una dama aceptó que perdió, pero este sujeto abre la boca sola para generar odio y más odio, recuerden lo que dijo cuando detenían a los terrucos, que al le pusieron el pie en el cuello, ya desde ahí sabemos quién es él",6856660870295225350,ledynailssalonspa,11,7652807507568411399,7652784565571816725,7652788785281450773,7.652788785281451e+18,True,neutral,post_elecciones.ndjson,negative,0.6577882766723633
es más deberían apagarle el micrófono 😁😂 jejejeje q malita soy yaaaaa !!! 😂😂,6770424752538797061,love80_90music,10,7652805138294063892,7652784565571816725,7652788785281450773,7.652788785281451e+18,True,neutral,post_elecciones.ndjson,negative,0.9623442888259888
si mi amor hay que aceptar la derrota,7274569490837636101,zurdoeugenio,7,7652796369312875282,7652784565571816725,7652788785281450773,7.652788785281451e+18,True,neutral,post_elecciones.ndjson,positive,0.5303552150726318
😂😂😂😂 muy bien,6932247120708977669,cprh4,0,7652796564763804424,7652784565571816725,7652788785281450773,7.652788785281451e+18,True,neutral,post_elecciones.ndjson,positive,0.5616078972816467
"no es concurso llegar a gobernar el país, es por voto y la mayoría eligió y este asno quiere llegar al poder a como dee lugar",6622324560392912902,meredith._29,4,7652800916660667157,7652784565571816725,7652788785281450773,7.652788785281451e+18,True,neutral,post_elecciones.ndjson,negative,0.8670815229415894
si ya aburre,7181167118594999302,marjouriepittmaninfant,2,7652807956971029256,7652784565571816725,7652788785281450773,7.652788785281451e+18,True,neutral,post_elecciones.ndjson,negative,0.9234460592269897
"siii ,y la palabra pueblo pueblo q tipooooo🤨",6770424752538797061,love80_90music,0,7652809004782994196,7652784565571816725,7652788785281450773,7.652788785281451e+18,True,neutral,post_elecciones.ndjson,positive,0.40888139605522156
realmente ya cansa .... porque no es caballero y acepta que perdió...,6886286080380322821,carocarix80,1,7652910003653608210,7652784565571816725,7652788785281450773,7.652788785281451e+18,True,neutral,post_elecciones.ndjson,negative,0.8981456160545349
Si ya cansa,7048083092481491974,irismendozavaldiv,1,7652907187798688533,7652784565571816725,7652788785281450773,7.652788785281451e+18,True,neutral,post_elecciones.ndjson,negative,0.9119359850883484
Y aburre 🥱,6808302859895112710,jjavierbh,1,7652878034868962068,7652784565571816725,7652788785281450773,7.652788785281451e+18,True,neutral,post_elecciones.ndjson,negative,0.6727896928787231
X2,6824222524529722374,vennymogollon,1,7652803216917316359,7652784565571816725,7652788785281450773,7.652788785281451e+18,True,neutral,post_elecciones.ndjson,neutral,0.4129379391670227
A la fuerza quiere ser el presidente,7306206295740433414,salvado499,0,7653579849177105172,7652784565571816725,7652788785281450773,7.652788785281451e+18,True,neutral,post_elecciones.ndjson,neutral,0.5102900266647339
no lo veas especial 😅😅,7108893085723902982,tonyvasquez7037,0,7653139208643773185,7652784565571816725,7652788785281450773,7.652788785281451e+18,True,neutral,post_elecciones.ndjson,neutral,0.4381099045276642
"Roberto Sánchez está demente, hablan de democracia pero ellos no son demócratas, puras mentiras como su plan de gobierno para engañar muchachos, cuando Petro habló de una guerra contra Perú este Roberto Sánchez y su gente se le tiraron al suelo como zalameros no merece ser presidente.",7596956138466493457,sir.galahad53,3,7652931026809373461,7652784565571816725,7652788785281450773,7.652788785281451e+18,True,neutral,post_elecciones.ndjson,negative,0.8708466291427612
"😂Pero no sabe perder la otra tampoco ahora q harán 😏😏
ninguno de los 2 debió llegar a segunda vuelta",6932247120708977669,cprh4,1,7652937874246206215,7652784565571816725,7652788785281450773,7.652788785281451e+18,True,neutral,post_elecciones.ndjson,neutral,0.5345349311828613
"Pero si Keiko perdió ya 3 veces antes y nunca llamo a una movilización. 😑😑😑
Encima en esas movilizaciones puede llegar a ver muert3s, todo porque este hombre no sabe perder. 😑",247377050939084800,ivethsusanlujerio,0,7653079137461207816,7652784565571816725,7652788785281450773,7.652788785281451e+18,True,neutral,post_elecciones.ndjson,negative,0.8526872992515564
pues ya perdió y el debe respetar los resultados por qué cuando en la primera vuelta quisieron reconteo y se decía fraude el decía que aprendan a perder.,7304444916893369349,bcvt.vmt,0,7652963688311800596,7652784565571816725,7652788785281450773,7.652788785281451e+18,True,neutral,post_elecciones.ndjson,neutral,0.5598238706588745
osea que va reclamar si perdió quiere el poder a la fuerza?,7078762204828599302,jerssonjq,0,7652923965337355028,7652784565571816725,7652788785281450773,7.652788785281451e+18,True,neutral,post_elecciones.ndjson,negative,0.5762999057769775
,7214272382918427654,user2533090688244,1,7652837979383218964,7652784565571816725,7652788785281450773,7.652788785281451e+18,True,neutral,post_elecciones.ndjson,positive,0.4405459761619568
"[ステッカー] pero cuando López aliaga reclamó fraude y un reconteo en la primera vuelta, no aceptaron",7547400737178534930,pedraza_987,0,7652886373006852884,7652784565571816725,7652788785281450773,7.652788785281451e+18,True,neutral,post_elecciones.ndjson,neutral,0.759986937046051
👍,7140463752084571142,luchito0512,0,7652802089618129665,7652784565571816725,7652788785281450773,7.652788785281451e+18,True,neutral,post_elecciones.ndjson,neutral,0.5979587435722351
[ステッカー] luego de decir que no aceptaba por que no le favorecía?,7307435737808454662,temcriticas,20,7652791549176070932,7652784565571816725,7652790054511035156,7.652790054511035e+18,True,neutral,post_elecciones.ndjson,neutral,0.7963005900382996
"o sea, sólo porque el no gana?",6818287382120629254,aleatoria3040,14,7652794440868250388,7652784565571816725,7652790054511035156,7.652790054511035e+18,True,neutral,post_elecciones.ndjson,negative,0.7948590517044067
"si pues!! la gente no se da cuenta que es un mal perdedor! cuando ganó Castillo nadie hizo protesta ni movilización se respetó, y creo que debería ser igual, estan buscando mil maneras para que cambie el voto, es un ridiculo!!",7399901222965117957,kategutlin,17,7652804063139169044,7652784565571816725,7652790054511035156,7.652790054511035e+18,True,neutral,post_elecciones.ndjson,negative,0.9110749959945679
El voto es peruano vivas en territorio nacional o extranjero... El anormal ese no entiende.,7354645995731846150,stefanie868,2,7652855868710978324,7652784565571816725,7652790054511035156,7.652790054511035e+18,True,neutral,post_elecciones.ndjson,negative,0.6724665760993958
Estoy de acuerdo que respete el voto y acepte su derrota,6807840123662812165,belpi8,2,7652845722152239889,7652784565571816725,7652790054511035156,7.652790054511035e+18,True,neutral,post_elecciones.ndjson,neutral,0.5419426560401917
El voto peruano dió ganadora a Keiko,7022812164403758086,aldoedl,1,7652944100106421012,7652784565571816725,7652790054511035156,7.652790054511035e+18,True,neutral,post_elecciones.ndjson,neutral,0.684216320514679
Y los peruanos q votaron en el extranjero??,6799491695694201862,ysy.cbt,1,7652942531656663826,7652784565571816725,7652790054511035156,7.652790054511035e+18,True,neutral,post_elecciones.ndjson,negative,0.5930295586585999
"entonces que respete el.vori del.extranj , tremendo idiotaaa",7358642910856201221,elias.v543,1,7652915642357695240,7652784565571816725,7652790054511035156,7.652790054511035e+18,True,neutral,post_elecciones.ndjson,positive,0.5369933843612671
"y porque cuando Lopez Aliaga pidió transparencia en ka primera vuelta este sr no dijo nada ,ahhhhh sabes porque?
porq este sr la ONPE lo ayudo con esas actas nunca llegaron y muchos no votaron Sabes quien paso a segunda vuelta? Lopez Aliaga y Keiko",6779965481530016774,lucialucia104,1,7652897506908586773,7652784565571816725,7652790054511035156,7.652790054511035e+18,True,neutral,post_elecciones.ndjson,negative,0.6321083307266235
[ステッカー] ,6895863618022933510,rodpulache,1,7652794274690188050,7652784565571816725,7652790054511035156,7.652790054511035e+18,True,neutral,post_elecciones.ndjson,neutral,0.6115925312042236
[ステッカー] ,6976604183522214917,fernandogayona2004,0,7652947281101406997,7652784565571816725,7652790054511035156,7.652790054511035e+18,True,neutral,post_elecciones.ndjson,neutral,0.6115925312042236
claro el voto de mi papá que vive en españa tbm vale,7188375327193170950,camote051,0,7652871295227314952,7652784565571816725,7652790054511035156,7.652790054511035e+18,True,neutral,post_elecciones.ndjson,neutral,0.7036900520324707
,6975210588344288262,jessicakathy686,0,7652862237472850696,7652784565571816725,7652790054511035156,7.652790054511035e+18,True,neutral,post_elecciones.ndjson,positive,0.4405459463596344
[ステッカー] ,7029406981065524230,elerick._.j,0,7652819800569807623,7652784565571816725,7652790054511035156,7.652790054511035e+18,True,neutral,post_elecciones.ndjson,neutral,0.6115925312042236
Voto peruano es el de todos los peruanos no los q él quiere o solo lo q le conviene,6900657106379408389,manchitascm,0,7652816385489060629,7652784565571816725,7652790054511035156,7.652790054511035e+18,True,neutral,post_elecciones.ndjson,neutral,0.5813571810722351
[ステッカー] ,7003884246683321350,yairanghelo1992,0,7652812528246276865,7652784565571816725,7652790054511035156,7.652790054511035e+18,True,neutral,post_elecciones.ndjson,neutral,0.6115925312042236
"y mi voto , q tal concha",7607634191006385169,hernan.yupa0,0,7652811625955427079,7652784565571816725,7652790054511035156,7.652790054511035e+18,True,neutral,post_elecciones.ndjson,neutral,0.5783862471580505
[ステッカー] ,7132574838535177222,luis_angel_2509,0,7652811068066972434,7652784565571816725,7652790054511035156,7.652790054511035e+18,True,neutral,post_elecciones.ndjson,neutral,0.6115925312042236
[ステッカー] ,7501686384223896583,isaias_ip0,0,7652805832396931848,7652784565571816725,7652790054511035156,7.652790054511035e+18,True,neutral,post_elecciones.ndjson,neutral,0.6115925312042236
y el voto extranjero tambien son peruanos,7287743878516999173,aquiles_20007,0,7652795535916909330,7652784565571816725,7652790054511035156,7.652790054511035e+18,True,neutral,post_elecciones.ndjson,neutral,0.6350896954536438
"exacto!! pero este ridiculo si o si quiere cambiar, todo peruano tiene derecho a votar!",7399901222965117957,kategutlin,0,7652804446628463380,7652784565571816725,7652790054511035156,7.652790054511035e+18,True,neutral,post_elecciones.ndjson,neutral,0.4927248954772949
aea,6958495206397707269,jmptech2024,0,7652803558173246226,7652784565571816725,7652790054511035156,7.652790054511035e+18,True,neutral,post_elecciones.ndjson,neutral,0.5265626907348633
desde primera vuelta,6883300005660279814,fornaike_oficial,0,7652801597751722759,7652784565571816725,7652790054511035156,7.652790054511035e+18,True,neutral,post_elecciones.ndjson,neutral,0.5504747629165649
se respetó y ya ganó.. es más de sacaron a Rafael el sombrero no tenía xk estar ahí.,6820852344617714694,pither3007,6,7652791927931224840,7652784565571816725,7652790054511035156,7.652790054511035e+18,True,neutral,post_elecciones.ndjson,neutral,0.6548854112625122
Y que los demás que votamos por Keiko no cuenta o que... 🤨 Vivimos en un país con democracia liebre al voto si es esta donde está es por algo... Debe aceptar que no siempre se gana... Se suponía que era de palabra pero ya ven que no es así.,6811242778577486854,isabelballadares19,1,7652804300851086097,7652784565571816725,7652790054511035156,7.652790054511035e+18,True,neutral,post_elecciones.ndjson,negative,0.6733994483947754
Está mal señora,6942828292706108421,eg.imnaye,0,7652932931563848464,7652784565571816725,7652790054511035156,7.652790054511035e+18,True,neutral,post_elecciones.ndjson,negative,0.913655161857605
exacto 👍 que él de el ejemplo!!!,7033185446810240006,nancymendoza830,0,7652908109841040136,7652784565571816725,7652790054511035156,7.652790054511035e+18,True,neutral,post_elecciones.ndjson,positive,0.3720777630805969
el voto peruano el pueblo ya habló. gano keiko.,6838466728160003078,etimi2020,0,7652884493266879253,7652784565571816725,7652790054511035156,7.652790054511035e+18,True,neutral,post_elecciones.ndjson,neutral,0.5870634913444519
"tu voto es tan importante y VALIDO como el peruano q vive en el extranjero, dejen de vender humo y no querer aceptar los resultados",6960493202231575558,marisu0390,0,7652862152252326674,7652784565571816725,7652790054511035156,7.652790054511035e+18,True,neutral,post_elecciones.ndjson,negative,0.8822165131568909
Ustedes son los primeros en no respetar piensan que solo el voto es válido cuando les favorece a su candidato.,253447291800424448,loa26g,0,7652806927503786760,7652784565571816725,7652790054511035156,7.652790054511035e+18,True,neutral,post_elecciones.ndjson,negative,0.7776455283164978
sí pues se respeta y ya ganó Keiko,6735622841515312133,tetrafina,0,7652805627848704789,7652784565571816725,7652790054511035156,7.652790054511035e+18,True,neutral,post_elecciones.ndjson,neutral,0.4880746304988861
"Emití mi voto peruano por Keiko, respeten el nuestro también 😄",6806062990090109957,pelusita1011,0,7652802642481201927,7652784565571816725,7652790054511035156,7.652790054511035e+18,True,neutral,post_elecciones.ndjson,neutral,0.5689756870269775
Que respeten también nuestros votos los que votamos por Keiko!!!,7555352009449636882,yamileelizabethf,0,7652797743744647943,7652784565571816725,7652790054511035156,7.652790054511035e+18,True,neutral,post_elecciones.ndjson,negative,0.5205426812171936
pero no es caballero y despues que sus azuzadores llamaron a la violencia y destrucción ahora sale con ese cuento,7088429969986094086,jennifersmith2251,24,7652804723711722261,7652784565571816725,7652798126277526280,7.652798126277527e+18,True,neutral,post_elecciones.ndjson,negative,0.9045073390007019
"siii x ,como llama ala violencia y como hace que nos odiamos entre peruano",7187380018212258821,jophiel.bellezadivina,3,7652853190903399175,7652784565571816725,7652798126277526280,7.652798126277527e+18,True,neutral,post_elecciones.ndjson,negative,0.5091226100921631
Excelente comentario!,7148284138150560774,juank2490,0,7652931881659663122,7652784565571816725,7652798126277526280,7.652798126277527e+18,True,neutral,post_elecciones.ndjson,positive,0.9330495595932007
Exacto que como todo un señor democrático acepte que esta vez el Perú no lo eligió que esta vez la balanza se inclinó al otro lado.. acepte y enseñe a la gente q lo respaldo con sus votos a respetar que ganó el contrincante 😏,6818430167264199685,fiorella_ch15,5,7652801067944723221,7652784565571816725,7652798126277526280,7.652798126277527e+18,True,neutral,post_elecciones.ndjson,neutral,0.46238091588020325
👍,7140463752084571142,luchito0512,0,7652802207452922641,7652784565571816725,7652798126277526280,7.652798126277527e+18,True,neutral,post_elecciones.ndjson,neutral,0.597958505153656
"Es que se le va de las manos el oro, los lujos que ya se había imaginado gozar, por eso todo el berrinche.",7139603370343482374,katiachavarry,0,7653064211602785044,7652784565571816725,7652798126277526280,7.652798126277527e+18,True,neutral,post_elecciones.ndjson,negative,0.8906149864196777
x2 hay fut,6883300005660279814,fornaike_oficial,4,7652801458333336338,7652784565571816725,7652798780082176776,7.652798780082177e+18,True,neutral,post_elecciones.ndjson,neutral,0.4669519066810608
[ステッカー] x1000,6809757578948658181,cr.br789,0,7652813214405722900,7652784565571816725,7652798780082176776,7.652798780082177e+18,True,neutral,post_elecciones.ndjson,positive,0.5189825296401978
"gracias por no hacerle caso a estos personajes,ojalá no le hagan caso mañana",6937779685503190021,_naturaleza1,3,7652810248474608385,7652784565571816725,7652798780082176776,7.652798780082177e+18,True,neutral,post_elecciones.ndjson,negative,0.5784329771995544
nadie lo hace casó a ése sombrero 👒,7445826639197815813,huber3620,0,7652811366781469458,7652784565571816725,7652798780082176776,7.652798780082177e+18,True,neutral,post_elecciones.ndjson,neutral,0.4649343192577362
[ステッカー] ,7172701616729670662,mari2817sol,0,7652808817382064916,7652784565571816725,7652798780082176776,7.652798780082177e+18,True,neutral,post_elecciones.ndjson,neutral,0.6115925908088684
[ステッカー] ,7596956138466493457,sir.galahad53,4,7652930373060346644,7652784565571816725,7652875654204359425,7.65287565420436e+18,True,neutral,post_elecciones.ndjson,neutral,0.6115925908088684
[ステッカー] ,7396909462706144262,bendariya24,2,7652911988591198993,7652784565571816725,7652875654204359425,7.65287565420436e+18,True,neutral,post_elecciones.ndjson,neutral,0.6115925908088684
[ステッカー] ,7086510708532413446,ohcami_7,1,7653154631127663367,7652784565571816725,7652875654204359425,7.65287565420436e+18,True,neutral,post_elecciones.ndjson,neutral,0.6115925908088684
con Keiko seremos como Venezuela,7524541112104993798,rita.aguilar887,0,7652820483947135751,7652784565571816725,7652796580676469525,7.65279658067647e+18,True,neutral,post_elecciones.ndjson,neutral,0.6103640198707581
"@sound Music: @sound Music::🧡VAMOS KEIKO🧡🧡🧡 🧡🧡🧡VAMOS KEIKO🧡🧡🧡🧡🧡🧡VAMOS KEIKO🧡🧡🧡🧡🧡🧡VAMOS K🧡🧡🧡VAMOS KEIKO🧡🧡🧡 🧡🧡🧡VAMOS KEIKO🧡🧡🧡🧡🧡🧡VAMOS KEIKO🧡🧡🧡🧡🧡🧡VAMOS K🧡🧡🧡VAMOS KEIKO🧡🧡🧡 🧡🧡🧡VAMOS KEIKO🧡🧡🧡🧡🧡🧡VAMOS KEIKO🧡🧡🧡🧡🧡🧡VAMOS K🧡🧡🧡VAMOS KEIKO🧡🧡🧡 🧡🧡🧡VAMOS KEIKO🧡🧡🧡🧡🧡🧡VAMOS KEIKO🧡🧡🧡VAMOS KEIKO🧡🧡🧡 🧡🧡🧡VAMOS KEIKO🧡🧡🧡🧡🧡🧡VAMOS KEIKO🧡🧡🧡🧡🧡🧡VAMOS K🧡🧡🧡VAMOS KEIKO🧡🧡🧡 🧡🧡🧡VAMOS KEIKO🧡🧡🧡🧡🧡🧡VAMOS KEIKO🧡🧡🧡🧡🧡🧡VAMOS K🧡🧡🧡VAMOS KEIKO🧡🧡🧡 🧡🧡🧡VAMOS KEIKO🧡🧡🧡🧡🧡🧡VAMOS KEIKO🧡🧡🧡🧡🧡🧡VAMOS K🧡🧡🧡VAMOS KEIKO🧡🧡🧡 🧡🧡🧡VAMOS KEIKO🧡🧡🧡🧡🧡🧡VAMOS KEIKO🧡🧡VAMOS KEIKO🧡🧡🧡 🧡🧡🧡VAMOS KEIKO🧡🧡🧡🧡🧡🧡VAMOS KEIKO🧡🧡🧡🧡🧡🧡VAMOS K🧡🧡🧡VAMOS KEIKO🧡🧡🧡 🧡🧡🧡VAMOS KEIKO🧡🧡🧡🧡🧡🧡VAMOS KEIKO🧡🧡🧡🧡🧡🧡VAMOS K🧡🧡🧡VAMOS KEIKO🧡🧡🧡 🧡🧡🧡VAMOS KEIKO🧡🧡🧡🧡🧡🧡VAMOS KEIKO🧡🧡🧡🧡🧡🧡VAMOS K🧡🧡🧡VAMOS KEIKO🧡🧡🧡 🧡🧡🧡VAMOS KEIKO🧡🧡🧡🧡🧡🧡VAMOS KEIKO🧡🧡🧡VAMOS KEIKO🧡🧡🧡 🧡🧡🧡VAMOS KEIKO🧡🧡🧡🧡🧡🧡VAMOS KEIKO🧡🧡🧡🧡🧡🧡VAMOS K🧡🧡🧡VAMOS KEIKO🧡🧡🧡 🧡🧡🧡VAMOS KEIKO🧡🧡🧡🧡🧡🧡VAMOS KEIKO🧡🧡🧡🧡🧡🧡VAMOS K🧡🧡🧡VAMOS KEIKO🧡🧡🧡 🧡🧡🧡VAMOS KEIKO🧡🧡🧡🧡🧡🧡VAMOS KEIKO🧡🧡🧡🧡🧡🧡VAMOS K🧡🧡🧡VAMOS KEIKO🧡🧡🧡 🧡🧡🧡VAMOS KEIKO🧡🧡🧡🧡🧡🧡VAMOS KEIKO🧡🧡🧡VAMOS KEIKO🧡🧡🧡 🧡🧡🧡VAMOS KEIKO🧡🧡🧡🧡🧡🧡VAMOS KEIKO🧡🧡🧡🧡🧡🧡VAMOS K🧡🧡🧡VAMOS KEIKO🧡🧡🧡 🧡🧡🧡VAMOS KEIKO🧡🧡🧡🧡🧡🧡VAMOS KEIKO🧡🧡🧡🧡🧡🧡VAMOS K🧡🧡🧡VAMOS KEIKO🧡🧡🧡 🧡🧡🧡VAMOS KEIKO🧡🧡🧡🧡🧡🧡VAMOS KEIKO🧡🧡🧡🧡🧡🧡VAMOS K🧡🧡🧡VAMOS KEIKO🧡🧡🧡 🧡🧡🧡🧡🧡🧡🧡🧡🧡🧡🧡🧡🧡🧡🧡🧡🧡🧡🧡🧡🧡🧡🧡🧡🧡🧡
:🧡🧡🧡VAMOS KEIKO🧡🧡🧡 🧡🧡🧡VAMOS KEIKO🧡🧡🧡🧡🧡🧡VAMOS KEIKO🧡🧡🧡🧡🧡🧡VAMOS K🧡🧡🧡VAMOS KEIKO🧡🧡🧡 🧡🧡🧡VAMOS KEIKO🧡🧡🧡🧡🧡🧡VAMOS KEIKO🧡🧡🧡🧡🧡🧡VAMOS K🧡🧡🧡VAMOS KEIKO🧡🧡🧡 🧡🧡🧡VAMOS KEIKO🧡🧡🧡🧡🧡🧡VAMOS KEIKO🧡🧡🧡🧡🧡🧡VAMOS K🧡🧡🧡VAMOS KEIKO🧡🧡🧡 🧡🧡🧡VAMOS KEIKO🧡🧡🧡🧡🧡🧡VAMOS KEIKO🧡🧡🧡🧡VAMOS KEIKO🧡🧡🧡 🧡🧡🧡VAMOS KEIKO🧡🧡🧡🧡🧡🧡 KEIKO PRESIDENTA",6575150954403577861,jandersp,21,7652794249574646535,7652784565571816725,0,,False,neutral,post_elecciones.ndjson,neutral,0.4627290666103363
Mañana estamos trabajando no puedo no soi vago,7262403885661602821,liamjose36,40,7652805104936518417,7652784565571816725,0,,False,neutral,post_elecciones.ndjson,neutral,0.5630092024803162
no sé porque le dan tanta pantalla que acepte que perdió y punto,7263912339820758022,karla.patricia.34,33,7652811290679116562,7652784565571816725,0,,False,neutral,post_elecciones.ndjson,negative,0.7201368808746338
Te apoyo pero desde la primera vuelta todo el proceso,6784973882203538437,edgardoscar,32,7652790866306794258,7652784565571816725,0,,False,neutral,post_elecciones.ndjson,positive,0.7492631673812866
vamos Keiko,7189805201006756869,samisoberon34,28,7652793267620692756,7652784565571816725,0,,False,neutral,post_elecciones.ndjson,positive,0.6336123943328857
ya se puso nuevamente el sombrero,7218257289844048901,jhonattantenorio7,27,7652821875793986321,7652784565571816725,0,,False,neutral,post_elecciones.ndjson,neutral,0.721724271774292
Keiko presidenta,7429980415652824069,enzo_txt,18,7652816006842843924,7652784565571816725,0,,False,neutral,post_elecciones.ndjson,positive,0.3831813931465149
Y como subió de último a 2do solo que nadie investigó,7231416499570295814,peterercg,16,7652909375779554064,7652784565571816725,0,,False,neutral,post_elecciones.ndjson,neutral,0.8253262042999268
"@sound Music::🧡VAMOS KEIKO🧡🧡🧡 🧡🧡🧡VAMOS KEIKO🧡🧡🧡🧡🧡🧡VAMOS KEIKO🧡🧡🧡🧡🧡🧡VAMOS K🧡🧡🧡VAMOS KEIKO🧡🧡🧡 🧡🧡🧡VAMOS KEIKO🧡🧡🧡🧡🧡🧡VAMOS KEIKO🧡🧡🧡🧡🧡🧡VAMOS K🧡🧡🧡VAMOS KEIKO🧡🧡🧡 🧡🧡🧡VAMOS KEIKO🧡🧡🧡🧡🧡🧡VAMOS KEIKO🧡🧡🧡🧡🧡🧡VAMOS K🧡🧡🧡VAMOS KEIKO🧡🧡🧡 🧡🧡🧡VAMOS KEIKO🧡🧡🧡🧡🧡🧡VAMOS KEIKO🧡🧡🧡VAMOS KEIKO🧡🧡🧡 🧡🧡🧡VAMOS KEIKO🧡🧡🧡🧡🧡🧡VAMOS KEIKO🧡🧡🧡🧡🧡🧡VAMOS K🧡🧡🧡VAMOS KEIKO🧡🧡🧡 🧡🧡🧡VAMOS KEIKO🧡🧡🧡🧡🧡🧡VAMOS KEIKO🧡🧡🧡🧡🧡🧡VAMOS K🧡🧡🧡VAMOS KEIKO🧡🧡🧡 🧡🧡🧡VAMOS KEIKO🧡🧡🧡🧡🧡🧡VAMOS KEIKO🧡🧡🧡🧡🧡🧡VAMOS K🧡🧡🧡VAMOS KEIKO🧡🧡🧡 🧡🧡🧡VAMOS KEIKO🧡🧡🧡🧡🧡🧡VAMOS KEIKO🧡🧡VAMOS KEIKO🧡🧡🧡 🧡🧡🧡VAMOS KEIKO🧡🧡🧡🧡🧡🧡VAMOS KEIKO🧡🧡🧡🧡🧡🧡VAMOS K🧡🧡🧡VAMOS KEIKO🧡🧡🧡 🧡🧡🧡VAMOS KEIKO🧡🧡🧡🧡🧡🧡VAMOS KEIKO🧡🧡🧡🧡🧡🧡VAMOS K🧡🧡🧡VAMOS KEIKO🧡🧡🧡 🧡🧡🧡VAMOS KEIKO🧡🧡🧡🧡🧡🧡VAMOS KEIKO🧡🧡🧡🧡🧡🧡VAMOS K🧡🧡🧡VAMOS KEIKO🧡🧡🧡 🧡🧡🧡VAMOS KEIKO🧡🧡🧡🧡🧡🧡VAMOS KEIKO🧡🧡🧡VAMOS KEIKO🧡🧡🧡 🧡🧡🧡VAMOS KEIKO🧡🧡🧡🧡🧡🧡VAMOS KEIKO🧡🧡🧡🧡🧡🧡VAMOS K🧡🧡🧡VAMOS KEIKO🧡🧡🧡 🧡🧡🧡VAMOS KEIKO🧡🧡🧡🧡🧡🧡VAMOS KEIKO🧡🧡🧡🧡🧡🧡VAMOS K🧡🧡🧡VAMOS KEIKO🧡🧡🧡 🧡🧡🧡VAMOS KEIKO🧡🧡🧡🧡🧡🧡VAMOS KEIKO🧡🧡🧡🧡🧡🧡VAMOS K🧡🧡🧡VAMOS KEIKO🧡🧡🧡 🧡🧡🧡VAMOS KEIKO🧡🧡🧡🧡🧡🧡VAMOS KEIKO🧡🧡🧡VAMOS KEIKO🧡🧡🧡 🧡🧡🧡VAMOS KEIKO🧡🧡🧡🧡🧡🧡VAMOS KEIKO🧡🧡🧡🧡🧡🧡VAMOS K🧡🧡🧡VAMOS KEIKO🧡🧡🧡 🧡🧡🧡VAMOS KEIKO🧡🧡🧡🧡🧡🧡VAMOS KEIKO🧡🧡🧡🧡🧡🧡VAMOS K🧡🧡🧡VAMOS KEIKO🧡🧡🧡 🧡🧡🧡VAMOS KEIKO🧡🧡🧡🧡🧡🧡VAMOS KEIKO🧡🧡🧡🧡🧡🧡VAMOS K🧡🧡🧡VAMOS KEIKO🧡🧡🧡 🧡🧡🧡🧡🧡🧡🧡🧡🧡🧡🧡🧡🧡🧡🧡🧡🧡🧡🧡🧡🧡🧡🧡🧡🧡🧡
:🧡🧡🧡VAMOS KEIKO🧡🧡🧡 🧡🧡🧡VAMOS KEIKO🧡🧡🧡🧡🧡🧡VAMOS KEIKO🧡🧡🧡🧡🧡🧡VAMOS K🧡🧡🧡VAMOS KEIKO🧡🧡🧡 🧡🧡🧡VAMOS KEIKO🧡🧡🧡🧡🧡🧡VAMOS KEIKO🧡🧡🧡🧡🧡🧡VAMOS K🧡🧡🧡VAMOS KEIKO🧡🧡🧡 🧡🧡🧡VAMOS KEIKO🧡🧡🧡🧡🧡🧡VAMOS KEIKO🧡🧡🧡🧡🧡🧡VAMOS K🧡🧡🧡VAMOS KEIKO🧡🧡🧡 🧡🧡🧡VAMOS KEIKO🧡🧡🧡🧡🧡🧡VAMOS KEIKO🧡🧡🧡🧡VAMOS KEIKO🧡🧡🧡 🧡🧡🧡VAMOS KEIKO🧡🧡🧡🧡🧡🧡 KEIKO PRESIDENTA",6808630999468606470,soundmusic777,49,7652786944149291792,7652784565571816725,0,,False,neutral,post_elecciones.ndjson,neutral,0.45931512117385864
obvio mi voto por keiko se respta señor del sombrero . 2,7104988773621482501,vilmerdelgadomill,38,7652816010018308884,7652784565571816725,0,,False,neutral,post_elecciones.ndjson,neutral,0.6307875514030457
Ya me aburre este señor,7036904831449531398,maritzajaco946,11,7652821435593868053,7652784565571816725,0,,False,neutral,post_elecciones.ndjson,negative,0.9360818862915039
"Mi tío pero mañana juega Brasil 🇧🇷, Cheka eso mi rey",7140413844504986630,josepin2602,10,7652872266564780808,7652784565571816725,0,,False,neutral,post_elecciones.ndjson,positive,0.6133459210395813
[ステッカー] ,6932907471079244805,user6228666686390,36,7652786595700409106,7652784565571816725,0,,False,neutral,post_elecciones.ndjson,neutral,0.6115925908088684
"UD dijo que respetaria los resultados
que pasoooooo",6919690675908051974,ruthtrelles28,8,7652840633149227784,7652784565571816725,0,,False,neutral,post_elecciones.ndjson,negative,0.43731725215911865
puede ser despues de 28 de julio si quieres. por que ahora estoy ocupado trabajando,7503362590828774418,efrain.electricia,8,7652802655441912596,7652784565571816725,0,,False,neutral,post_elecciones.ndjson,neutral,0.7557367086410522
Yo también soy del pueblo y vote por k,6869524262995641349,fabita.d.b,7,7652823276896486162,7652784565571816725,0,,False,neutral,post_elecciones.ndjson,neutral,0.5860329270362854
"ya acepten los resultados, aunque no sea del agrado de todos, vivimos en democracia",6873264028803875845,ytalover,7,7652807172519002898,7652784565571816725,0,,False,neutral,post_elecciones.ndjson,neutral,0.5158164501190186
[ステッカー] ,7100340421947425798,eliashuaman195,19,7652789718132589319,7652784565571816725,0,,False,neutral,post_elecciones.ndjson,neutral,0.6115925908088684
"🧡VAMOS KEIKO🧡🧡🧡 🧡🧡🧡VAMOS KEIKO🧡🧡🧡🧡🧡🧡VAMOS KEIKO🧡🧡🧡🧡🧡🧡VAMOS K🧡🧡🧡VAMOS KEIKO🧡🧡🧡 🧡🧡🧡VAMOS KEIKO🧡🧡🧡🧡🧡🧡VAMOS KEIKO🧡🧡🧡🧡🧡🧡VAMOS K🧡🧡🧡VAMOS KEIKO🧡🧡🧡 🧡🧡🧡VAMOS KEIKO🧡🧡🧡🧡🧡🧡VAMOS KEIKO🧡🧡🧡🧡🧡🧡VAMOS K🧡🧡🧡VAMOS KEIKO🧡🧡🧡 🧡🧡🧡VAMOS KEIKO🧡🧡🧡🧡🧡🧡VAMOS KEIKO🧡🧡🧡VAMOS KEIKO🧡🧡🧡 🧡🧡🧡VAMOS KEIKO🧡🧡🧡🧡🧡🧡VAMOS KEIKO🧡🧡🧡🧡🧡🧡VAMOS K🧡🧡🧡VAMOS KEIKO🧡🧡🧡 🧡🧡🧡VAMOS KEIKO🧡🧡🧡🧡🧡🧡VAMOS KEIKO🧡🧡🧡🧡🧡🧡VAMOS K🧡🧡🧡VAMOS KEIKO🧡🧡🧡 🧡🧡🧡VAMOS KEIKO🧡🧡🧡🧡🧡🧡VAMOS KEIKO🧡🧡🧡🧡🧡🧡VAMOS K🧡🧡🧡VAMOS KEIKO🧡🧡🧡 🧡🧡🧡VAMOS KEIKO🧡🧡🧡🧡🧡🧡VAMOS KEIKO🧡🧡VAMOS KEIKO🧡🧡🧡 🧡🧡🧡VAMOS KEIKO🧡🧡🧡🧡🧡🧡VAMOS KEIKO🧡🧡🧡🧡🧡🧡VAMOS K🧡🧡🧡VAMOS KEIKO🧡🧡🧡 🧡🧡🧡VAMOS KEIKO🧡🧡🧡🧡🧡🧡VAMOS KEIKO🧡🧡🧡🧡🧡🧡VAMOS K🧡🧡🧡VAMOS KEIKO🧡🧡🧡 🧡🧡🧡VAMOS KEIKO🧡🧡🧡🧡🧡🧡VAMOS KEIKO🧡🧡🧡🧡🧡🧡VAMOS K🧡🧡🧡VAMOS KEIKO🧡🧡🧡 🧡🧡🧡VAMOS KEIKO🧡🧡🧡🧡🧡🧡VAMOS KEIKO🧡🧡🧡VAMOS KEIKO🧡🧡🧡 🧡🧡🧡VAMOS KEIKO🧡🧡🧡🧡🧡🧡VAMOS KEIKO🧡🧡🧡🧡🧡🧡VAMOS K🧡🧡🧡VAMOS KEIKO🧡🧡🧡 🧡🧡🧡VAMOS KEIKO🧡🧡🧡🧡🧡🧡VAMOS KEIKO🧡🧡🧡🧡🧡🧡VAMOS K🧡🧡🧡VAMOS KEIKO🧡🧡🧡 🧡🧡🧡VAMOS KEIKO🧡🧡🧡🧡🧡🧡VAMOS KEIKO🧡🧡🧡🧡🧡🧡VAMOS K🧡🧡🧡VAMOS KEIKO🧡🧡🧡 🧡🧡🧡VAMOS KEIKO🧡🧡🧡🧡🧡🧡VAMOS KEIKO🧡🧡🧡VAMOS KEIKO🧡🧡🧡 🧡🧡🧡VAMOS KEIKO🧡🧡🧡🧡🧡🧡VAMOS KEIKO🧡🧡🧡🧡🧡🧡VAMOS K🧡🧡🧡VAMOS KEIKO🧡🧡🧡 🧡🧡🧡VAMOS KEIKO🧡🧡🧡🧡🧡🧡VAMOS KEIKO🧡🧡🧡🧡🧡🧡VAMOS K🧡🧡🧡VAMOS KEIKO🧡🧡🧡 🧡🧡🧡VAMOS KEIKO🧡🧡🧡🧡🧡🧡VAMOS KEIKO🧡🧡🧡🧡🧡🧡VAMOS K🧡🧡🧡VAMOS KEIKO🧡🧡🧡 🧡🧡🧡🧡🧡🧡🧡🧡🧡🧡🧡🧡🧡🧡🧡🧡🧡🧡🧡🧡🧡🧡🧡🧡🧡🧡
:🧡🧡🧡VAMOS KEIKO🧡🧡🧡 🧡🧡🧡VAMOS KEIKO🧡🧡🧡🧡🧡🧡VAMOS KEIKO🧡🧡🧡🧡🧡🧡VAMOS K🧡🧡🧡VAMOS KEIKO🧡🧡🧡 🧡🧡🧡VAMOS KEIKO🧡🧡🧡🧡🧡🧡VAMOS KEIKO🧡🧡🧡🧡🧡🧡VAMOS K🧡🧡🧡VAMOS KEIKO🧡🧡🧡 🧡🧡🧡VAMOS KEIKO🧡🧡🧡🧡🧡🧡VAMOS KEIKO🧡🧡🧡🧡🧡🧡VAMOS K🧡🧡🧡VAMOS KEIKO🧡🧡🧡 🧡🧡🧡VAMOS KEIKO🧡🧡🧡🧡🧡🧡VAMOS KEIKO🧡🧡🧡🧡VAMOS KEIKO🧡🧡🧡 🧡🧡🧡VAMOS KEIKO🧡🧡🧡🧡🧡🧡 KEIKO PRESIDENTA",6874588669028025349,katyquispe_,6,7652795639616537364,7652784565571816725,0,,False,neutral,post_elecciones.ndjson,neutral,0.4066144824028015
"Siempre dise lo mismo , transparencia",6789744108694733830,florianlmbri,6,7652790847464964871,7652784565571816725,0,,False,neutral,post_elecciones.ndjson,neutral,0.640038013458252
q reconteen los botos desde la primera.vuelta,7089632420089414658,robotitto0,5,7652813678602093333,7652784565571816725,0,,False,neutral,post_elecciones.ndjson,neutral,0.6912964582443237
"@Oscar:🧡VAMOS KEIKO🧡🧡🧡 🧡🧡🧡VAMOS KEIKO🧡🧡🧡🧡🧡🧡VAMOS KEIKO🧡🧡🧡🧡🧡🧡VAMOS K🧡🧡🧡VAMOS KEIKO🧡🧡🧡 🧡🧡🧡VAMOS KEIKO🧡🧡🧡🧡🧡🧡VAMOS KEIKO🧡🧡🧡🧡🧡🧡VAMOS K🧡🧡🧡VAMOS KEIKO🧡🧡🧡 🧡🧡🧡VAMOS KEIKO🧡🧡🧡🧡🧡🧡VAMOS KEIKO🧡🧡🧡🧡🧡🧡VAMOS K🧡🧡🧡VAMOS KEIKO🧡🧡🧡 🧡🧡🧡VAMOS KEIKO🧡🧡🧡🧡🧡🧡VAMOS KEIKO🧡🧡🧡VAMOS KEIKO🧡🧡🧡 🧡🧡🧡VAMOS KEIKO🧡🧡🧡🧡🧡🧡VAMOS KEIKO🧡🧡🧡🧡🧡🧡VAMOS K🧡🧡🧡VAMOS KEIKO🧡🧡🧡 🧡🧡🧡VAMOS KEIKO🧡🧡🧡🧡🧡🧡VAMOS KEIKO🧡🧡🧡🧡🧡🧡VAMOS K🧡🧡🧡VAMOS KEIKO🧡🧡🧡 🧡🧡🧡VAMOS KEIKO🧡🧡🧡🧡🧡🧡VAMOS KEIKO🧡🧡🧡🧡🧡🧡VAMOS K🧡🧡🧡VAMOS KEIKO🧡🧡🧡 🧡🧡🧡VAMOS KEIKO🧡🧡🧡🧡🧡🧡VAMOS KEIKO🧡🧡VAMOS KEIKO🧡🧡🧡 🧡🧡🧡VAMOS KEIKO🧡🧡🧡🧡🧡🧡VAMOS KEIKO🧡🧡🧡🧡🧡🧡VAMOS K🧡🧡🧡VAMOS KEIKO🧡🧡🧡 🧡🧡🧡VAMOS KEIKO🧡🧡🧡🧡🧡🧡VAMOS KEIKO🧡🧡🧡🧡🧡🧡VAMOS K🧡🧡🧡VAMOS KEIKO🧡🧡🧡 🧡🧡🧡VAMOS KEIKO🧡🧡🧡🧡🧡🧡VAMOS KEIKO🧡🧡🧡🧡🧡🧡VAMOS K🧡🧡🧡VAMOS KEIKO🧡🧡🧡 🧡🧡🧡VAMOS KEIKO🧡🧡🧡🧡🧡🧡VAMOS KEIKO🧡🧡🧡VAMOS KEIKO🧡🧡🧡 🧡🧡🧡VAMOS KEIKO🧡🧡🧡🧡🧡🧡VAMOS KEIKO🧡🧡🧡🧡🧡🧡VAMOS K🧡🧡🧡VAMOS KEIKO🧡🧡🧡 🧡🧡🧡VAMOS KEIKO🧡🧡🧡🧡🧡🧡VAMOS KEIKO🧡🧡🧡🧡🧡🧡VAMOS K🧡🧡🧡VAMOS KEIKO🧡🧡🧡 🧡🧡🧡VAMOS KEIKO🧡🧡🧡🧡🧡🧡VAMOS KEIKO🧡🧡🧡🧡🧡🧡VAMOS K🧡🧡🧡VAMOS KEIKO🧡🧡🧡 🧡🧡🧡VAMOS KEIKO🧡🧡🧡🧡🧡🧡VAMOS KEIKO🧡🧡🧡VAMOS KEIKO🧡🧡🧡 🧡🧡🧡VAMOS KEIKO🧡🧡🧡🧡🧡🧡VAMOS KEIKO🧡🧡🧡🧡🧡🧡VAMOS K🧡🧡🧡VAMOS KEIKO🧡🧡🧡 🧡🧡🧡VAMOS KEIKO🧡🧡🧡🧡🧡🧡VAMOS KEIKO🧡🧡🧡🧡🧡🧡VAMOS K🧡🧡🧡VAMOS KEIKO🧡🧡🧡 🧡🧡🧡VAMOS KEIKO🧡🧡🧡🧡🧡🧡VAMOS KEIKO🧡🧡🧡🧡🧡🧡VAMOS K🧡🧡🧡VAMOS KEIKO🧡🧡🧡 🧡🧡🧡🧡🧡🧡🧡🧡🧡🧡🧡🧡🧡🧡🧡🧡🧡🧡🧡🧡🧡🧡🧡🧡🧡🧡
:🧡🧡🧡VAMOS KEIKO🧡🧡🧡 🧡🧡🧡VAMOS KEIKO🧡🧡🧡🧡🧡🧡VAMOS KEIKO🧡🧡🧡🧡🧡🧡VAMOS K🧡🧡🧡VAMOS KEIKO🧡🧡🧡 🧡🧡🧡VAMOS KEIKO🧡🧡🧡🧡🧡🧡VAMOS KEIKO🧡🧡🧡🧡🧡🧡VAMOS K🧡🧡🧡VAMOS KEIKO🧡🧡🧡 🧡🧡🧡VAMOS KEIKO🧡🧡🧡🧡🧡🧡VAMOS KEIKO🧡🧡🧡🧡🧡🧡VAMOS K🧡🧡🧡VAMOS KEIKO🧡🧡🧡 🧡🧡🧡VAMOS KEIKO🧡🧡🧡🧡🧡🧡VAMOS KEIKO🧡🧡🧡🧡VAMOS KEIKO🧡🧡🧡 🧡🧡🧡VAMOS KEIKO🧡🧡🧡🧡🧡🧡 KEIKO PRESIDENTA",7044368762732577797,jairoisrael05,5,7652810344050721543,7652784565571816725,0,,False,neutral,post_elecciones.ndjson,neutral,0.45989105105400085
o sea q Claudia cisneros no participará,6772909497062458373,insalva,5,7652800300722520852,7652784565571816725,0,,False,neutral,post_elecciones.ndjson,negative,0.5145530700683594
[ステッカー] ,257844242071609344,dayan2429,9,7652788946255512328,7652784565571816725,0,,False,neutral,post_elecciones.ndjson,neutral,0.6115925908088684
[ステッカー] ,6808248657319805958,ricardpg21,8,7652794726672253714,7652784565571816725,0,,False,neutral,post_elecciones.ndjson,neutral,0.6115925908088684
[ステッカー] ,7045777796966712325,aiko._.go,8,7652791542482436884,7652784565571816725,0,,False,neutral,post_elecciones.ndjson,neutral,0.6115925908088684
[ステッカー] ,7222265223276430342,celesrsefml,5,7652792649170289428,7652784565571816725,0,,False,neutral,post_elecciones.ndjson,neutral,0.6115925908088684
"@Arlet Contreras:::🧡VAMOS KEIKO🧡🧡🧡 🧡🧡🧡VAMOS KEIKO🧡🧡🧡🧡🧡🧡VAMOS KEIKO🧡🧡🧡🧡🧡🧡VAMOS K🧡🧡🧡VAMOS KEIKO🧡🧡🧡 🧡🧡🧡VAMOS KEIKO🧡🧡🧡🧡🧡🧡VAMOS KEIKO🧡🧡🧡🧡🧡🧡VAMOS K🧡🧡🧡VAMOS KEIKO🧡🧡🧡 🧡🧡🧡VAMOS KEIKO🧡🧡🧡🧡🧡🧡VAMOS KEIKO🧡🧡🧡🧡🧡🧡VAMOS K🧡🧡🧡VAMOS KEIKO🧡🧡🧡 🧡🧡🧡VAMOS KEIKO🧡🧡🧡🧡🧡🧡VAMOS KEIKO🧡🧡🧡VAMOS KEIKO🧡🧡🧡 🧡🧡🧡VAMOS KEIKO🧡🧡🧡🧡🧡🧡VAMOS KEIKO🧡🧡🧡🧡🧡🧡VAMOS K🧡🧡🧡VAMOS KEIKO🧡🧡🧡 🧡🧡🧡VAMOS KEIKO🧡🧡🧡🧡🧡🧡VAMOS KEIKO🧡🧡🧡🧡🧡🧡VAMOS K🧡🧡🧡VAMOS KEIKO🧡🧡🧡 🧡🧡🧡VAMOS KEIKO🧡🧡🧡🧡🧡🧡VAMOS KEIKO🧡🧡🧡🧡🧡🧡VAMOS K🧡🧡🧡VAMOS KEIKO🧡🧡🧡 🧡🧡🧡VAMOS KEIKO🧡🧡🧡🧡🧡🧡VAMOS KEIKO🧡🧡VAMOS KEIKO🧡🧡🧡 🧡🧡🧡VAMOS KEIKO🧡🧡🧡🧡🧡🧡VAMOS KEIKO🧡🧡🧡🧡🧡🧡VAMOS K🧡🧡🧡VAMOS KEIKO🧡🧡🧡 🧡🧡🧡VAMOS KEIKO🧡🧡🧡🧡🧡🧡VAMOS KEIKO🧡🧡🧡🧡🧡🧡VAMOS K🧡🧡🧡VAMOS KEIKO🧡🧡🧡 🧡🧡🧡VAMOS KEIKO🧡🧡🧡🧡🧡🧡VAMOS KEIKO🧡🧡🧡🧡🧡🧡VAMOS K🧡🧡🧡VAMOS KEIKO🧡🧡🧡 🧡🧡🧡VAMOS KEIKO🧡🧡🧡🧡🧡🧡VAMOS KEIKO🧡🧡🧡VAMOS KEIKO🧡🧡🧡 🧡🧡🧡VAMOS KEIKO🧡🧡🧡🧡🧡🧡VAMOS KEIKO🧡🧡🧡🧡🧡🧡VAMOS K🧡🧡🧡VAMOS KEIKO🧡🧡🧡 🧡🧡🧡VAMOS KEIKO🧡🧡🧡🧡🧡🧡VAMOS KEIKO🧡🧡🧡🧡🧡🧡VAMOS K🧡🧡🧡VAMOS KEIKO🧡🧡🧡 🧡🧡🧡VAMOS KEIKO🧡🧡🧡🧡🧡🧡VAMOS KEIKO🧡🧡🧡🧡🧡🧡VAMOS K🧡🧡🧡VAMOS KEIKO🧡🧡🧡 🧡🧡🧡VAMOS KEIKO🧡🧡🧡🧡🧡🧡VAMOS KEIKO🧡🧡🧡VAMOS KEIKO🧡🧡🧡 🧡🧡🧡VAMOS KEIKO🧡🧡🧡🧡🧡🧡VAMOS KEIKO🧡🧡🧡🧡🧡🧡VAMOS K🧡🧡🧡VAMOS KEIKO🧡🧡🧡 🧡🧡🧡VAMOS KEIKO🧡🧡🧡🧡🧡🧡VAMOS KEIKO🧡🧡🧡🧡🧡🧡VAMOS K🧡🧡🧡VAMOS KEIKO🧡🧡🧡 🧡🧡🧡VAMOS KEIKO🧡🧡🧡🧡🧡🧡VAMOS KEIKO🧡🧡🧡🧡🧡🧡VAMOS K🧡🧡🧡VAMOS KEIKO🧡🧡🧡 🧡🧡🧡🧡🧡🧡🧡🧡🧡🧡🧡🧡🧡🧡🧡🧡🧡🧡🧡🧡🧡🧡🧡🧡🧡🧡
:🧡🧡🧡VAMOS KEIKO🧡🧡🧡 🧡🧡🧡VAMOS KEIKO🧡🧡🧡🧡🧡🧡VAMOS KEIKO🧡🧡🧡🧡🧡🧡VAMOS K🧡🧡🧡VAMOS KEIKO🧡🧡🧡 🧡🧡🧡VAMOS KEIKO🧡🧡🧡🧡🧡🧡VAMOS KEIKO🧡🧡🧡🧡🧡🧡VAMOS K🧡🧡🧡VAMOS KEIKO🧡🧡🧡 🧡🧡🧡VAMOS KEIKO🧡🧡🧡🧡🧡🧡VAMOS KEIKO🧡🧡🧡🧡🧡🧡VAMOS K🧡🧡🧡VAMOS KEIKO🧡🧡🧡 🧡🧡🧡VAMOS KEIKO🧡🧡🧡🧡🧡🧡VAMOS KEIKO🧡🧡🧡🧡VAMOS KEIKO🧡🧡🧡 🧡🧡🧡VAMOS KEIKO🧡🧡🧡🧡🧡🧡 KEIKO PRESIDENTA",7408909759912494086,yulisilvalopez,5,7652790204613591825,7652784565571816725,0,,False,neutral,post_elecciones.ndjson,neutral,0.4460626244544983
Keiko presidenta,7432627125607547909,user4410637494331,7,7652791537709056785,7652784565571816725,0,,False,neutral,post_elecciones.ndjson,positive,0.3831813931465149
vamos keiko,7276841930624566278,kevinjairodayron,5,7652790710460171026,7652784565571816725,0,,False,neutral,post_elecciones.ndjson,positive,0.6336123943328857
"@sound Music:@sound Music::🧡VAMOS KEIKO🧡🧡🧡 🧡🧡🧡VAMOS KEIKO🧡🧡🧡🧡🧡🧡VAMOS KEIKO🧡🧡🧡🧡🧡🧡VAMOS K🧡🧡🧡VAMOS KEIKO🧡🧡🧡 🧡🧡🧡VAMOS KEIKO🧡🧡🧡🧡🧡🧡VAMOS KEIKO🧡🧡🧡🧡🧡🧡VAMOS K🧡🧡🧡VAMOS KEIKO🧡🧡🧡 🧡🧡🧡VAMOS KEIKO🧡🧡🧡🧡🧡🧡VAMOS KEIKO🧡🧡🧡🧡🧡🧡VAMOS K🧡🧡🧡VAMOS KEIKO🧡🧡🧡 🧡🧡🧡VAMOS KEIKO🧡🧡🧡🧡🧡🧡VAMOS KEIKO🧡🧡🧡VAMOS KEIKO🧡🧡🧡 🧡🧡🧡VAMOS KEIKO🧡🧡🧡🧡🧡🧡VAMOS KEIKO🧡🧡🧡🧡🧡🧡VAMOS K🧡🧡🧡VAMOS KEIKO🧡🧡🧡 🧡🧡🧡VAMOS KEIKO🧡🧡🧡🧡🧡🧡VAMOS KEIKO🧡🧡🧡🧡🧡🧡VAMOS K🧡🧡🧡VAMOS KEIKO🧡🧡🧡 🧡🧡🧡VAMOS KEIKO🧡🧡🧡🧡🧡🧡VAMOS KEIKO🧡🧡🧡🧡🧡🧡VAMOS K🧡🧡🧡VAMOS KEIKO🧡🧡🧡 🧡🧡🧡VAMOS KEIKO🧡🧡🧡🧡🧡🧡VAMOS KEIKO🧡🧡VAMOS KEIKO🧡🧡🧡 🧡🧡🧡VAMOS KEIKO🧡🧡🧡🧡🧡🧡VAMOS KEIKO🧡🧡🧡🧡🧡🧡VAMOS K🧡🧡🧡VAMOS KEIKO🧡🧡🧡 🧡🧡🧡VAMOS KEIKO🧡🧡🧡🧡🧡🧡VAMOS KEIKO🧡🧡🧡🧡🧡🧡VAMOS K🧡🧡🧡VAMOS KEIKO🧡🧡🧡 🧡🧡🧡VAMOS KEIKO🧡🧡🧡🧡🧡🧡VAMOS KEIKO🧡🧡🧡🧡🧡🧡VAMOS K🧡🧡🧡VAMOS KEIKO🧡🧡🧡 🧡🧡🧡VAMOS KEIKO🧡🧡🧡🧡🧡🧡VAMOS KEIKO🧡🧡🧡VAMOS KEIKO🧡🧡🧡 🧡🧡🧡VAMOS KEIKO🧡🧡🧡🧡🧡🧡VAMOS KEIKO🧡🧡🧡🧡🧡🧡VAMOS K🧡🧡🧡VAMOS KEIKO🧡🧡🧡 🧡🧡🧡VAMOS KEIKO🧡🧡🧡🧡🧡🧡VAMOS KEIKO🧡🧡🧡🧡🧡🧡VAMOS K🧡🧡🧡VAMOS KEIKO🧡🧡🧡 🧡🧡🧡VAMOS KEIKO🧡🧡🧡🧡🧡🧡VAMOS KEIKO🧡🧡🧡🧡🧡🧡VAMOS K🧡🧡🧡VAMOS KEIKO🧡🧡🧡 🧡🧡🧡VAMOS KEIKO🧡🧡🧡🧡🧡🧡VAMOS KEIKO🧡🧡🧡VAMOS KEIKO🧡🧡🧡 🧡🧡🧡VAMOS KEIKO🧡🧡🧡🧡🧡🧡VAMOS KEIKO🧡🧡🧡🧡🧡🧡VAMOS K🧡🧡🧡VAMOS KEIKO🧡🧡🧡 🧡🧡🧡VAMOS KEIKO🧡🧡🧡🧡🧡🧡VAMOS KEIKO🧡🧡🧡🧡🧡🧡VAMOS K🧡🧡🧡VAMOS KEIKO🧡🧡🧡 🧡🧡🧡VAMOS KEIKO🧡🧡🧡🧡🧡🧡VAMOS KEIKO🧡🧡🧡🧡🧡🧡VAMOS K🧡🧡🧡VAMOS KEIKO🧡🧡🧡 🧡🧡🧡🧡🧡🧡🧡🧡🧡🧡🧡🧡🧡🧡🧡🧡🧡🧡🧡🧡🧡🧡🧡🧡🧡🧡
:🧡🧡🧡VAMOS KEIKO🧡🧡🧡 🧡🧡🧡VAMOS KEIKO🧡🧡🧡🧡🧡🧡VAMOS KEIKO🧡🧡🧡🧡🧡🧡VAMOS K🧡🧡🧡VAMOS KEIKO🧡🧡🧡 🧡🧡🧡VAMOS KEIKO🧡🧡🧡🧡🧡🧡VAMOS KEIKO🧡🧡🧡🧡🧡🧡VAMOS K🧡🧡🧡VAMOS KEIKO🧡🧡🧡 🧡🧡🧡VAMOS KEIKO🧡🧡🧡🧡🧡🧡VAMOS KEIKO🧡🧡🧡🧡🧡🧡VAMOS K🧡🧡🧡VAMOS KEIKO🧡🧡🧡 🧡🧡🧡VAMOS KEIKO🧡🧡🧡🧡🧡🧡VAMOS KEIKO🧡🧡🧡🧡VAMOS KEIKO🧡🧡🧡 🧡🧡🧡VAMOS KEIKO🧡🧡🧡🧡🧡🧡 KEIKO PRESIDENTA",6785583978285122566,edithflorlumbrera,9,7652808060599517959,7652784565571816725,0,,False,neutral,post_elecciones.ndjson,neutral,0.4377073645591736
"@JAnder😅😁:@sound Music: @sound Music::🧡VAMOS KEIKO🧡🧡🧡 🧡🧡🧡VAMOS KEIKO🧡🧡🧡🧡🧡🧡VAMOS KEIKO🧡🧡🧡🧡🧡🧡VAMOS K🧡🧡🧡VAMOS KEIKO🧡🧡🧡 🧡🧡🧡VAMOS KEIKO🧡🧡🧡🧡🧡🧡VAMOS KEIKO🧡🧡🧡🧡🧡🧡VAMOS K🧡🧡🧡VAMOS KEIKO🧡🧡🧡 🧡🧡🧡VAMOS KEIKO🧡🧡🧡🧡🧡🧡VAMOS KEIKO🧡🧡🧡🧡🧡🧡VAMOS K🧡🧡🧡VAMOS KEIKO🧡🧡🧡 🧡🧡🧡VAMOS KEIKO🧡🧡🧡🧡🧡🧡VAMOS KEIKO🧡🧡🧡VAMOS KEIKO🧡🧡🧡 🧡🧡🧡VAMOS KEIKO🧡🧡🧡🧡🧡🧡VAMOS KEIKO🧡🧡🧡🧡🧡🧡VAMOS K🧡🧡🧡VAMOS KEIKO🧡🧡🧡 🧡🧡🧡VAMOS KEIKO🧡🧡🧡🧡🧡🧡VAMOS KEIKO🧡🧡🧡🧡🧡🧡VAMOS K🧡🧡🧡VAMOS KEIKO🧡🧡🧡 🧡🧡🧡VAMOS KEIKO🧡🧡🧡🧡🧡🧡VAMOS KEIKO🧡🧡🧡🧡🧡🧡VAMOS K🧡🧡🧡VAMOS KEIKO🧡🧡🧡 🧡🧡🧡VAMOS KEIKO🧡🧡🧡🧡🧡🧡VAMOS KEIKO🧡🧡VAMOS KEIKO🧡🧡🧡 🧡🧡🧡VAMOS KEIKO🧡🧡🧡🧡🧡🧡VAMOS KEIKO🧡🧡🧡🧡🧡🧡VAMOS K🧡🧡🧡VAMOS KEIKO🧡🧡🧡 🧡🧡🧡VAMOS KEIKO🧡🧡🧡🧡🧡🧡VAMOS KEIKO🧡🧡🧡🧡🧡🧡VAMOS K🧡🧡🧡VAMOS KEIKO🧡🧡🧡 🧡🧡🧡VAMOS KEIKO🧡🧡🧡🧡🧡🧡VAMOS KEIKO🧡🧡🧡🧡🧡🧡VAMOS K🧡🧡🧡VAMOS KEIKO🧡🧡🧡 🧡🧡🧡VAMOS KEIKO🧡🧡🧡🧡🧡🧡VAMOS KEIKO🧡🧡🧡VAMOS KEIKO🧡🧡🧡 🧡🧡🧡VAMOS KEIKO🧡🧡🧡🧡🧡🧡VAMOS KEIKO🧡🧡🧡🧡🧡🧡VAMOS K🧡🧡🧡VAMOS KEIKO🧡🧡🧡 🧡🧡🧡VAMOS KEIKO🧡🧡🧡🧡🧡🧡VAMOS KEIKO🧡🧡🧡🧡🧡🧡VAMOS K🧡🧡🧡VAMOS KEIKO🧡🧡🧡 🧡🧡🧡VAMOS KEIKO🧡🧡🧡🧡🧡🧡VAMOS KEIKO🧡🧡🧡🧡🧡🧡VAMOS K🧡🧡🧡VAMOS KEIKO🧡🧡🧡 🧡🧡🧡VAMOS KEIKO🧡🧡🧡🧡🧡🧡VAMOS KEIKO🧡🧡🧡VAMOS KEIKO🧡🧡🧡 🧡🧡🧡VAMOS KEIKO🧡🧡🧡🧡🧡🧡VAMOS KEIKO🧡🧡🧡🧡🧡🧡VAMOS K🧡🧡🧡VAMOS KEIKO🧡🧡🧡 🧡🧡🧡VAMOS KEIKO🧡🧡🧡🧡🧡🧡VAMOS KEIKO🧡🧡🧡🧡🧡🧡VAMOS K🧡🧡🧡VAMOS KEIKO🧡🧡🧡 🧡🧡🧡VAMOS KEIKO🧡🧡🧡🧡🧡🧡VAMOS KEIKO🧡🧡🧡🧡🧡🧡VAMOS K🧡🧡🧡VAMOS KEIKO🧡🧡🧡 🧡🧡🧡🧡🧡🧡🧡🧡🧡🧡🧡🧡🧡🧡🧡🧡🧡🧡🧡🧡🧡🧡🧡🧡🧡🧡
:🧡🧡🧡VAMOS KEIKO🧡🧡🧡 🧡🧡🧡VAMOS KEIKO🧡🧡🧡🧡🧡🧡VAMOS KEIKO🧡🧡🧡🧡🧡🧡VAMOS K🧡🧡🧡VAMOS KEIKO🧡🧡🧡 🧡🧡🧡VAMOS KEIKO🧡🧡🧡🧡🧡🧡VAMOS KEIKO🧡🧡🧡🧡🧡🧡VAMOS K🧡🧡🧡VAMOS KEIKO🧡🧡🧡 🧡🧡🧡VAMOS KEIKO🧡🧡🧡🧡🧡🧡VAMOS KEIKO🧡🧡🧡🧡🧡🧡VAMOS K🧡🧡🧡VAMOS KEIKO🧡🧡🧡 🧡🧡🧡VAMOS KEIKO🧡🧡🧡🧡🧡🧡VAMOS KEIKO🧡🧡🧡🧡VAMOS KEIKO🧡🧡🧡 🧡🧡🧡VAMOS KEIKO🧡🧡🧡🧡🧡🧡 KEIKO PRESIDENTA",6813538001449387014,marcossportmarcos,9,7652799641310479122,7652784565571816725,0,,False,neutral,post_elecciones.ndjson,neutral,0.47613072395324707
solo pide transparencia es lo justo nada más....,7125165842778522629,wilberpacco935,3,7652806633802334996,7652784565571816725,0,,False,neutral,post_elecciones.ndjson,neutral,0.5695075988769531
"Entiendan será PACÍFICO , libertad de expresión…",6945660206534935558,mayliescobar5,2,7652862811320140552,7652784565571816725,0,,False,neutral,post_elecciones.ndjson,neutral,0.5311299562454224
vamos JP 😎✌️,6813568939358471174,ramos2022,4,7652788233592652565,7652784565571816725,0,,False,neutral,post_elecciones.ndjson,positive,0.760340690612793
[ステッカー] Roberto Sanchez presidente de Bolivia,6958309046802187269,00kkiller00,3,7652915598650229525,7652784565571816725,0,,False,neutral,post_elecciones.ndjson,neutral,0.5598999857902527
ya no asepta la derrota,6812357425624204294,user23541192,0,7653073286650266375,7652784565571816725,0,,False,neutral,post_elecciones.ndjson,neutral,0.7557747960090637
esta bueno el sombrero,7255695264709739525,maritza.zelada,4,7652786373485937409,7652784565571816725,0,,False,neutral,post_elecciones.ndjson,positive,0.8301280736923218
viva presidenta keiko,7397059585792607238,jhoncito.positivo,2,7652892351137121044,7652784565571816725,0,,False,neutral,post_elecciones.ndjson,positive,0.6556116938591003
Roberto sanchez esta en la cima,7069190491136361478,alejo.peru,1,7652977464045519636,7652784565571816725,0,,False,neutral,post_elecciones.ndjson,positive,0.5486682653427124
estl señor piensa para todos los agricultura,7631253969616290832,ribel.sangama7,7,7633861934631109396,7633822751781899538,0,,False,JP,jp1.ndjson,positive,0.47501933574676514
,7592912747302683669,perrito.bondito,10,7633828163349512968,7633822751781899538,0,,False,JP,jp1.ndjson,positive,0.44054585695266724
vamo jp,7252014268844966918,jhnv.o7,3,7634408253955539732,7633822751781899538,0,,False,JP,jp1.ndjson,positive,0.6354631781578064
JP💪💪💪,6869809163129766917,elmergarro21,2,7634324774949798677,7633822751781899538,0,,False,JP,jp1.ndjson,neutral,0.4568508267402649
ay dios. fácil es hablar y aumentar un ministerio más ay dios ya para donde vamos,6785143651506947078,mvch2,2,7635489409786413831,7633822751781899538,0,,False,JP,jp1.ndjson,neutral,0.6433848142623901
,6773700992166478854,frankrsdass,3,7635488547647554311,7633822751781899538,0,,False,JP,jp1.ndjson,positive,0.44054585695266724
Jp💚,262364599315062784,ruthsuclle,2,7633904690836570900,7633822751781899538,0,,False,JP,jp1.ndjson,neutral,0.4568508267402649
jp,7262018271138300933,rosalva.cajo.leon,2,7633868721689215761,7633822751781899538,0,,False,JP,jp1.ndjson,neutral,0.4568508267402649
excelente opción,7531569570073019448,fredyvelarde82,1,7633868703360992018,7633822751781899538,0,,False,JP,jp1.ndjson,positive,0.9310577511787415
POR FAVOR POR TUS VIDEOS PARA PODER DESCARGAR Y PODER COMPARTIR CON MAS PERSONAS,7351951709532718085,elvis.aguilar828,1,7633830849209369362,7633822751781899538,0,,False,JP,jp1.ndjson,positive,0.7487087249755859
,7430623281252353030,ale.cruz7226,1,7634565773823247112,7633822751781899538,0,,False,JP,jp1.ndjson,positive,0.44054585695266724
R y ju,7490611479625008183,jcb4807,0,7634723663145648913,7633822751781899538,0,,False,JP,jp1.ndjson,positive,0.42558392882347107
,7201495704547656710,shantaldalezca,3,7633902629693047572,7633822751781899538,0,,False,JP,jp1.ndjson,positive,0.44054585695266724
la poderosa contamino mis chacras con sus relaves y aceites,7399314947510158341,marianita16.2026,0,7633909634654716693,7633822751781899538,0,,False,JP,jp1.ndjson,neutral,0.5329205393791199
JP presidente.,7390207470313964550,remo8921,2,7634133098367550226,7633822751781899538,0,,False,JP,jp1.ndjson,positive,0.43157410621643066
Si el piensa por todos pero quiere votar a quien tiene la economía estable porque será no el quiere agarrar la plata y por eso debe botarlo,7563509178862568456,natashahuamani407,0,7641977491560940305,7633822751781899538,0,,False,JP,jp1.ndjson,neutral,0.6364765763282776
bin,7262018271138300933,rosalva.cajo.leon,0,7633867316296860433,7633822751781899538,0,,False,JP,jp1.ndjson,neutral,0.46559229493141174
Y donde va a sacar la plata …..por eso quiere remover a Velarde para echar mano de las reservas ….ademas eso de darle plata a los agricultores es una pésima idea,7075151468340233221,lluvia20253,0,7649258729237824263,7633822751781899538,0,,False,JP,jp1.ndjson,negative,0.7974227070808411
te diste cuenta si se seca a la agricultura que comerá la ciudad?,6717761875554288646,cobyzero8,2,7633876357243601684,7633822751781899538,7633861934631109396,7.63386193463111e+18,True,JP,jp1.ndjson,neutral,0.6209851503372192
bien asno eres no ?,7051142711618290693,finalspartan,0,7652009697664385813,7633822751781899538,7633861934631109396,7.63386193463111e+18,True,JP,jp1.ndjson,negative,0.8569676876068115
Para los burros no ay nada asi como tu Jp futuro presidente,7609788610388624385,el.galactico29,0,7634595011409576725,7633822751781899538,7633861934631109396,7.63386193463111e+18,True,JP,jp1.ndjson,negative,0.5181072354316711
Me llegan al pincho los rojetes inutiles y engañados😂,7592912747302683669,perrito.bondito,3,7633920509361783570,7633822751781899538,7633828163349512968,7.633828163349513e+18,True,JP,jp1.ndjson,negative,0.9785757660865784
por eso está donde estás,6914654075775157253,theraez.x6,0,7636674591479530247,7633822751781899538,7634408253955539732,7.63440825395554e+18,True,JP,jp1.ndjson,neutral,0.7245334386825562
por eso estás donde estás,6914654075775157253,theraez.x6,0,7636674666165191431,7633822751781899538,7634324774949798677,7.634324774949799e+18,True,JP,jp1.ndjson,neutral,0.551233172416687
en la reforma agraria velas mato la economía la haciendo nieveria en Huachipa nunca estuvo desacuerdo con eso solo se le robó alos hacendados capitalistas luego le dieron las tierras. a los campesino y luego les abandonaron crearon un banco del estado donde todas parcelas tenían q trabajar para el estado espantaron alas empresas q nos compraban el algodon después el campesino. o tenía aquí en vender eso quiere hacer este improvisado,7463758928234136582,omar.torres.pacha,0,7634975031916118802,7633822751781899538,7633902629693047572,7.633902629693048e+18,True,JP,jp1.ndjson,neutral,0.48112407326698303
"Nose si soy el único, que me sienta seguro al ver a domingo Pérez",6833552516300456966,marcos_iq_99,1870,7649192929161233170,7649095994025577735,0,,False,JP,jp2.ndjson,neutral,0.6508906483650208
Domingo Pérez.... Muchos decidimos votar por jp por ti.... Y verte ahí feliz es gratificante.,6821635520990364678,sofich0430,653,7649179949337068309,7649095994025577735,0,,False,JP,jp2.ndjson,positive,0.9432228207588196
k felicidad ganamos de nuevo a fuerza popular,6947373832530215942,karenlizcastrodelgado,463,7649118180296622856,7649095994025577735,0,,False,JP,jp2.ndjson,positive,0.7853127121925354
"mi madre decía, no se cuentan los pollos antes d nacer!!! 😁",7065097176271733765,yoha_969,1535,7649985649550443285,7649095994025577735,0,,False,JP,jp2.ndjson,neutral,0.675845205783844
aun no canten victoria ✌️el quien ríe último ríe mejor 👍,6859555963008680966,norvithfasabisaldana,209,7649200539356906248,7649095994025577735,0,,False,JP,jp2.ndjson,neutral,0.5911532044410706
voy alistarme para salir del país,7387022617204720645,jiac777,62,7649183078128714517,7649095994025577735,0,,False,JP,jp2.ndjson,neutral,0.5937622785568237
casi 40 mil votos de ventaja le lleva sanchez,6708574620113175557,marcodelcastillo88,65,7649185383343538960,7649095994025577735,0,,False,JP,jp2.ndjson,neutral,0.4462316930294037
no sé pudo no sé pudo,7076638366418584582,italopalacios742,363,7650588311765549831,7649095994025577735,0,,False,JP,jp2.ndjson,negative,0.4006148874759674
"ROBERTO SANCHEZ NO NOS FALLES, SE HONESTO E INTELIGENTE",6954265556506739718,detodounpocoarequipaperu,274,7649135678151721749,7649095994025577735,0,,False,JP,jp2.ndjson,positive,0.7098550796508789
José Pérez bien feliz🥺🥺,7409468119793386502,dapnycc12,546,7649163997095510804,7649095994025577735,0,,False,JP,jp2.ndjson,positive,0.5717196464538574
Dios mio q no gane por favor ya keiko motale tu tienes q ganar 💪💪💪,7291880980318651398,conquistando.cora0,14,7649192241785438984,7649095994025577735,0,,False,JP,jp2.ndjson,positive,0.46501684188842773
🥺🥺🥺 Estoy llorando de felicidad por fin ganamos,7323058193616634922,sumaqurpi3,17,7649557577156838174,7649095994025577735,0,,False,JP,jp2.ndjson,positive,0.7811099290847778
😂😂😂 festejando antes de tiempo,6687645191946028038,rouseao,127,7649946300045804295,7649095994025577735,0,,False,JP,jp2.ndjson,neutral,0.7944892048835754
Castillo libertad. 🥹🥹🥺🥺🥺🥺🙌🙌🙌🙌,7008732924720415750,mellanydelosangeles,220,7649105759973180181,7649095994025577735,0,,False,JP,jp2.ndjson,positive,0.5111163854598999
VIDEO PASADO NO SUEÑEN KEIKO LE GANÓ POR 40 MIL VOTOS,7533784306469520404,tom073939,9,7654657908345488149,7649095994025577735,0,,False,JP,jp2.ndjson,neutral,0.5840891599655151
yo bote porque el doctor perez porque el es una persona honesta,7109492257220854790,guadalupeguzman491,8,7649963871055135509,7649095994025577735,0,,False,JP,jp2.ndjson,neutral,0.6434912085533142
Dios escucho el clamor del pueblo peruano nuestros votos se respeten .Jp presidente,7237892470117614597,.geminis2,7,7652535407783379728,7649095994025577735,0,,False,JP,jp2.ndjson,neutral,0.5310106873512268
Todo para que salga en 6 meses 😂,6788323755216421893,claudiasan95_,13,7649200292395041556,7649095994025577735,0,,False,JP,jp2.ndjson,neutral,0.6182985305786133
También me. Da tranquilidad 😅,6818323472361292805,edithflores287,58,7649195750229312277,7649095994025577735,7649192929161233170,7.649192929161233e+18,True,JP,jp2.ndjson,positive,0.4537678360939026
El villano se viste de oveja y del que finje compasión,6845644837984732166,milenkaju,26,7651287613571269392,7649095994025577735,7649192929161233170,7.649192929161233e+18,True,JP,jp2.ndjson,neutral,0.4943299889564514
hablas de keiko?,319427796248858624,jesuscruzh,0,7651987912364704533,7649095994025577735,7649192929161233170,7.649192929161233e+18,True,JP,jp2.ndjson,neutral,0.6752417683601379
😂🤡🤡🤡🤡🤡 Baboso,7516632773047665720,emi_lia886,0,7655218018410578709,7649095994025577735,7649192929161233170,7.649192929161233e+18,True,JP,jp2.ndjson,neutral,0.5825766324996948
es la esperanza! muchos le dimos apoyo a JP por Domingo Pérez!,6856943021910148101,rous_qp,40,7649205780931494677,7649095994025577735,7649192929161233170,7.649192929161233e+18,True,JP,jp2.ndjson,neutral,0.40443727374076843
😂😂😂😂😂,7122590945225229318,holaychau222,0,7651386459316241160,7649095994025577735,7649192929161233170,7.649192929161233e+18,True,JP,jp2.ndjson,neutral,0.5979587435722351
😁😁😁,6884114789007934469,cieliito_lindo,0,7651455731027723029,7649095994025577735,7649192929161233170,7.649192929161233e+18,True,JP,jp2.ndjson,neutral,0.5979587435722351
jajaja y ahora se acabó tu esperanza,7217182428568306694,jersonherverrodri2,2,7651306301322232594,7649095994025577735,7649192929161233170,7.649192929161233e+18,True,JP,jp2.ndjson,negative,0.5181675553321838
Exacto,6833552516300456966,marcos_iq_99,3,7649353908908983048,7649095994025577735,7649192929161233170,7.649192929161233e+18,True,JP,jp2.ndjson,neutral,0.49856141209602356
😂😂😂🤣🤣🤣,6987573161408119814,tackn_the_cat,4,7650116011122918165,7649095994025577735,7649192929161233170,7.649192929161233e+18,True,JP,jp2.ndjson,neutral,0.5979586839675903
"El único idiota será, que por odio sigue a este impresentable de la Justicia, politizado y que suelta a empresas c{o. ODEBRECH y Villaran super recontra corruptas probadas",7185632927803081734,franklinarturorom,4,7650880017191093010,7649095994025577735,7649192929161233170,7.649192929161233e+18,True,JP,jp2.ndjson,negative,0.9398228526115417
"cuando no tienes nada que perder, porque eres pobre.. q mas da",7553503682630976524,walter3009,3,7650559695627223826,7649095994025577735,7649192929161233170,7.649192929161233e+18,True,JP,jp2.ndjson,negative,0.9231610298156738
x2,7213545055134958598,amelygm03,3,7649193989594202898,7649095994025577735,7649192929161233170,7.649192929161233e+18,True,JP,jp2.ndjson,neutral,0.41293781995773315
SI ERES EL ÚNICO IMBECIL,6882940340379894789,ana_katina,2,7651072930763375378,7649095994025577735,7649192929161233170,7.649192929161233e+18,True,JP,jp2.ndjson,negative,0.9444712996482849
No eres el único 🥺,6785649451391992838,belinda_sv8,2,7649298845226959638,7649095994025577735,7649192929161233170,7.649192929161233e+18,True,JP,jp2.ndjson,neutral,0.4123941659927368
ahora a pescar pesces gordos ..csm,7007601599518770181,borisvalenciaroja,2,7649240258873344769,7649095994025577735,7649192929161233170,7.649192929161233e+18,True,JP,jp2.ndjson,neutral,0.48436734080314636
Hablas del que acaba de despedirse del partido de Sánchez 😂😂😂,7004497170796069894,cholitosoy,1,7652189752904778513,7649095994025577735,7649192929161233170,7.649192929161233e+18,True,JP,jp2.ndjson,negative,0.574603259563446
Tengo esa misma sensación ❤️,6933390115965731846,cindysl85,0,7649211928267784976,7649095994025577735,7649192929161233170,7.649192929161233e+18,True,JP,jp2.ndjson,neutral,0.4437428116798401
"X2
Domingo es mi domingo. Tu domingo nuestro domingo 💙",7490548218582057990,yrk164,0,7649222824531952405,7649095994025577735,7649192929161233170,7.649192929161233e+18,True,JP,jp2.ndjson,positive,0.6299654841423035
yo ya también vote último por Domingo Perez.,7425491668809942021,amarillita556,0,7649387336471954196,7649095994025577735,7649192929161233170,7.649192929161233e+18,True,JP,jp2.ndjson,neutral,0.6745955944061279
"Eres el unico…,!",7588213214229611551,javicho6041,1,7650989786732462861,7649095994025577735,7649192929161233170,7.649192929161233e+18,True,JP,jp2.ndjson,positive,0.9207859039306641
"Si te da seguridad alguien como ese tipejo, quiere decir que tienes un problema.",7210227461882774533,tomcastro35,1,7650852106076947207,7649095994025577735,7649192929161233170,7.649192929161233e+18,True,JP,jp2.ndjson,negative,0.9109619855880737
Eres el único XD ese señor era una cajita,6741546775336223750,aimarivg,1,7650540320438567700,7649095994025577735,7649192929161233170,7.649192929161233e+18,True,JP,jp2.ndjson,positive,0.9004795551300049
Domingo Pérez? Hazte ver,6848059135851824133,kikecaromar15,1,7650498152530002696,7649095994025577735,7649192929161233170,7.649192929161233e+18,True,JP,jp2.ndjson,negative,0.8582889437675476
serás cabro 😂,7468368476698428421,jct8816,1,7649857118275961621,7649095994025577735,7649192929161233170,7.649192929161233e+18,True,JP,jp2.ndjson,neutral,0.5404120087623596
seguro de que ?,7288811471634662446,hugo._.play,1,7649458093885850382,7649095994025577735,7649192929161233170,7.649192929161233e+18,True,JP,jp2.ndjson,neutral,0.595363974571228
X 2,6906438369515013125,mairaalejandraher30,1,7649193837018907400,7649095994025577735,7649192929161233170,7.649192929161233e+18,True,JP,jp2.ndjson,neutral,0.5269663333892822
seguro de que perdieron 🤣🤣🤣,6870447450878264325,ahtom5taller,0,7656947440372777736,7649095994025577735,7649192929161233170,7.649192929161233e+18,True,JP,jp2.ndjson,neutral,0.6770249605178833
Sigues sintiéndote seguro??,6862884149566899205,coii_i81,0,7654664722743395093,7649095994025577735,7649192929161233170,7.649192929161233e+18,True,JP,jp2.ndjson,neutral,0.47808408737182617
Ya no ya causa 🤣🤣🤣,6833552516300456966,marcos_iq_99,0,7654693656695685896,7649095994025577735,7649192929161233170,7.649192929161233e+18,True,JP,jp2.ndjson,neutral,0.5793073773384094
Jajajajjajajajjajajjajajssj,6862884149566899205,coii_i81,0,7654694450758124308,7649095994025577735,7649192929161233170,7.649192929161233e+18,True,JP,jp2.ndjson,neutral,0.5224199295043945
jp presidente,7494774930397135878,zena44196,0,7654402747659518728,7649095994025577735,7649192929161233170,7.649192929161233e+18,True,JP,jp2.ndjson,positive,0.4605230689048767
Se volvió orate el Dr Perez😔😔😳😳,6791960853954479110,elizabethcirineo2,0,7653645419037836050,7649095994025577735,7649192929161233170,7.649192929161233e+18,True,JP,jp2.ndjson,negative,0.9730082750320435
El único weon,7035968876719424518,belia904,0,7653335226844742407,7649095994025577735,7649192929161233170,7.649192929161233e+18,True,JP,jp2.ndjson,negative,0.7662137746810913
jaaaa q paso,7167438663469876230,xtreme_181940,0,7653173324445090577,7649095994025577735,7649192929161233170,7.649192929161233e+18,True,JP,jp2.ndjson,negative,0.4575587213039398
Ese loco debes estar loca,7053626493054026757,noeloncevay7,0,7652990653718725397,7649095994025577735,7649192929161233170,7.649192929161233e+18,True,JP,jp2.ndjson,negative,0.836372435092926
Eres el único,6537069460879053839,marianaaranaconde,0,7652727439093433096,7649095994025577735,7649192929161233170,7.649192929161233e+18,True,JP,jp2.ndjson,positive,0.880691647529602
hay no está más loco que ANTAURO al parecer,6520610622491595791,ycruzperez1,0,7652540543525159688,7649095994025577735,7649192929161233170,7.649192929161233e+18,True,JP,jp2.ndjson,neutral,0.4984297752380371
"Si, eres el único jajajaj",6832746990904886277,terehopkins123,0,7652355859503088391,7649095994025577735,7649192929161233170,7.649192929161233e+18,True,JP,jp2.ndjson,positive,0.7581835985183716
es un mediocre,6788959000575624197,alberguepatitasdeapata,0,7652132426886644498,7649095994025577735,7649192929161233170,7.649192929161233e+18,True,JP,jp2.ndjson,positive,0.77812260389328
😂😂😂Es ironía me imagino,6798604568014226437,kellyriv1,0,7652076244754957077,7649095994025577735,7649192929161233170,7.649192929161233e+18,True,JP,jp2.ndjson,neutral,0.48558831214904785
que te va chee,7504870653461054482,debris952,0,7651649371382088468,7649095994025577735,7649192929161233170,7.649192929161233e+18,True,JP,jp2.ndjson,negative,0.5066295266151428
SOLO A LOS TARA DOS LE PASA ESO,6737066833326883845,clarkbryan6,0,7651462910129144596,7649095994025577735,7649192929161233170,7.649192929161233e+18,True,JP,jp2.ndjson,negative,0.8118138909339905
seguro de que aquuien le gano ayayero de odebrecht se lleno los bolsillos y amda ffree segun el es bueno de bueen ybes un grillo,6834156487393215494,omarvaldiviezobac,0,7651460712543568658,7649095994025577735,7649192929161233170,7.649192929161233e+18,True,JP,jp2.ndjson,negative,0.7407464981079102
x2❤️💪,7360391690031580165,sulaymendoxa,0,7651420243562906388,7649095994025577735,7649192929161233170,7.649192929161233e+18,True,JP,jp2.ndjson,neutral,0.41293779015541077
😂😂😂😂🤣😂😂 que Gil,7429907503704851462,confecsur,0,7651391903074140936,7649095994025577735,7649192929161233170,7.649192929161233e+18,True,JP,jp2.ndjson,neutral,0.5671398639678955
El unico 🫏,6697376423080707077,userpaoo.o,0,7651309898123739925,7649095994025577735,7649192929161233170,7.649192929161233e+18,True,JP,jp2.ndjson,positive,0.6615190505981445
Yo tambien😅💪,6859556037658248197,juanfelipecastroq,0,7651293105623139080,7649095994025577735,7649192929161233170,7.649192929161233e+18,True,JP,jp2.ndjson,neutral,0.47747915983200073
Regálale su camisa de fuerza para que te sientas más seguro,6792630185382659078,joseph921011,0,7651268013152437000,7649095994025577735,7649192929161233170,7.649192929161233e+18,True,JP,jp2.ndjson,neutral,0.4961601197719574
Bruto de m,6859026858585064453,mafucuci,0,7651253755530445589,7649095994025577735,7649192929161233170,7.649192929161233e+18,True,JP,jp2.ndjson,negative,0.953328013420105
"Si, eres el único",6867704702507680774,dxxdxx1986,0,7651238905396364039,7649095994025577735,7649192929161233170,7.649192929161233e+18,True,JP,jp2.ndjson,positive,0.8686452507972717
el unico wbn,6971456609424049158,enzomartinezjg,0,7651131384123605767,7649095994025577735,7649192929161233170,7.649192929161233e+18,True,JP,jp2.ndjson,negative,0.568600594997406
Hay varios antifujimoristas que te respaldan😂🤣,6813900362459087877,alexpatadita,0,7650570000902718229,7649095994025577735,7649192929161233170,7.649192929161233e+18,True,JP,jp2.ndjson,negative,0.8357158899307251
Tuene idio en su interior ... malisimo oara ser politico,7130087596358026245,resiliente987,0,7650366314363912981,7649095994025577735,7649192929161233170,7.649192929161233e+18,True,JP,jp2.ndjson,negative,0.8957008123397827
Seguro no CREOOOO 😂😂😂😂😂SI SALE ESE VIJESTORIO EL PERU VA ABAJO,7075476667935048709,xvie08,0,7649846985793405718,7649095994025577735,7649192929161233170,7.649192929161233e+18,True,JP,jp2.ndjson,negative,0.7380930781364441
X2,7382905016623547397,nicolljessi,0,7649796277278819093,7649095994025577735,7649192929161233170,7.649192929161233e+18,True,JP,jp2.ndjson,neutral,0.41293779015541077
lo bueno se comercializar la marihuana,6872859621934367749,jhonatancanales10,0,7649742233519833874,7649095994025577735,7649192929161233170,7.649192929161233e+18,True,JP,jp2.ndjson,neutral,0.6848404407501221
solo espero verlo como presidente del poder judicial,7305836566232253446,ara.es.h,0,7649489589379580692,7649095994025577735,7649192929161233170,7.649192929161233e+18,True,JP,jp2.ndjson,neutral,0.5498834848403931
calabaza,7603541822048879636,cielo33919,0,7649406291211076373,7649095994025577735,7649192929161233170,7.649192929161233e+18,True,JP,jp2.ndjson,neutral,0.42712631821632385
JAJAJAJA,7124040550244549637,fernanda24_25,0,7649395815349912338,7649095994025577735,7649192929161233170,7.649192929161233e+18,True,JP,jp2.ndjson,neutral,0.4304354786872864
a mí también solo por el di mi voto a jp,7460941076757808144,lidiana.flores2,0,7649383614992859924,7649095994025577735,7649192929161233170,7.649192929161233e+18,True,JP,jp2.ndjson,positive,0.4965570271015167
El que quiere denunciar por difamación por decir que son parte del Movadef?,6526380144783791119,margaret.antay,0,7649251799771087634,7649095994025577735,7649192929161233170,7.649192929161233e+18,True,JP,jp2.ndjson,negative,0.4962978661060333
😭😭😭😭 diosito hasta último jp presidente,6858339885000311814,mayumizumire,0,7649218811418329864,7649095994025577735,7649192929161233170,7.649192929161233e+18,True,JP,jp2.ndjson,neutral,0.6368699669837952
x1000,6677726334971986950,arian.e2,0,7649217522919719688,7649095994025577735,7649192929161233170,7.649192929161233e+18,True,JP,jp2.ndjson,positive,0.36248716711997986
ya también hermano. domingo Pérez es otra cosa,7316227488769590277,neyserrivera1,0,7649210370921480980,7649095994025577735,7649192929161233170,7.649192929161233e+18,True,JP,jp2.ndjson,positive,0.564883291721344
×2,7053985643604771845,lauraesthe,0,7649208715296949000,7649095994025577735,7649192929161233170,7.649192929161233e+18,True,JP,jp2.ndjson,neutral,0.5242443084716797
Ami también,7648741441800733716,alicia.llanos.san,0,7649203118614807317,7649095994025577735,7649192929161233170,7.649192929161233e+18,True,JP,jp2.ndjson,positive,0.6225903630256653
X2,6824013273940673541,hodorcats,0,7649202378234757906,7649095994025577735,7649192929161233170,7.649192929161233e+18,True,JP,jp2.ndjson,neutral,0.41293779015541077
Llora ahora NOSOTROS REMONTAMOS😂😂😂😂🥰KEIKO PRESIDENTA,7566989867700864022,luis08799,19,7650002545029923617,7649095994025577735,7649179949337068309,7.649179949337069e+18,True,JP,jp2.ndjson,neutral,0.5547907948493958
jjajaja ese tal domingo es un manipulador además el siempre quiso tener foco !! es capaz de vender su alma al diablo como ya lo hizo x jp,6957789149912138758,patricia83898989,6,7649800499318899477,7649095994025577735,7649179949337068309,7.649179949337069e+18,True,JP,jp2.ndjson,negative,0.6954214572906494
"Si pasaba Keiko hubiera tenido futuro incierto nuestro fiscal, muchos lo hicimos xq nos vimos identificados",7036827707602781190,burbuja.260,5,7649242355317621521,7649095994025577735,7649179949337068309,7.649179949337069e+18,True,JP,jp2.ndjson,neutral,0.7210885286331177
jajaja 🤡🤡,7517467393741145094,ave.fenix4483,2,7651016890290062081,7649095994025577735,7649179949337068309,7.649179949337069e+18,True,JP,jp2.ndjson,neutral,0.5106168389320374
disculpen a mi alpaca se escapo del corral,7553503682630976524,walter3009,2,7650559575953031954,7649095994025577735,7649179949337068309,7.649179949337069e+18,True,JP,jp2.ndjson,neutral,0.7265125513076782
el fiscal que no gano nada ... y ahora lo salo a jp 😂😂😂😂😂,7167373001339192326,annaamez7,2,7650493598254220040,7649095994025577735,7649179949337068309,7.649179949337069e+18,True,JP,jp2.ndjson,negative,0.8942049145698547
no te confies recuerda q la mitad del pais esta con keiko y en el congreso somos mas ojo 😁😁😁,6987189279773557765,angeleduardoinfan4,2,7649216468203569940,7649095994025577735,7649179949337068309,7.649179949337069e+18,True,JP,jp2.ndjson,negative,0.42643406987190247
más gratificante es verlos llorar y decir el pueblo el pueblo marcha 🤡😂,7577157043619431431,anderson.vasquez688,1,7650393604665967380,7649095994025577735,7649179949337068309,7.649179949337069e+18,True,JP,jp2.ndjson,positive,0.8643105030059814
te felicito jajaa,7206856492611175429,nunca...1,0,7661020003648242439,7649095994025577735,7649179949337068309,7.649179949337069e+18,True,JP,jp2.ndjson,positive,0.8340595960617065
el feliz y tu ??? 😁,6858597290266526726,santos.2904,0,7653612874066215687,7649095994025577735,7649179949337068309,7.649179949337069e+18,True,JP,jp2.ndjson,positive,0.7203891277313232
Inútil,7498569525467382789,ana041915,0,7652092676863312656,7649095994025577735,7649179949337068309,7.649179949337069e+18,True,JP,jp2.ndjson,negative,0.4176487922668457
Símbolo de que? 😂😂😂,6803863548701312006,aurora_traffikerdigital,1,7666306108587688720,7643973259376987399,0,,False,JP,jp3.ndjson,neutral,0.5236998796463013
jaaaaaa.,7523780633228887060,mirian.ochoa.espi,0,7666161140603077392,7643973259376987399,0,,False,JP,jp3.ndjson,neutral,0.38559430837631226
Keiko Presidenta,7544544859018216464,vi63416,808,7644155193978323732,7643973259376987399,0,,False,JP,jp3.ndjson,positive,0.3831813931465149
"como puedo hacer,quiero pertenecer al partido 🥰🥰",7373107162400277510,gilvi393,255,7644288625253696277,7643973259376987399,0,,False,JP,jp3.ndjson,neutral,0.5406132340431213
si es verdad keiko presidente,7570576514710930450,joserigobertosant5,480,7644163465041249040,7643973259376987399,0,,False,JP,jp3.ndjson,positive,0.5141506791114807
Ami me representa mi presidente Keiko Sofía y punto,7216887112925676550,nilton.beraun.cas,15,7665108857510036232,7643973259376987399,0,,False,JP,jp3.ndjson,positive,0.890293300151825
"Después de pensarlo mucho llego a concluir lo siguiente: Si hay que elegir entre keiko y JP.
No es que Sánchez sea la mejor opción, pero hay que analizar el poder real que tendría cada uno.
Un presidente en Perú no puede hacer lo que quiera si no tiene mayoría en el Congreso. Si intenta medidas radicales, lo bloquean, lo frenan o incluso lo pueden sacar del cargo (ya pasó antes). O sea, hay límites claros. sobre el BCR, tampoco es tan simple. Tiene autonomía y no depende solo de lo que quiera el presidente. Se necesitan procesos y acuerdos, no es algo que pueda cambiar por decisión propia, ahora, comparemos: Keiko ya tuvo una mayoría fuerte en el Congreso en el pasado y no vimos reformas reales ni mejoras claras; al contrario, hubo más enfrentamientos políticos y crisis ,entonces es válido preguntarse: si ya tuvo poder y no lo usó bien, ¿por qué sería diferente ahora?además, su historial y el de su entorno generan desconfianza en mucha gente, y eso no es invento.
Al final, no se trata de elegir al candidato perfecto, porque no lo hay se trata de elegir el escenario donde haya más control y menos riesgo de concentración de poder.
Y en ese sentido, un candidato sin tanto respaldo político es más fácil de limitar que uno que podría tener más control.
Votemos por JP hasta que se equilibre los poderes 🤞",6806055426960131077,libr_923,192,7644385027694314258,7643973259376987399,0,,False,JP,jp3.ndjson,neutral,0.5814188122749329
donde andas para ayudar alos dagnificados del sismo en huancayo,6710297142484124677,rossyfernandezoficial,6,7665713027111666440,7643973259376987399,0,,False,JP,jp3.ndjson,neutral,0.6214202046394348
Por lo menos está poniendo buena gente en su equipo,6984411421497476102,zadithyakely,289,7644252131873260308,7643973259376987399,0,,False,JP,jp3.ndjson,positive,0.6708498597145081
Mi voto para keiko ✍️💪,7430600218917782534,jasmin.soto814,240,7644324957074637589,7643973259376987399,0,,False,JP,jp3.ndjson,positive,0.5077247619628906
cuando estoy triste veo este video y se me pasa 😝😝😝,7266214785019626501,franciscarlos89,8,7664364962973827858,7643973259376987399,0,,False,JP,jp3.ndjson,neutral,0.475124329328537
Arequipa estamos con JP 🥰🥰🥰,6888739277422674950,nellieac,138,7646538842639549191,7643973259376987399,0,,False,JP,jp3.ndjson,positive,0.48973339796066284
Con mas del 70% ganará JP. Presidente del Perú.,6972947808991233029,jhancarlitos07012011,58,7644367187059540757,7643973259376987399,0,,False,JP,jp3.ndjson,neutral,0.5702612400054932
Keiko presidenta 🎉🎉🎉,6766047142933464070,user6391615097572,82,7644353132893356818,7643973259376987399,0,,False,JP,jp3.ndjson,positive,0.47870969772338867
Jp Roberto sanchez presidente libertad para el presidente José pedro castillo,7640255213881820181,hildagonzales529,0,7664819411459244820,7643973259376987399,0,,False,JP,jp3.ndjson,neutral,0.4977257549762726
vamos keyko👍👍👍,6925896309761770501,maryrosalessantos,137,7644038857198158612,7643973259376987399,0,,False,JP,jp3.ndjson,positive,0.6592959761619568
viva con Roberto Sanchez Presidente es lijitimo el gano linpio,7393439631260353542,santy5382,1,7664353320064303888,7643973259376987399,0,,False,JP,jp3.ndjson,positive,0.7313188910484314
vamos keiko..,7508192139970069511,santy.2650,25,7644404046430733064,7643973259376987399,0,,False,JP,jp3.ndjson,positive,0.6819543838500977
Todo Huancayo está con PEDRO CASTILLO.,7397775886924219398,jaime.condor.carr,25,7612832499173655314,7612744903075908884,0,,False,JP,jp3.ndjson,neutral,0.5532698631286621
KEIKO Presidente del Perú,7415323294016128006,mariacorina599,8,7612833324276548360,7612744903075908884,0,,False,JP,jp3.ndjson,neutral,0.4517070949077606
,7475836638363927553,nightsex10,33,7612759255506338578,7612744903075908884,0,,False,JP,jp3.ndjson,positive,0.44054585695266724
No dejen colarse que se va perder votos,7508810425607209985,user800420215747,1,7613072112240411413,7612744903075908884,0,,False,JP,jp3.ndjson,neutral,0.5655736923217773
como me gustaría que el sueldo congresual sea el mínimo y les creo,6977733485490766853,enriqueramoz449,2,7613212351252546324,7612744903075908884,0,,False,JP,jp3.ndjson,neutral,0.41085994243621826
JP presidente,7555904938619896848,josuefranklinsanc,0,7616035267232826119,7612744903075908884,0,,False,JP,jp3.ndjson,positive,0.4605233073234558
"quiero saber si humala representa a este partido ,..? con algun numero.?",6890395295834719238,jf.ortiz.orellana,0,7614590192053453589,7612744903075908884,0,,False,JP,jp3.ndjson,neutral,0.6765807271003723
vamos castillo a ganar,6852450822052480006,americanoguevarafernande,1,7612842519684858625,7612744903075908884,0,,False,JP,jp3.ndjson,positive,0.8887359499931335
tienes mi voto,6856854717394535429,malenabien,4,7612793726604509953,7612744903075908884,0,,False,JP,jp3.ndjson,positive,0.6414057016372681
excelente opción,7188580517381260293,maximo.cuya5,3,7612780817316938517,7612744903075908884,0,,False,JP,jp3.ndjson,positive,0.931057870388031
Este rojo,7036943968714671110,rafaelht6,0,7613730632288895752,7612744903075908884,0,,False,JP,jp3.ndjson,neutral,0.4788450002670288
UNIDOS PERÚ POR JP👏👏,6926965353336669189,avm1112,0,7617623884732744466,7612744903075908884,0,,False,JP,jp3.ndjson,positive,0.6705631017684937
baja al mercado las flores de Breña espalda del hospital del ñiño,7037568648018068486,juan.cardenas807,0,7613143560490566421,7612744903075908884,0,,False,JP,jp3.ndjson,neutral,0.6903386116027832
💀💀💀,6989425590635234309,danilo_rt,1,7613100207271101204,7612744903075908884,0,,False,JP,jp3.ndjson,neutral,0.5979586839675903
JP ala victoria,7177491703028220934,gregorychampiquispe23,0,7613427781631820560,7612744903075908884,0,,False,JP,jp3.ndjson,positive,0.7035241723060608
cuando x cusco,6898716948206650373,ninklin.2000,0,7613835153325310740,7612744903075908884,0,,False,JP,jp3.ndjson,positive,0.4950855076313019
bien iber marabi👍👍👏👏👏,7499485328697639954,cuadros189,0,7612841568630080263,7612744903075908884,0,,False,JP,jp3.ndjson,positive,0.5314784049987793
antauro no,6849328140230247430,veronicamejia088,0,7614225445144199953,7612744903075908884,0,,False,JP,jp3.ndjson,neutral,0.6200015544891357
,7406137768428241926,f..y..a1,0,7622798356242580242,7612744903075908884,0,,False,JP,jp3.ndjson,positive,0.44054603576660156
no pasa nada,7182587503631025158,marisolaguilar5391,0,7613097897622225682,7612744903075908884,0,,False,JP,jp3.ndjson,positive,0.46086445450782776
jajaja😂,6909548661749122053,jovet48,0,7626861906691736337,7612744903075908884,0,,False,JP,jp3.ndjson,neutral,0.4382643401622772
,7557014761121661959,mariaelenaruizpar2,0,7613200957333439253,7612744903075908884,0,,False,JP,jp3.ndjson,positive,0.44054603576660156
,7201698287929623557,sanchezlaurentecronwell,0,7621717910080111377,7612744903075908884,0,,False,JP,jp3.ndjson,positive,0.44054603576660156
Mi voto será con conciencia popular 💪💪 por eso votaré por iber Maravi un Senador con amor para su pueblo y libertad al PRESIDENTE PEDRO CASTILLO ♥️♥️💪💪💪,7185693077645296686,anamariarodriguez3447,8,7612827390527701773,7612744903075908884,0,,False,JP,jp3.ndjson,positive,0.571866512298584
no pasa nada,7167907169366377477,pascualino180,0,7618778300781937409,7612744903075908884,0,,False,JP,jp3.ndjson,positive,0.46086445450782776
10 gatos 😎,7303887280241492997,marco_c4st,0,7613765471066178305,7612744903075908884,0,,False,JP,jp3.ndjson,neutral,0.452848881483078
EXCELENTE!! MARAVI!! TIENES MI VOTO!,7478522473514255415,ellorax966,0,7616410640852222741,7612744903075908884,0,,False,JP,jp3.ndjson,positive,0.9673700928688049
Este es tuco,7401349784265540614,user3676631779687,1,7612767133723820807,7612744903075908884,0,,False,JP,jp3.ndjson,positive,0.5430587530136108
tuco,7590176014065026064,cesar.galvez76,1,7612764841845179152,7612744903075908884,0,,False,JP,jp3.ndjson,neutral,0.5046685934066772
"Entiendo que quieras que saquen a Pedro Castillo, pero ¿vas a decidir tu voto solo por eso?
Porque después, si todo sube, no va a importar quién salió… va a importar cuánto te cuesta vivir.
Además, Roberto Sánchez, cuando pasó todo y mandaron a Pedro Castillo a la cárcel, marcó distancia y no lo defendió.
Entonces, ¿por qué ahora sí confiar en la promesa de que lo va a sacar, si en el momento más crítico no lo apoyó e incluso dijo que no tenía por qué defenderlo?",7008279698259395589,arabelrw,0,7626638691294085908,7612744903075908884,0,,False,JP,jp3.ndjson,negative,0.6876892447471619
Todos los candidatos presidencial y cenadores .. No veo que dan propuestas en el ministerio de trabajo como Arán para desaparecer las empresas intermediarios o servís se están metiendo en todo los sectores hasta en construcción y minería Las empresas ya no están pagando como tiene que ser.,6959681576599667717,jorge.m067,0,7623812426300343048,7612744903075908884,0,,False,JP,jp3.ndjson,negative,0.6890444755554199
luchador por los derechos del pueblo.,7188333671371473925,user4219956911423,0,7622835398507348757,7612744903075908884,0,,False,JP,jp3.ndjson,positive,0.5739659070968628
mañana voto por keiko,6972287511584506886,cesarmontenegro42,0,7616058701371736853,7612744903075908884,0,,False,JP,jp3.ndjson,neutral,0.5335504412651062
felizmente no pasarán la valla electoral,7345675954368873478,cesarchota6,0,7613969255256654612,7612744903075908884,0,,False,JP,jp3.ndjson,neutral,0.5137749314308167
Nada con terrorismo.,6828365229333005317,violetatorresvaldivia,0,7613064116382548743,7612744903075908884,0,,False,JP,jp3.ndjson,negative,0.5993156433105469
Terrorismo nunca más,7446622879166891054,charlesxavier0595,0,7613045353156182814,7612744903075908884,0,,False,JP,jp3.ndjson,neutral,0.41831883788108826
todo Perú apoyamos Pedro Castillo y Roberto Sánchez,7560070469585912844,aguilar.montenegr,0,7613040639563252498,7612744903075908884,0,,False,JP,jp3.ndjson,positive,0.4944114685058594
senderistas,6633160883780616197,alberto_mc05,0,7616605004270748434,7612744903075908884,0,,False,JP,jp3.ndjson,neutral,0.5384747982025146
castillo dió un golpe de estado y está dónde tiene que estar,7401129028688430086,josecafe122,2,7613709618699027218,7612744903075908884,7612832499173655314,7.612832499173656e+18,True,JP,jp3.ndjson,neutral,0.4892219305038452
tu serás el único castiburrete que estás con ellos,7483351446622422022,forancho2,2,7613008540513420040,7612744903075908884,7612832499173655314,7.612832499173656e+18,True,JP,jp3.ndjson,negative,0.8877810835838318
Que chi tiene que ver ese animal en política,6821181754244662277,efrahuaman,0,7619837723625865991,7612744903075908884,7612832499173655314,7.612832499173656e+18,True,JP,jp3.ndjson,negative,0.8935933709144592
por que dices todo huancayo no entiendo?,7200786053686395910,santoyoo3,0,7614676091916632840,7612744903075908884,7612832499173655314,7.612832499173656e+18,True,JP,jp3.ndjson,negative,0.49482861161231995
"Entiendo que quieras que saquen a Pedro Castillo, pero ¿vas a decidir tu voto solo por eso?
Porque después, si todo sube, no va a importar quién salió… va a importar cuánto te cuesta vivir.
Además, Roberto Sánchez, cuando pasó todo y mandaron a Pedro Castillo a la cárcel, marcó distancia y no lo defendió.
Entonces, ¿por qué ahora sí confiar en la promesa de que lo va a sacar, si en el momento más crítico no lo apoyó e incluso dijo que no tenía por qué defenderlo",7008279698259395589,arabelrw,0,7626638796326568724,7612744903075908884,7612832499173655314,7.612832499173656e+18,True,JP,jp3.ndjson,negative,0.6678873896598816
👍👍👍👍👍,7589463290729006101,luz.cubas66,0,7612854583296213778,7612744903075908884,7612832499173655314,7.612832499173656e+18,True,JP,jp3.ndjson,neutral,0.5979586839675903
"Entiendo que quieras que saquen a Pedro Castillo, pero ¿vas a decidir tu voto solo por eso?
Porque después, si todo sube, no va a importar quién salió… va a importar cuánto te cuesta vivir.
Además, Roberto Sánchez, cuando pasó todo y mandaron a Pedro Castillo a la cárcel, marcó distancia y no lo defendió.
Entonces, ¿por qué ahora sí confiar en la promesa de que lo va a sacar, si en el momento más crítico no lo apoyó e incluso dijo que no tenía por qué defenderlo",7008279698259395589,arabelrw,0,7626638896981623572,7612744903075908884,7612827390527701773,7.612827390527702e+18,True,JP,jp3.ndjson,negative,0.6678873896598816
Zurdo,255094538447486976,yane_pretel,0,7613043316460192532,7612744903075908884,0,,False,JP,jp3.ndjson,neutral,0.5315482020378113
keiko presidente,6989690412861473797,dysyatu0zji9,0,7612991548251489042,7612744903075908884,0,,False,JP,jp3.ndjson,neutral,0.4107331931591034
Sendero nunca más !,7029907348542850053,reportero007,9,7612883467307991828,7612744903075908884,0,,False,JP,jp3.ndjson,negative,0.6940839290618896
libertad para mi presidente castillo,7186028234634183685,juancarlosprncipe,5,7613059160834278165,7612744903075908884,0,,False,JP,jp3.ndjson,positive,0.6097769141197205
nunca votaría por estos rojos,7385254894913192965,hildo.velasquez.c,1,7612887399156269825,7612744903075908884,0,,False,JP,jp3.ndjson,negative,0.6569781303405762
Yo votaré por el,7013409558496658437,user2735152193058,1,7612866403578741521,7612744903075908884,0,,False,JP,jp3.ndjson,positive,0.6698269248008728
vamos x la asamblea constituyente Pero CUMPLAN PUES,7285164658566677509,marthamamaniccaji,1,7612991280469082888,7612744903075908884,0,,False,JP,jp3.ndjson,neutral,0.5103970766067505
😎,190036580491972608,lucylilianatuort,1,7612863699368035089,7612744903075908884,0,,False,JP,jp3.ndjson,neutral,0.5979586839675903
👍👍👍👍,7044614673610228742,elgato1234455566,1,7612752765542253319,7612744903075908884,0,,False,JP,jp3.ndjson,neutral,0.5979586839675903
😂😂😂,6787930409339732998,jonn.r1,0,7622818848765477650,7612744903075908884,0,,False,JP,jp3.ndjson,neutral,0.5979586839675903
Castillista nunca mas,7131523621944427526,nancypumaccajiagu,0,7613852443948434196,7612744903075908884,0,,False,JP,jp3.ndjson,negative,0.5089381337165833
"Rechazo total a la sra K naranja y derecha corrupta en la politica,Apoyo total a Roberto Sanchez,Asamblea constituyente y nueva constitucion!",7323521116949070853,luismif2901,0,7613114396764275464,7612744903075908884,0,,False,JP,jp3.ndjson,negative,0.8638153076171875
😡😡😡,7300005658034799622,marino.tan.olano,0,7619086576106193685,7612744903075908884,0,,False,JP,jp3.ndjson,neutral,0.5979586839675903
😅😅💪💪,7321940205618562054,danyrosales14,0,7614460188938109704,7612744903075908884,0,,False,JP,jp3.ndjson,neutral,0.5979586839675903
👍👍👍,7092631525929403398,fernandogv55,0,7613175496574206728,7612744903075908884,0,,False,JP,jp3.ndjson,neutral,0.5979586839675903
😬,7200382858513908742,nellyrubyllanosantay23,0,7613055797933851410,7612744903075908884,0,,False,JP,jp3.ndjson,neutral,0.5979586839675903
la izquierda nunca más,6989690412861473797,dysyatu0zji9,1,7612991732426408711,7612744903075908884,0,,False,JP,jp3.ndjson,negative,0.7755080461502075
TERRORISTAS NUNCA MÁS!!,7248448471689970693,mely22810,0,7616184541909222162,7612744903075908884,0,,False,JP,jp3.ndjson,negative,0.5123946070671082
"El comunismo-socialismo es, a pobreza, hambre y muerte,.....
Despierta peruan@.",7258454973268313093,cfbc77,1,7614720199678067463,7612744903075908884,0,,False,JP,jp3.ndjson,negative,0.8049225807189941
El terrorista debe seguir en la cárcel.,6861300815173567493,carlinhortk,1,7613051454690362133,7612744903075908884,0,,False,JP,jp3.ndjson,negative,0.9025877118110657
"Éste tuco está simulando cómo tirando un queso ruso,,, terrorista reencauchado a seudo luchador social",6851309607189578757,edenpastora,1,7612815436914328341,7612744903075908884,0,,False,JP,jp3.ndjson,negative,0.9655337929725647
LOS TERRORISTAS OTRA VEZ QUIEREN JODER .....NO HAY QUE PERMITIR ESO,7466637529409586177,cj45370,0,7613845093087838997,7612744903075908884,0,,False,JP,jp3.ndjson,negative,0.9059350490570068
No queremos terroristas en el congreso.,6836936514125382662,skyfall0523,0,7613473885191602951,7612744903075908884,0,,False,JP,jp3.ndjson,neutral,0.5441744327545166
teerruko,7111656789178958853,modanniy,0,7613839218972754709,7612744903075908884,0,,False,JP,jp3.ndjson,negative,0.5683124661445618
Sigan soñando,7566266529261814840,manuel.chavez.mej5,0,7613061133230162708,7612744903075908884,0,,False,JP,jp3.ndjson,neutral,0.48449647426605225
el presidente más honesto,7332172196280517638,victor.rondan.nue,450,7627527338837771029,7627356702525934869,0,,False,JP,jp3.ndjson,positive,0.6363440155982971
mañana ganamos Roberto Sánchez,7023495905764819974,hectormhs,134,7627637766860374804,7627356702525934869,0,,False,JP,jp3.ndjson,neutral,0.5107075572013855
El mejor presidente del Perú asta el momento castillo,7170449075392545797,edinbernal13,26,7627701117158130450,7627356702525934869,0,,False,JP,jp3.ndjson,positive,0.7605214715003967
si tu postulas mi voto es parati vamos carajo domingo ganamos,7012036181039416326,danielchacchi02,84,7627571771718238984,7627356702525934869,0,,False,JP,jp3.ndjson,positive,0.843254566192627
Quien dio la orden quel el avion presidencial no este al uso del presidente?,7251122432164725766,jowirgiyz0w,7,7627902249415066386,7627356702525934869,0,,False,JP,jp3.ndjson,neutral,0.7679163217544556
Mañana ganamos carajo Roberto Sánchez presidente,6804956931401237509,darioculqui,36,7627574548590084884,7627356702525934869,0,,False,JP,jp3.ndjson,positive,0.6411387324333191
Keiko presidenta 28 julio 2026,7194066553738413061,leo214270,0,7639452484545364744,7627356702525934869,0,,False,JP,jp3.ndjson,neutral,0.47879648208618164
vamos pedro castillo libertad Roberto presidente,7327721457240769541,tesoro.mio08,55,7627524794774389522,7627356702525934869,0,,False,JP,jp3.ndjson,positive,0.7507100105285645
CON MAYOR GUSTÓ VOTAREMOS POR JP ROBERTO SANCHEZ PALOMINO.,7422521488303129605,wilychoque84,21,7638709159894254354,7627356702525934869,0,,False,JP,jp3.ndjson,neutral,0.608468234539032
jp no es castillo,7488316082538333202,isaac.acy,5,7627902926145323783,7627356702525934869,0,,False,JP,jp3.ndjson,neutral,0.6345783472061157
,6872488107439096838,rosa_.mamani_,9,7627528937815474962,7627356702525934869,0,,False,JP,jp3.ndjson,positive,0.4405459463596344
fuiste grande un orgullo para latino america,7514105749573600261,adolfo.aricoma,4,7649495858187404052,7627356702525934869,0,,False,JP,jp3.ndjson,positive,0.9367327094078064
,7142636960480642054,marlenivillanueva76,7,7627491375471198977,7627356702525934869,0,,False,JP,jp3.ndjson,positive,0.4405459463596344
El mejor presidente del Perú,7602395325995992097,maxqg77,1,7629199847115293462,7627356702525934869,0,,False,JP,jp3.ndjson,positive,0.8474645018577576
Si mal no recuerdo el menciono que no iba a utilizar el avión presidencial,6930293468821783558,haroll_gut,3,7628116880653533972,7627356702525934869,0,,False,JP,jp3.ndjson,neutral,0.801639199256897
El mejor. Solo k no lo dejaron.,6922214652823979014,edercesarcastillo5479,9,7628326678036513553,7627356702525934869,0,,False,JP,jp3.ndjson,neutral,0.5426865220069885
vez se dan cuenta??,7607969530744751120,roy60.huamani,0,7639450681237455632,7627356702525934869,0,,False,JP,jp3.ndjson,negative,0.6877528429031372
"Votaré por jp
Castillo libertad",7125624086537339909,antua.flores,2,7629196982821602065,7627356702525934869,0,,False,JP,jp3.ndjson,positive,0.6426808834075928
mañana mi voto es tuyo y bamos a ganar,7513405809918034945,santosrojas3900,1,7627708269675758343,7627356702525934869,0,,False,JP,jp3.ndjson,positive,0.9251987934112549
con gusto para apoyar a este partido,6816134090493445125,luz_03_20,0,7642520956410495764,7627356702525934869,0,,False,JP,jp3.ndjson,neutral,0.46448493003845215
,6768816736055034885,blue_lover016,2,7617933269196440340,7617878769298165012,0,,False,JP,jp3.ndjson,positive,0.4405459463596344
vamos JP,7332140890963706885,david.el.dulce.de,0,7618352760606327573,7617878769298165012,0,,False,JP,jp3.ndjson,positive,0.726966917514801
jp,7496260742048465927,marymedina3581,0,7645377714345624340,7617878769298165012,0,,False,JP,jp3.ndjson,neutral,0.45685091614723206
"Según su historial el Sr. zRoberto Sánchez ,no es Comunista Marxista o mahoista. Lo que es de filosofía Socia y Justifica Social con participación de Capitales privados, y si JP. no aclara esto podría perder las elecciones.",7532991275755652103,felixcampoverde5,0,7636376984642585364,7617878769298165012,0,,False,JP,jp3.ndjson,negative,0.5384337902069092
huerto JP🥰🥰🥰🥰🥰🥰🥰,7507894091642340358,santos.teonila.sn,0,7635093664796771079,7617878769298165012,0,,False,JP,jp3.ndjson,positive,0.5148839950561523
,6676257218700706821,jorgesammiroregue,3,7629922029726106389,7617878769298165012,0,,False,JP,jp3.ndjson,positive,0.4405459463596344
,7188541752629855237,nohe.e17,0,7635382816059360007,7617878769298165012,0,,False,JP,jp3.ndjson,positive,0.4405459463596344
,7152177350788350981,mariagamboagonzal3,0,7618394227432850177,7617878769298165012,0,,False,JP,jp3.ndjson,positive,0.4405459463596344
ni modo botare por keyko,6784557453545669637,deivis45,2,7630109024382075668,7617878769298165012,0,,False,JP,jp3.ndjson,neutral,0.46885108947753906
Deberían ponerlo para descargar,7320844859928200197,karentzg6,0,7648031796596949768,7617878769298165012,0,,False,JP,jp3.ndjson,neutral,0.4672326445579529
,6834623193345623045,sdrericka,0,7650314077365764871,7617878769298165012,0,,False,JP,jp3.ndjson,positive,0.4405459463596344
https://vt.tiktok.com/ZSHwfteDK/,7112597460946535429,rxdgoo,0,7630247106523448082,7617878769298165012,0,,False,JP,jp3.ndjson,neutral,0.5432178378105164
👏👏👏,7218342007155442693,mischka251,0,7650580221900489488,7617878769298165012,0,,False,JP,jp3.ndjson,neutral,0.5979583263397217
👍👍👍,7049196390376309765,ing_juan_ravichahua,0,7619351256595366676,7617878769298165012,0,,False,JP,jp3.ndjson,neutral,0.5979583263397217
"🧡VAMOS KEIKO🧡🧡🧡 🧡🧡🧡VAMOS KEIKOVAMOS KEIKO🧡🧡🧡 🧡🧡🧡VAMOS KEIKO🧡🧡🧡🧡🧡🧡VAMOS KEIKO🧡🧡🧡🧡🧡🧡VAMOS K🧡🧡🧡VAMOS KEIKO🧡🧡🧡 🧡🧡🧡VAMO KEIKO🧡🧡🧡🧡🧡🧡VAMOS KEIKO🧡🧡🧡🧡🧡🧡VAMOS K🧡🧡🧡VAMOS KEIKO🧡🧡🧡 🧡🧡🧡VAMOS KEIKO🧡🧡🧡🧡🧡🧡VAMOS KEIKO🧡🧡🧡🧡🧡🧡VAMOS K🧡🧡🧡VAMOS KEIKO🧡🧡🧡 🧡🧡🧡VAMOS KEIKO🧡🧡🧡🧡🧡🧡VAMOS KEIKO🧡🧡🧡VAMOS KEIKO🧡🧡🧡 🧡🧡🧡VAMOS KEIKO🧡🧡🧡🧡🧡🧡VAMOS KEIKO🧡🧡🧡🧡🧡🧡VAMOS K🧡🧡🧡VAMOS KEIKO🧡🧡🧡 🧡🧡🧡VAMOS KEIKO🧡🧡🧡🧡🧡🧡VAMOS KEIKO🧡🧡🧡🧡🧡🧡VAMOS K🧡🧡🧡VAMOS KEIKO🧡🧡🧡 🧡🧡🧡VAMOS KEIKO🧡🧡🧡🧡🧡🧡VAMOS KEIKO🧡🧡🧡🧡🧡🧡VAMOS K🧡🧡🧡VAMOS KEIKO🧡🧡🧡 🧡🧡🧡VAMOS KEIKO🧡🧡🧡🧡🧡🧡VAMOS KEIKO🧡🧡VAMOS KEIKO🧡🧡🧡 🧡🧡🧡VAMOS KEIKO🧡🧡🧡🧡🧡🧡VAMOS KEIKO🧡🧡🧡🧡🧡🧡VAMOS K🧡🧡🧡VAMOS KEIKO🧡🧡🧡 🧡🧡🧡VAMOS KEIKO🧡🧡🧡🧡🧡🧡VAMOS KEIKO🧡🧡🧡🧡🧡🧡VAMOS K🧡🧡🧡VAMOS KEIKO🧡🧡🧡 🧡🧡🧡VAMOS KEIKO🧡🧡🧡🧡🧡🧡VAMOS KEIKO🧡🧡🧡🧡🧡🧡VAMOS K🧡🧡🧡VAMOS KEIKO🧡🧡🧡 🧡🧡🧡VAMOS KEIKO🧡🧡🧡🧡🧡🧡VAMOS KEIKO🧡🧡🧡VAMOS KEIKO🧡🧡🧡 🧡🧡🧡VAMOS KEIKO🧡🧡🧡🧡🧡🧡VAMOS KEIKO🧡🧡🧡🧡🧡🧡VAMOS K🧡🧡🧡VAMOS KEIKO🧡🧡🧡 🧡🧡🧡VAMOS KEIKO🧡🧡🧡🧡🧡🧡VAMOS KEIKO🧡🧡🧡🧡🧡🧡VAMOS K🧡🧡🧡VAMOS KEIKO🧡🧡🧡 🧡🧡🧡VAMOS KEIKO🧡🧡🧡🧡🧡🧡VAMOS KEIKO🧡🧡🧡🧡🧡🧡VAMOS K🧡🧡🧡VAMOS KEIKO🧡🧡🧡 🧡🧡🧡VAMOS KEIKO🧡🧡🧡🧡🧡🧡VAMOS KEIKO🧡🧡🧡VAMOS KEIKO🧡🧡🧡 🧡🧡🧡VAMOS KEIKO🧡🧡🧡🧡🧡🧡VAMOS KEIKO🧡🧡🧡🧡🧡🧡VAMOS K🧡🧡🧡VAMOS KEIKO🧡🧡🧡 🧡🧡🧡VAMOS KEIKO🧡🧡🧡🧡🧡🧡VAMOS KEIKO🧡🧡🧡🧡🧡🧡VAMOS K🧡🧡🧡VAMOS KEIKO🧡🧡🧡 🧡🧡🧡VAMOS KEIKO🧡🧡🧡🧡🧡🧡VAMOS KEIKO🧡🧡🧡🧡🧡🧡VAMOS K🧡🧡🧡VAMOS KEIKO🧡🧡🧡 🧡🧡🧡🧡🧡🧡🧡🧡🧡🧡🧡🧡🧡🧡🧡🧡🧡🧡🧡🧡🧡🧡🧡🧡🧡🧡
:🧡🧡🧡VAMOS KEIKO🧡🧡🧡 🧡🧡🧡VAMOS KEIKO🧡🧡🧡🧡🧡🧡VAMOS KEIKO🧡🧡🧡🧡🧡🧡VAMOS K🧡🧡🧡VAMOS KEIKO🧡🧡🧡 🧡🧡🧡VAMOS KEIKO🧡🧡🧡🧡🧡🧡VAMOS KEIKO🧡🧡🧡🧡🧡🧡VAMOS K🧡🧡🧡VAMOS KEIKO🧡🧡🧡 🧡🧡🧡VAMOS KEIKO🧡🧡🧡🧡🧡🧡VAMOS KEIKO🧡🧡🧡🧡🧡🧡VAMOS K🧡🧡🧡VAMOS KEIKO🧡🧡🧡 🧡🧡🧡VAMOS KEIKO🧡🧡🧡🧡🧡🧡VAMOS KEIKO🧡🧡🧡🧡VAMOS KEIKO🧡🧡🧡 🧡🧡🧡VAMOS KEIKO🧡🧡🧡🧡🧡🧡VAMOS KEIKO 🧡VAMOS KEIKO🧡🧡🧡 🧡🧡🧡VAMOS KEIKO🧡🧡🧡🧡🧡🧡VAMOS KEIKO🧡🧡🧡🧡🧡🧡VAMOS K🧡🧡🧡VAMOS KEIKO🧡🧡🧡 🧡🧡🧡VAMO KEIKO🧡🧡🧡🧡🧡🧡VAMOS KEIKO🧡🧡🧡🧡🧡🧡VAMOS K🧡🧡🧡VAMOS KEIKO🧡🧡🧡VAMOS K🧡🧡🧡VAMOS KEIKO🧡🧡",7117391599479440389,jonathan_tocte,65,7650301440409355026,7643973259376987399,0,,False,JP,jp3.ndjson,neutral,0.40661758184432983
VAMOS KEIKOOO 🧡🧡🧡🧡🧡🔥🔥,6871417395212436485,kamila_solarii,50,7649487849301230357,7643973259376987399,0,,False,JP,jp3.ndjson,positive,0.7823485732078552
la sra K. presidenta de santa monica,7343080543887655941,edwinquispem,14,7644222329858474760,7643973259376987399,7644155193978323732,7.644155193978324e+18,True,JP,jp3.ndjson,neutral,0.5930342674255371
Resentidos KEIKO PRESIDENTA👍,7544544859018216464,vi63416,19,7644222638114407189,7643973259376987399,7644155193978323732,7.644155193978324e+18,True,JP,jp3.ndjson,negative,0.9202572703361511
😅😅😅😅😅,6956110728013267973,teamocanguro28,0,7645733488705274641,7643973259376987399,7644155193978323732,7.644155193978324e+18,True,JP,jp3.ndjson,neutral,0.5979583263397217
Keiko presidente 👍👍,7544544859018216464,vi63416,2,7645746637331415829,7643973259376987399,7644155193978323732,7.644155193978324e+18,True,JP,jp3.ndjson,positive,0.4065031111240387
porque que hizo todo estos años en el congreso para votar por ella,6843997815782769669,joselynstfa,2,7644215042015920916,7643973259376987399,7644155193978323732,7.644155193978324e+18,True,JP,jp3.ndjson,neutral,0.46088680624961853
"nada ,😂",6912942363909833733,leslie_beatriz,2,7644267088470786836,7643973259376987399,7644155193978323732,7.644155193978324e+18,True,JP,jp3.ndjson,neutral,0.510301411151886
Keiko Presidenta,7544544859018216464,vi63416,1,7644273676246991637,7643973259376987399,7644155193978323732,7.644155193978324e+18,True,JP,jp3.ndjson,positive,0.3831813931465149
Ya lo es jeje,7349628904980448261,enzz_73,0,7658573863602045716,7643973259376987399,7644155193978323732,7.644155193978324e+18,True,JP,jp3.ndjson,positive,0.6501720547676086
no ya fue Mita las noticias jajaja,6695835856354280454,dianapp1010,0,7649245909712978695,7643973259376987399,7644155193978323732,7.644155193978324e+18,True,JP,jp3.ndjson,neutral,0.6218227744102478
en tu pensamiento jaja,7113000329741943814,deisiadrianzen,0,7644343914389095189,7643973259376987399,7644155193978323732,7.644155193978324e+18,True,JP,jp3.ndjson,neutral,0.4070115387439728
,7437661375298683959,villanuevalviolet,0,7658140939706041108,7643973259376987399,7644155193978323732,7.644155193978324e+18,True,JP,jp3.ndjson,positive,0.44054585695266724
,7384106741170160645,g.q2421,0,7644301247612535559,7643973259376987399,7644155193978323732,7.644155193978324e+18,True,JP,jp3.ndjson,positive,0.44054585695266724
de Santa Mónica,7592365527785669652,gldani08,0,7649100839067829012,7643973259376987399,7644155193978323732,7.644155193978324e+18,True,JP,jp3.ndjson,positive,0.5008133053779602
vamos jp,7425962239477662725,anitavikdmg,0,7644328546203222805,7643973259376987399,7644155193978323732,7.644155193978324e+18,True,JP,jp3.ndjson,positive,0.7269670367240906
Keiko Presidenta dueña a quien le duela,7544544859018216464,vi63416,0,7644575933592699668,7643973259376987399,7644155193978323732,7.644155193978324e+18,True,JP,jp3.ndjson,negative,0.4472273290157318
"Que lastima, dan la gente sin memoria",6912942363909833733,leslie_beatriz,1,7644274380876595989,7643973259376987399,7644155193978323732,7.644155193978324e+18,True,JP,jp3.ndjson,negative,0.9595884680747986
de tu casa,6778873925964317702,magui_ing,0,7644288826286113543,7643973259376987399,7644155193978323732,7.644155193978324e+18,True,JP,jp3.ndjson,neutral,0.527226984500885
🫏🫏,6949973553770087430,programadorloco99,0,7644280616269169415,7643973259376987399,7644155193978323732,7.644155193978324e+18,True,JP,jp3.ndjson,neutral,0.5979583263397217
Solo tiene que ser del sur come mote,7488682824230126647,nixon.erwin.crist0,24,7644332921742099207,7643973259376987399,7644288625253696277,7.644288625253697e+18,True,JP,jp3.ndjson,neutral,0.6255926489830017
Busca una base del partido en tu lugar o zona. Allí te pueden dar información.,6855260977508910086,rosinamedalit,2,7644300547243361032,7643973259376987399,7644288625253696277,7.644288625253697e+18,True,JP,jp3.ndjson,neutral,0.5257867574691772
también quisiera,6879045484045059077,geovanaataucusi1995gmail,0,7644374246960939796,7643973259376987399,7644288625253696277,7.644288625253697e+18,True,JP,jp3.ndjson,positive,0.5341045260429382
"hola, de qué distrito eres?",6976098003561088006,natalymei_31,0,7644411827867271957,7643973259376987399,7644288625253696277,7.644288625253697e+18,True,JP,jp3.ndjson,neutral,0.5115101933479309
San Martín de Porres Lima,7373107162400277510,gilvi393,1,7644665303406543637,7643973259376987399,7644288625253696277,7.644288625253697e+18,True,JP,jp3.ndjson,positive,0.47879713773727417
te escribí al interno ☺️,6976098003561088006,natalymei_31,0,7644665878541992724,7643973259376987399,7644288625253696277,7.644288625253697e+18,True,JP,jp3.ndjson,neutral,0.5752844214439392
fácil solo no tienes que tener 🧠 ese es un requisito indispensable,6797192165363778566,roxy.995,0,7665090842311590677,7643973259376987399,7644288625253696277,7.644288625253697e+18,True,JP,jp3.ndjson,neutral,0.4853520393371582
"Primer requisito,ser mononeuronal y hablar siempre pueblo pueblo pueblo",6853946454760391685,robert_soca48,0,7664946467415016200,7643973259376987399,7644288625253696277,7.644288625253697e+18,True,JP,jp3.ndjson,neutral,0.6989235281944275
vaso de leche. 🤣 🤣,6813739398069617669,henry.camino,0,7664799436502221588,7643973259376987399,7644288625253696277,7.644288625253697e+18,True,JP,jp3.ndjson,neutral,0.7172468900680542
tiene q ser descerebrado y hablar incoherencia,7419892402150212614,user6729969232062,0,7664723548284306197,7643973259376987399,7644288625253696277,7.644288625253697e+18,True,JP,jp3.ndjson,negative,0.9758589267730713
No estudies.😁,6824685539993469958,pedrovaleriano97,0,7662448987424785168,7643973259376987399,7644288625253696277,7.644288625253697e+18,True,JP,jp3.ndjson,negative,0.5074652433395386
Cómprate un sombrero y la haces. 😅😅😅,6802355733221868549,karenyessy6,0,7659902666588455700,7643973259376987399,7644288625253696277,7.644288625253697e+18,True,JP,jp3.ndjson,neutral,0.5802997946739197
ojoooo mamay,6843942233021678598,silg833,0,7659231951987950354,7643973259376987399,7644288625253696277,7.644288625253697e+18,True,JP,jp3.ndjson,positive,0.5674560070037842
Fácil !! Muy fácil justo necesitan un burro más tendrás los mujeres maestros,6785303198153884674,ritajuanwatanabe28,0,7657040110210597652,7643973259376987399,7644288625253696277,7.644288625253697e+18,True,JP,jp3.ndjson,positive,0.5184033513069153
más bien como hago para poder estar contigo,7412411419876279302,kevnman50,0,7654806468625859346,7643973259376987399,7644288625253696277,7.644288625253697e+18,True,JP,jp3.ndjson,neutral,0.5686895847320557
,6799050052552688645,tallarinesalalfredo,0,7646361920420872967,7643973259376987399,7644288625253696277,7.644288625253697e+18,True,JP,jp3.ndjson,positive,0.4405459463596344
Requisito principal: Ponte tu sombrero y graduate de la Universidad de la Vida,6842313973862646790,londra_bnavides,0,7646260109899416341,7643973259376987399,7644288625253696277,7.644288625253697e+18,True,JP,jp3.ndjson,neutral,0.5792924165725708
Vivo en Huancavelica.,6879045484045059077,geovanaataucusi1995gmail,0,7644657227056497429,7643973259376987399,7644288625253696277,7.644288625253697e+18,True,JP,jp3.ndjson,neutral,0.5542035698890686
Cumples todo los requisitos solo debes poner más de 5 mil dolorillos y tu misma eres. Porq la cara ya la tienes,6945452085203321861,josesandovalelmex,0,7644456146703254293,7643973259376987399,7644288625253696277,7.644288625253697e+18,True,JP,jp3.ndjson,negative,0.6766384243965149
puedws vender caramelos cua do este en el goboerno,7276900849295754246,divebla8,0,7644388279362749204,7643973259376987399,7644288625253696277,7.644288625253697e+18,True,JP,jp3.ndjson,neutral,0.6819924712181091
anda a Cuba y entenderás,6762891812169909253,omarvreau,0,7644363269150917396,7643973259376987399,7644288625253696277,7.644288625253697e+18,True,JP,jp3.ndjson,neutral,0.5048859119415283
x2,6770780396885263366,dialebijoux_pisco,0,7644289261009879815,7643973259376987399,7644288625253696277,7.644288625253697e+18,True,JP,jp3.ndjson,neutral,0.41293779015541077
"Fácil, muy Fácil , solo debes vivir en san isidro , decir que eres del pueblo , y ser amigos de tucos",6806872058297369606,markos_09_07,8,7644418492317434631,7643973259376987399,7644288625253696277,7.644288625253697e+18,True,JP,jp3.ndjson,positive,0.5629593729972839
Ponte un sombrero si pueblo pueblo pueblo y miles de serranos te seguirán,7131341316797744133,deyvisyn,0,7644361404909224721,7643973259376987399,7644288625253696277,7.644288625253697e+18,True,JP,jp3.ndjson,positive,0.47296610474586487
Solo no tienes que tener primaria completa 😎,6848282784684835846,alexis_eleazar,1,7657816820389675794,7643973259376987399,7644288625253696277,7.644288625253697e+18,True,JP,jp3.ndjson,neutral,0.549591064453125
simplemente marcando jp,7315693566712857606,mezaplaza.com1,0,7645873754617135893,7643973259376987399,7644288625253696277,7.644288625253697e+18,True,JP,jp3.ndjson,positive,0.5246099233627319
pregúntale a su diputada la que fue detenida y está acusada por cobrar cupos en Gamarra tal vez te dar informes,7389261029714871302,maryrous66,0,7645843150621115156,7643973259376987399,7644288625253696277,7.644288625253697e+18,True,JP,jp3.ndjson,neutral,0.53680819272995
tienes que meter plata,7410632051635176453,franklin.garcia.chamorro,0,7645314471820280597,7643973259376987399,7644288625253696277,7.644288625253697e+18,True,JP,jp3.ndjson,positive,0.6591220498085022
"TE PIDEN DINERO !! SI NO TIENES PLATA NO SIRVES , TU INVERSION QUE DAS AL FINAL SI LLEGA A SER PRESIDENT3 TE DA LICITACIONES X TU APOYO Y SI NO LLEGA A SER PRESIDENTE PIERDES TU DINERO ..",6939187690542941189,alexandr_cu,0,7644632513457013522,7643973259376987399,7644288625253696277,7.644288625253697e+18,True,JP,jp3.ndjson,negative,0.9367191195487976
Solo tienes que tener secundaria completa xd,6649579471479848965,speddy2004,0,7644609501635429141,7643973259376987399,7644288625253696277,7.644288625253697e+18,True,JP,jp3.ndjson,neutral,0.5588408708572388
hay una convocatoria para personeros en cada distrito 🙌🏻,6976098003561088006,natalymei_31,0,7644412006980649748,7643973259376987399,7644288625253696277,7.644288625253697e+18,True,JP,jp3.ndjson,neutral,0.7571430206298828
porque ? que me va ofrecer ahora ?,6843997815782769669,joselynstfa,4,7644214888664056597,7643973259376987399,7644163465041249040,7.644163465041249e+18,True,JP,jp3.ndjson,negative,0.5403311848640442
"te van a decir lo mismo de siempre. expropiación, seremos igual q Venezuela y todo lo demás q repiten como loro .
ya sabemos cómo siempre quieren meter miedo a la población 😅..",7177807086704493573,rosmerytanianavar,3,7644244286095983367,7643973259376987399,7644163465041249040,7.644163465041249e+18,True,JP,jp3.ndjson,negative,0.9181441068649292
Jajaja esa Kaka,6759674999777018886,susansigno_escorpio,0,7660973644835996424,7643973259376987399,7644163465041249040,7.644163465041249e+18,True,JP,jp3.ndjson,negative,0.45194777846336365
de mi gampi,6886207727744680965,ronald._1607,0,7646411819817534228,7643973259376987399,7644163465041249040,7.644163465041249e+18,True,JP,jp3.ndjson,positive,0.6299449801445007
tu sola,6808932047526544390,mxdlit.lxr16,0,7645524025883656977,7643973259376987399,7644163465041249040,7.644163465041249e+18,True,JP,jp3.ndjson,neutral,0.5696972012519836
jp,7361288959739315206,tunenathunena0,0,7644568926211326741,7643973259376987399,7644163465041249040,7.644163465041249e+18,True,JP,jp3.ndjson,neutral,0.45685091614723206
Sta Mónica,7086554982770066438,edimaldovalen,0,7644414494400348948,7643973259376987399,7644163465041249040,7.644163465041249e+18,True,JP,jp3.ndjson,negative,0.7404478192329407
No es falso... JP,6903312251928298497,fercho_1520,0,7644408999719142165,7643973259376987399,7644163465041249040,7.644163465041249e+18,True,JP,jp3.ndjson,neutral,0.6532961130142212
vamos jp,7425962239477662725,anitavikdmg,0,7644328588293276437,7643973259376987399,7644163465041249040,7.644163465041249e+18,True,JP,jp3.ndjson,positive,0.726966917514801
Calabacita,7145415369354888197,bratt.pitt81,0,7644363634437800711,7643973259376987399,7644163465041249040,7.644163465041249e+18,True,JP,jp3.ndjson,neutral,0.5144912600517273
solo los brutos Disen Keiko presidenta no se dan cuenta q. Keiko gobierna todo este tiempo debemos ser sinceros castillo está encerrado injustamemte J.P cambiara l delincuencia y extorsiónes,7118106398538908678,denisramosrosales,0,7644334442600792850,7643973259376987399,7644163465041249040,7.644163465041249e+18,True,JP,jp3.ndjson,negative,0.9071451425552368
"Cuando dejes de pedirle a GPT que razone por ti, opina ! 👌 mientras tanto sigue estudiando y analizando los antecedentes de todos los países que han sido gobernados por la izquierda para que te informes bien y ejerzas tu voto correctamente 😉",7119687042116781061,.taty.per,27,7644438082267628309,7643973259376987399,7644385027694314258,7.644385027694314e+18,True,JP,jp3.ndjson,negative,0.4626195430755615
"y que quede la vecipresidenta que ni estudios tiene ? otra señora que usará rolex y gastará el dinero , piensa un poco",6926988610592162822,stefy_09cv,8,7644442651194589953,7643973259376987399,7644385027694314258,7.644385027694314e+18,True,JP,jp3.ndjson,negative,0.9437327980995178
mi voto para Keiko siempre,7473851158252225552,zonimustafazurita,7,7644509281886389010,7643973259376987399,7644385027694314258,7.644385027694314e+18,True,JP,jp3.ndjson,positive,0.6715337038040161
Ay está difícil para los peruanos falta de educación en la población sobre política es fácil de manejar para los políticos corruptos,7596822512463021089,mel790695,0,7648794118763922198,7643973259376987399,7644385027694314258,7.644385027694314e+18,True,JP,jp3.ndjson,negative,0.8920746445655823
inteligencia pura..muy bien,7430752202010739717,viafs.vidainte.am,0,7649136943127511829,7643973259376987399,7644385027694314258,7.644385027694314e+18,True,JP,jp3.ndjson,positive,0.9320369958877563
"Muy mal paisa tú sabes toda la trayectoria de Pedro castillo y del presidente del partido de castillo y de Dina bolívar te y ahora mandan a un lápiz disfrazado de Roberto Sánchez,,,hasta cuándo estará el peru como está🙏🏽",7596822512463021089,mel790695,0,7648793666828518166,7643973259376987399,7644385027694314258,7.644385027694314e+18,True,JP,jp3.ndjson,negative,0.8837780952453613
vamos Jp👏🏼💚,6956015014340756485,gab_1332,0,7646260222726636308,7643973259376987399,7644385027694314258,7.644385027694314e+18,True,JP,jp3.ndjson,positive,0.7269670367240906
bien pensado 🥰,6609634953229516805,paoserr2024,0,7646139828899955478,7643973259376987399,7644385027694314258,7.644385027694314e+18,True,JP,jp3.ndjson,neutral,0.5934973359107971
"en el congreso, la mayoría es de izquierda. Aunque el presidente no tenga todo el poder, el congreso tampoco lo tiene. Los ideales que se ha demostrado que tiene Sánchez como Evo, Maduro y Humala ya es muestra suficiente para no votar por él.",6863656854007104517,atencioechevarria15,0,7644393146184958728,7643973259376987399,7644385027694314258,7.644385027694314e+18,True,JP,jp3.ndjson,neutral,0.4779283404350281
nada keiko y aliaga la mitad tiene son de ultra derecha y de otro partidos se aliaran,6820881223071646726,jackyampx6,0,7644420081661477652,7643973259376987399,7644385027694314258,7.644385027694314e+18,True,JP,jp3.ndjson,negative,0.518427312374115
está vez votaré por Keiko,6873649829383062529,zidannefrancia1,0,7644415904704627477,7643973259376987399,7644385027694314258,7.644385027694314e+18,True,JP,jp3.ndjson,neutral,0.4931260049343109
"confio mucho en ti Roberto Sanchez, no me falles porfavor, 🥺",7331597686452618246,_cliz_1,23,7649540003526132500,7643973259376987399,0,,False,JP,jp3.ndjson,positive,0.4584496021270752
Yo apoye a Ricardo Belmont ahora a Roberto Sánchez,7281102150771442693,brenker3,27,7644357417300869906,7643973259376987399,0,,False,JP,jp3.ndjson,neutral,0.64175945520401
"🧡VAMOS KEIKO🧡🧡🧡 🧡🧡🧡VAMOS KEIKO🧡🧡🧡🧡🧡🧡VAMOS KEIKO🧡🧡🧡🧡🧡🧡VAMOS K🧡🧡🧡VAMOS KEIKO🧡🧡🧡 🧡🧡🧡VAMO KEIKO🧡🧡🧡🧡🧡🧡VAMOS KEIKO🧡🧡🧡🧡🧡🧡VAMOS K🧡🧡🧡VAMOS KEIKO🧡🧡🧡 🧡🧡🧡VAMOS KEIKO🧡🧡🧡🧡🧡🧡VAMOS KEIKO🧡🧡🧡🧡🧡🧡VAMOS K🧡🧡🧡VAMOS KEIKO🧡🧡🧡 🧡🧡🧡VAMOS KEIKO🧡🧡🧡🧡🧡🧡VAMOS KEIKO🧡🧡🧡VAMOS KEIKO🧡🧡🧡 🧡🧡🧡VAMOS KEIKO🧡🧡🧡🧡🧡🧡VAMOS KEIKO🧡🧡🧡🧡🧡🧡VAMOS K🧡🧡🧡VAMOS KEIKO🧡🧡🧡 🧡🧡🧡VAMOS KEIKO🧡🧡🧡🧡🧡🧡VAMOS KEIKO🧡🧡🧡🧡🧡🧡VAMOS K🧡🧡🧡VAMOS KEIKO🧡🧡🧡 🧡🧡🧡VAMOS KEIKO🧡🧡🧡🧡🧡🧡VAMOS KEIKO🧡🧡🧡🧡🧡🧡VAMOS K🧡🧡🧡VAMOS KEIKO🧡🧡🧡 🧡🧡🧡VAMOS KEIKO🧡🧡🧡🧡🧡🧡VAMOS KEIKO🧡🧡VAMOS KEIKO🧡🧡🧡 🧡🧡🧡VAMOS KEIKO🧡🧡🧡🧡🧡🧡VAMOS KEIKO🧡🧡🧡🧡🧡🧡VAMOS K🧡🧡🧡VAMOS KEIKO🧡🧡🧡 🧡🧡🧡VAMOS KEIKO🧡🧡🧡🧡🧡🧡VAMOS KEIKO🧡🧡🧡🧡🧡🧡VAMOS K🧡🧡🧡VAMOS KEIKO🧡🧡🧡 🧡🧡🧡VAMOS KEIKO🧡🧡🧡🧡🧡🧡VAMOS KEIKO🧡🧡🧡🧡🧡🧡VAMOS K🧡🧡🧡VAMOS KEIKO🧡🧡🧡 🧡🧡🧡VAMOS KEIKO🧡🧡🧡🧡🧡🧡VAMOS KEIKO🧡🧡🧡VAMOS KEIKO🧡🧡🧡 🧡🧡🧡VAMOS KEIKO🧡🧡🧡🧡🧡🧡VAMOS KEIKO🧡🧡🧡🧡🧡🧡VAMOS K🧡🧡🧡VAMOS KEIKO🧡🧡🧡 🧡🧡🧡VAMOS KEIKO🧡🧡🧡🧡🧡🧡VAMOS KEIKO🧡🧡🧡🧡🧡🧡VAMOS K🧡🧡🧡VAMOS KEIKO🧡🧡🧡 🧡🧡🧡VAMOS KEIKO🧡🧡🧡🧡🧡🧡VAMOS KEIKO🧡🧡🧡🧡🧡🧡VAMOS K🧡🧡🧡VAMOS KEIKO🧡🧡🧡 🧡🧡🧡VAMOS KEIKO🧡🧡🧡🧡🧡🧡VAMOS KEIKO🧡🧡🧡VAMOS KEIKO🧡🧡🧡 🧡🧡🧡VAMOS KEIKO🧡🧡🧡🧡🧡🧡VAMOS KEIKO🧡🧡🧡🧡🧡🧡VAMOS K🧡🧡🧡VAMOS KEIKO🧡🧡🧡 🧡🧡🧡VAMOS KEIKO🧡🧡🧡🧡🧡🧡VAMOS KEIKO🧡🧡🧡🧡🧡🧡VAMOS K🧡🧡🧡VAMOS KEIKO🧡🧡🧡 🧡🧡🧡VAMOS KEIKO🧡🧡🧡🧡🧡🧡VAMOS KEIKO🧡🧡🧡🧡🧡🧡VAMOS K🧡🧡🧡VAMOS KEIKO🧡🧡🧡 🧡🧡🧡🧡🧡🧡🧡🧡🧡🧡🧡🧡🧡🧡🧡🧡🧡🧡🧡🧡🧡🧡🧡🧡🧡🧡
:🧡🧡🧡VAMOS KEIKO🧡🧡🧡 🧡🧡🧡VAMOS KEIKO🧡🧡🧡🧡🧡🧡VAMOS KEIKO🧡🧡🧡🧡🧡🧡VAMOS K🧡🧡🧡VAMOS KEIKO🧡🧡🧡 🧡🧡🧡VAMOS KEIKO🧡🧡🧡🧡🧡🧡VAMOS KEIKO🧡🧡🧡🧡🧡🧡VAMOS K🧡🧡🧡VAMOS KEIKO🧡🧡🧡 🧡🧡🧡VAMOS KEIKO🧡🧡🧡🧡🧡🧡VAMOS KEIKO🧡🧡🧡🧡🧡🧡VAMOS K🧡🧡🧡VAMOS KEIKO🧡🧡🧡 🧡🧡🧡VAMOS KEIKO🧡🧡🧡🧡🧡🧡VAMOS KEIKO🧡🧡🧡🧡VAMOS KEIKO🧡🧡🧡 🧡🧡🧡VAMOS KEIKO🧡🧡🧡🧡🧡🧡VAMOS KEIKO @𝑮𝒊𝒂𝒏𝒄𝒂𝒓𝒍𝒐𝑴𝒊𝒍𝒍𝒂🧃: 🧡VAMOS KEIKO🧡🧡🧡 🧡🧡🧡VAMOS KEIKO🧡🧡🧡🧡🧡🧡VAMOS KEIKO🧡🧡🧡🧡🧡🧡VAMOS K🧡🧡🧡VAMOS KEIKO🧡🧡🧡 🧡🧡🧡VAMO KEIKO🧡🧡🧡🧡🧡🧡VAMOS KEIKO🧡🧡🧡🧡🧡🧡VAMOS K🧡🧡🧡VAMOS KEIKO🧡🧡",6839396859502740486,mundomagicodjoar,22,7649996923566686977,7643973259376987399,0,,False,JP,jp3.ndjson,neutral,0.40509334206581116
Roberto sanchez tu seras el presidente de nuestro peru ❤️,6964800269754762245,zussethy15,6,7648682934203433749,7643973259376987399,0,,False,JP,jp3.ndjson,positive,0.6982844471931458
a donde vaya cuidemoslo .y pidamos 🙏 a Jehová,6873533681588454405,aguedafigueroavargas,69,7644003466104488722,7643973259376987399,0,,False,JP,jp3.ndjson,neutral,0.5017728805541992
keiko tiene que ser presidenta,7013024266963092486,aliaslachiquitas1,4,7649222261052424961,7643973259376987399,0,,False,JP,jp3.ndjson,positive,0.5171517729759216
Roberto Sánchez presedente,7248709211415872517,garcia_28_54,0,7664895329774945025,7643973259376987399,0,,False,JP,jp3.ndjson,positive,0.5418366193771362
Me toca votar por él porque no tengo otra opción,7189211410726421509,naohmiibs,19,7644286089797468929,7643973259376987399,0,,False,JP,jp3.ndjson,neutral,0.6649091243743896
ya vimos el debate ..así que sin duda JP 🥰,6852298043891975173,teffatrinidad,25,7644210528961725200,7643973259376987399,0,,False,JP,jp3.ndjson,positive,0.5963718891143799
vamos JP 🙏🙏si se pudo vamos por el cambio,7272556294068847621,eymial2,9,7649772417464451860,7643973259376987399,0,,False,JP,jp3.ndjson,positive,0.879469633102417
al final quien gano,7208172449400390662,faviola.torres.me,2,7649424137740124946,7643973259376987399,0,,False,JP,jp3.ndjson,neutral,0.47986772656440735
keyko presidente,6872797872644260866,laly_amaya,80,7644238400472695572,7643973259376987399,0,,False,JP,jp3.ndjson,neutral,0.40493279695510864
JP vamos el triunfo es nuestro el pueblo está contigo Roberto,7304769664994116614,k.r.2310,47,7644398113050362642,7643973259376987399,0,,False,JP,jp3.ndjson,positive,0.9071250557899475
Keyko presidenta,7265481136087974917,marthanoeliacalde,84,7644367391636833042,7643973259376987399,0,,False,JP,jp3.ndjson,neutral,0.5279664397239685
votaré por jp,6801905710537507845,margaretzoilita,8,7644391617227571975,7643973259376987399,0,,False,JP,jp3.ndjson,positive,0.5987077355384827
jp presidente,7582793709645825044,belicio.uwak,0,7654458068440695560,7643973259376987399,0,,False,JP,jp3.ndjson,positive,0.4605233073234558
yo yambien y nunca pude pertenecer al grupo 🥲✍️♥️🍀,7186691553163232262,jovisladulce,0,7663967683927311111,7643973259376987399,0,,False,JP,jp3.ndjson,neutral,0.5608001351356506
Presidenta de Perú keiko,6928115539135267845,zoquitomendoza,8,7654350389588427527,7643973259376987399,0,,False,JP,jp3.ndjson,neutral,0.45922061800956726
que hermoso es nuestro presidente por el pueblo,7624276715805508615,ruby.garcia.hidal,0,7654780824000348946,7643973259376987399,0,,False,JP,jp3.ndjson,positive,0.9501684904098511
Keiko presidente no a Sánchez,6965594710283928581,marcoenrriqueinop,4,7646595674604241685,7643973259376987399,0,,False,JP,jp3.ndjson,neutral,0.5064311623573303
No pasa nd sanchez no no,7400387482020545542,maria.polo843,9,7645429464143053586,7643973259376987399,0,,False,JP,jp3.ndjson,negative,0.6162518858909607
😂🤣🤣🤣 bamos keiko,7095743642329826309,luzamericaagurtor,4,7665051586859352852,7643973259376987399,0,,False,JP,jp3.ndjson,positive,0.6688735485076904
vamos kaiko😘😘,7077242830314112005,yenyhs,1,7649097227026301704,7643973259376987399,0,,False,JP,jp3.ndjson,positive,0.6666520237922668
no pasa nada Keiko presidenta y vamos con fuerza 💪🧡🇵🇪🧡🎉🎉,7644781361068688404,maribel.caridad.m1,20,7646836497283810066,7643973259376987399,0,,False,JP,jp3.ndjson,positive,0.8084636330604553
vamos JP presidente del Perú,7571251921567171592,gladys.jove0,22,7645447567660827413,7643973259376987399,0,,False,JP,jp3.ndjson,positive,0.7526733875274658
Keiko presidente,7299652389770380293,luis.deza0,1,7664304639521866512,7643973259376987399,0,,False,JP,jp3.ndjson,neutral,0.41073358058929443
JP presidente de la República,7169423215507293189,pescadito038,0,7654398211599500039,7643973259376987399,0,,False,JP,jp3.ndjson,positive,0.48296281695365906
Vamos keiko,6861179294635541509,yeltsin42,4,7644433739561698055,7643973259376987399,0,,False,JP,jp3.ndjson,positive,0.6336122751235962
eso se llama lealtad muchos no saben q es lealtad,7642124850756502529,noemiherrera4397,5,7648874185289663249,7643973259376987399,0,,False,JP,jp3.ndjson,negative,0.5134645700454712
viva nuestro presidente,7229119059571721221,isabelespinoza84,18,7644991258079003413,7643973259376987399,0,,False,JP,jp3.ndjson,positive,0.7537463307380676
Keiko presidenta del peru,7262184516038575109,marce_car_flores_95,4,7653244781171163922,7643973259376987399,0,,False,JP,jp3.ndjson,neutral,0.4581270217895508
Keiko presidenta 🧡,240392991389945857,arianatelloramos,9,7645064659213320967,7643973259376987399,0,,False,JP,jp3.ndjson,positive,0.4787095785140991
vamos keykoooo 🧡🧡🧡🧡🧡🧡,7487312612507305015,micaela29.08.23,18,7649452769288422164,7643973259376987399,0,,False,JP,jp3.ndjson,positive,0.7208843231201172
jajajajajajaj que cague de risa🤣🤣🤣,7164109511359595525,juanheredia2406,2,7664651193910264596,7643973259376987399,0,,False,JP,jp3.ndjson,positive,0.6344454884529114
vamos jp,7593709742343193608,casandri_ta,5,7649932858584924946,7643973259376987399,0,,False,JP,jp3.ndjson,positive,0.7269667983055115
Vamos Keiko 🧡🧡🧡,7248616289358300166,ingrizita2,3,7649021574515983112,7643973259376987399,0,,False,JP,jp3.ndjson,positive,0.6962167024612427
"Felicidades al Pueblo del Perú
Roberto Sanchez le deseo exito
en este compromiso que tiene con el pueblo del Perú,Dios le de inteligencia y sabiduria para dirigir su pueblo,un abrazo desde Venezuela.",7184844528183755782,gladyssanchez498,1,7650687892541047553,7643973259376987399,0,,False,JP,jp3.ndjson,positive,0.9082709550857544
vamos Keiko un poquito y ya eres nuestra presidenta,7262184516038575109,marce_car_flores_95,7,7653245021101589266,7643973259376987399,0,,False,JP,jp3.ndjson,positive,0.8635528683662415
vamos JP presidente,7276590416722969606,m.y.s430,6,7644966349315310357,7643973259376987399,0,,False,JP,jp3.ndjson,positive,0.7706496715545654
keiko presidenteee 🧡,6898013132410586117,aidanhache,29,7644546953346843410,7643973259376987399,0,,False,JP,jp3.ndjson,positive,0.5790421962738037
Roberto Sanches Presidente del Peru,7407055172939383840,ok159665,15,7645889041239851779,7643973259376987399,0,,False,JP,jp3.ndjson,neutral,0.49543023109436035
vamos Roberto Sánchez que si se puede 💪💪,7491674091277550608,luzmeri312,15,7644210002333549333,7643973259376987399,0,,False,JP,jp3.ndjson,positive,0.8487281203269958
Que bueno que el también viva por San Borja.. Cual es el problema.. JP PRESIDENTE DEL PERÚ ROBERTO SÁNCHEZ PRESIDENTE DEL PERÚ ROBERTO,7404661440965788678,magalypomazongo,8,7644182128816833301,7643973259376987399,0,,False,JP,jp3.ndjson,neutral,0.5099638104438782
Keiko presidenta 🧡🧡🧡🧡🧡,7442785842350212152,dtal68,13,7644356451573744404,7643973259376987399,0,,False,JP,jp3.ndjson,positive,0.4787095785140991
Vamos todos con Jp ♥️💚✌️,6995638679566959621,laypinchi,7,7644383464155923220,7643973259376987399,0,,False,JP,jp3.ndjson,positive,0.6382944583892822
Linda canción.,7074310874098320389,marujaql,0,7664645792501908231,7643973259376987399,0,,False,JP,jp3.ndjson,positive,0.9244658946990967
"linda canción.....😂😂
por ti será mi votó",6818884081549280262,xrlxbr,13,7644423399951205136,7643973259376987399,0,,False,JP,jp3.ndjson,positive,0.8579922318458557
keiko vamos keiko 🧡,6820740919278224390,luisa_fernanda1928,18,7644663345715430162,7643973259376987399,0,,False,JP,jp3.ndjson,positive,0.600034236907959
😒,7248789986002306054,ayda_anabel14,0,7649560469968290578,7643973259376987399,7649452769288422164,7.649452769288422e+18,True,JP,jp3.ndjson,neutral,0.5979587435722351
💪💪Jp,7605777231860892693,emily.roco.muraya,1,7645041727564268306,7643973259376987399,7644991258079003413,7.644991258079004e+18,True,JP,jp3.ndjson,neutral,0.45685097575187683
vas a ir al kaos de K?,7633230622782506005,altitud360,0,7644460292517020434,7643973259376987399,7644433739561698055,7.644433739561698e+18,True,JP,jp3.ndjson,neutral,0.46644389629364014
eso no se llama lealtad.,7610585003248862229,iker.roque.orozco,0,7648987742207574792,7643973259376987399,7648874185289663249,7.648874185289663e+18,True,JP,jp3.ndjson,negative,0.48874789476394653
"Si JP gana: la economía se va a la mierda, las MYPE se van a bancarrota, el nivel de desempleo aumentará por los cielos, habrá aún más informalidad, posible inflación, “el dinero de los ricos será de los pobres” (comunismo disfrazado de propuesta”, la política se va a la mrd, la educación se va a mrd, y el Perú se hará un 2do Venezuela. Quieres mas? Solo mira sus propuestas populistas, ignorante.",7614297243643282453,jimena.12419,1,7646175508803765012,7643973259376987399,7645447567660827413,7.645447567660828e+18,True,JP,jp3.ndjson,negative,0.8945244550704956
Con esa cara ya lo sabíamos 😂,6842313973862646790,londra_bnavides,0,7646260307195577108,7643973259376987399,7645447567660827413,7.645447567660828e+18,True,JP,jp3.ndjson,positive,0.47374963760375977
Mi voto es por JP no hay forma,7100654398783554566,belladurmiente104,0,7646949064714896149,7643973259376987399,7646836497283810066,7.64683649728381e+18,True,JP,jp3.ndjson,neutral,0.6472171545028687
😡😡,6926048988371272709,marinagarcia7608,0,7647277942616212245,7643973259376987399,7646836497283810066,7.64683649728381e+18,True,JP,jp3.ndjson,neutral,0.5979586839675903
JP nada mas,7624639244476138516,balvina.zevallos1,1,7648025034254811921,7643973259376987399,7646595674604241685,7.646595674604242e+18,True,JP,jp3.ndjson,neutral,0.5512829422950745
Y menos pedro castillos,7400387482020545542,maria.polo843,0,7645429509231067911,7643973259376987399,7645429464143053586,7.645429464143054e+18,True,JP,jp3.ndjson,neutral,0.6571370959281921
no sirve a Perú,7544791852773671943,liliatachaoguerre,0,7647249262040859410,7643973259376987399,7645429464143053586,7.645429464143054e+18,True,JP,jp3.ndjson,negative,0.8608889579772949
En unos meses PRES DIARIA🤞,7462121695194055696,juliaxvf1wx,0,7654370039126934292,7643973259376987399,7654350389588427527,7.654350389588428e+18,True,JP,jp3.ndjson,neutral,0.7058795690536499
Sta Mónica,7086554982770066438,edimaldovalen,0,7644414585278153493,7643973259376987399,7644367391636833042,7.644367391636833e+18,True,JP,jp3.ndjson,negative,0.740447998046875
cual es la nesecidad de comentar 😇,7547791128692507665,lhb550,1,7644368289624621844,7643973259376987399,7644367391636833042,7.644367391636833e+18,True,JP,jp3.ndjson,negative,0.8642787337303162
está mal piensa bien no te das cuenta como gobernó su padre y los solito que la acusaron,7350042207989253125,djugec2511,0,7646139465598010130,7643973259376987399,7644367391636833042,7.644367391636833e+18,True,JP,jp3.ndjson,negative,0.9598821401596069
,7082421637031740421,sofyascona,0,7644703799295263504,7643973259376987399,7644391617227571975,7.644391617227572e+18,True,JP,jp3.ndjson,positive,0.44054603576660156
Que pueblo,7491760057447023624,loquis0412,0,7644404879117402900,7643973259376987399,7644398113050362642,7.644398113050363e+18,True,JP,jp3.ndjson,negative,0.4301259219646454
El pueblo es tu casa no más 😂 aquí hay de todo 😂,7294719456630014981,paciencia028,0,7644400774482510599,7643973259376987399,7644398113050362642,7.644398113050363e+18,True,JP,jp3.ndjson,positive,0.6846901774406433
jp,7425962239477662725,anitavikdmg,0,7644328638193124116,7643973259376987399,7644238400472695572,7.644238400472696e+18,True,JP,jp3.ndjson,neutral,0.45685088634490967
"De Santa Mónica, ignorante",7234888571747992581,mera_rycch,0,7644302899623625492,7643973259376987399,7644238400472695572,7.644238400472696e+18,True,JP,jp3.ndjson,positive,0.5142928957939148
es normal tu pensar en personas cómo tú,6776704939026760709,nathy.ndc,0,7644440596329415444,7643973259376987399,7644238400472695572,7.644238400472696e+18,True,JP,jp3.ndjson,neutral,0.48438727855682373
Keiko presidenta del Perú q Dios te protege adonde te vas q te cuida mi Keiko presidenta,6931898998379168774,lody_tenazoa,4,7644231984675881744,7643973259376987399,7644003466104488722,7.644003466104489e+18,True,JP,jp3.ndjson,positive,0.4464443325996399
🤣🤣🤣🤣,6819822788401398789,jessicamh98,0,7644322812329378578,7643973259376987399,7644003466104488722,7.644003466104489e+18,True,JP,jp3.ndjson,neutral,0.5979586839675903
Dios le hará pagar lo q robo a sus trabajadores.,7124562879332123653,vickyolortetiza,1,7644214533699535637,7643973259376987399,7644003466104488722,7.644003466104489e+18,True,JP,jp3.ndjson,neutral,0.4880080223083496
Miseria y hambre con Keiko china 🇨🇳,6826445474977121286,erick_jrk_l,0,7650296927578096404,7643973259376987399,7649996923566686977,7.649996923566687e+18,True,JP,jp3.ndjson,negative,0.8725617527961731
keyko está ves 😌,7206626687608423429,ronaldocarmenruiz2,1,7645120947747308308,7643973259376987399,7644210528961725200,7.644210528961725e+18,True,JP,jp3.ndjson,positive,0.482984721660614
hay noo 🙄,6852298043891975173,teffatrinidad,0,7645139170595619604,7643973259376987399,7644210528961725200,7.644210528961725e+18,True,JP,jp3.ndjson,negative,0.4774213433265686
si😂😂😂,6940282685978936326,vknmk96_1,0,7655401547748279060,7643973259376987399,7644210528961725200,7.644210528961725e+18,True,JP,jp3.ndjson,neutral,0.5183641910552979
si sabes utilizar tu 🧠 utilízalo porfisss,7485703516217754642,are13acuna,0,7648064655974564624,7643973259376987399,7644210528961725200,7.644210528961725e+18,True,JP,jp3.ndjson,neutral,0.5474046468734741
Ignorante,7234888571747992581,mera_rycch,0,7644303092713292565,7643973259376987399,7644286089797468929,7.644286089797469e+18,True,JP,jp3.ndjson,neutral,0.46529948711395264
Muy bien eres una srta que si quiere al perú,7612760049047520276,jhoni03607,0,7648471106898199316,7643973259376987399,7644286089797468929,7.644286089797469e+18,True,JP,jp3.ndjson,positive,0.6315498352050781
para la proxima sera jajaja,6803368552339457029,comicodannyperu,0,7656834572642255637,7643973259376987399,7649772417464451860,7.649772417464452e+18,True,JP,jp3.ndjson,neutral,0.6041901111602783
cual cambio?,7538301452368970759,floreskal_13,0,7650994115211608840,7643973259376987399,7649772417464451860,7.649772417464452e+18,True,JP,jp3.ndjson,neutral,0.5572300553321838
el cambio? por donde ?,7613966102121939984,almadeluna_03,0,7650167697624564488,7643973259376987399,7649772417464451860,7.649772417464452e+18,True,JP,jp3.ndjson,neutral,0.6969932317733765
😏vamos keiko🥰,7377180648291189765,angela25132007,3,7649056773936612104,7643973259376987399,0,,False,JP,jp3.ndjson,positive,0.6336120367050171
keyko precidenta,7496555377225860103,natalia.jara119,3,7648832448163562261,7643973259376987399,0,,False,JP,jp3.ndjson,positive,0.4819734990596771
GANO KEIKO. PRESIDENTA POR 5 AÑOS SI SE PUDO,7069565355715118085,raularturoferrert,3,7657003010757149461,7643973259376987399,0,,False,JP,jp3.ndjson,positive,0.7423461675643921
vivaaaaa mi keikooooo democracia y libertad,7349019055028716550,ofelia.mamani67,1,7664305011107824404,7643973259376987399,0,,False,JP,jp3.ndjson,positive,0.8446201682090759
vamos keiko,7646736844721964053,marina.valles.gon,0,7655184327923925768,7643973259376987399,0,,False,JP,jp3.ndjson,positive,0.6336123943328857
Noooo es keiko la presidenta,7540669148071183361,edengeraldinamora,3,7652142482058396437,7643973259376987399,0,,False,JP,jp3.ndjson,negative,0.4396396279335022
viva keiko presidenta,7109517466383975430,yaannicoja,3,7651328543192220438,7643973259376987399,0,,False,JP,jp3.ndjson,positive,0.7270640134811401
votaré por jp💪💪,7204570865856807941,elyalexandra97,3,7645537265172136722,7643973259376987399,0,,False,JP,jp3.ndjson,positive,0.5987077355384827
Roberto Sánchez gracias aDios ganastes y serás un buen presidente demuestrales al Perú con hechos no como los demás no hicieron nada .tapiales la boca tu puedes y siempre el Perú estar contigo vamos con la frente bien limpio y todo lo que haces por el Perú Dios te bendecirá por siempre y toda tu familia serán bendecidos,7518536612197204999,magaly.marleny.cu,3,7649491119865348884,7643973259376987399,0,,False,JP,jp3.ndjson,positive,0.9373263716697693
Keiko será nuestra presidenta del Perú,7061675904942588934,diana.incacutipa,3,7647795049426633480,7643973259376987399,0,,False,JP,jp3.ndjson,positive,0.4823709726333618
Keiko presidenta,6913347407464416261,kathyaquispecasac,7,7644546606948107028,7643973259376987399,0,,False,JP,jp3.ndjson,positive,0.3831813931465149
JP presidente vamos Peru,7072740357855069190,user6328217428731,1,7664246544418702088,7643973259376987399,0,,False,JP,jp3.ndjson,positive,0.8357305526733398
Votaré por Jp,7588966237369271317,juancarlosmontenegrohua5,162,7644194383982166800,7643973259376987399,0,,False,JP,jp3.ndjson,positive,0.5987077355384827
Roberto Sánchez presidente del Perú,7573116930212381714,surdohilario.manu,0,7665296179328631560,7643973259376987399,0,,False,JP,jp3.ndjson,neutral,0.4751012325286865
"VAMOS KEIKO🧡🧡🧡 🧡🧡🧡VAMOS KEIKO🧡🧡🧡🧡🧡🧡VAMOS KEIKO🧡🧡🧡🧡🧡🧡VAMOS K🧡🧡🧡VAMOS KEIKO🧡🧡🧡 🧡🧡🧡VAMOS KEIKO🧡🧡🧡🧡🧡🧡VAMOS KEIKO🧡🧡🧡🧡🧡🧡VAMOS K🧡🧡🧡VAMOS KEIKO🧡🧡🧡 🧡🧡🧡VAMOS KEIKO🧡🧡🧡🧡🧡🧡VAMOS KEIKO🧡🧡🧡🧡🧡🧡VAMOS K🧡🧡🧡VAMOS KEIKO🧡🧡🧡 🧡🧡🧡VAMOS KEIKO🧡🧡🧡🧡🧡🧡VAMOS KEIKO🧡🧡🧡VAMOS KEIKO🧡🧡🧡 🧡🧡🧡VAMOS KEIKO🧡🧡🧡🧡🧡🧡VAMOS KEIKO🧡🧡🧡🧡🧡🧡VAMOS K🧡🧡🧡VAMOS KEIKO🧡🧡🧡 🧡🧡🧡VAMOS KEIKO🧡🧡🧡🧡🧡🧡VAMOS KEIKO🧡🧡🧡🧡🧡🧡VAMOS K🧡🧡🧡VAMOS KEIKO🧡🧡🧡 🧡🧡🧡VAMOS KEIKO🧡🧡🧡🧡🧡🧡VAMOS KEIKO🧡🧡🧡🧡🧡🧡VAMOS K🧡🧡🧡VAMOS KEIKO🧡🧡🧡 🧡🧡🧡VAMOS KEIKO🧡🧡🧡🧡🧡🧡VAMOS KEIKO🧡🧡VAMOS KEIKO🧡🧡🧡 🧡🧡🧡VAMOS KEIKO🧡🧡🧡🧡🧡🧡VAMOS KEIKO🧡🧡🧡🧡🧡🧡VAMOS K🧡🧡🧡VAMOS KEIKO🧡🧡🧡 🧡🧡🧡VAMOS KEIKO🧡🧡🧡🧡🧡🧡VAMOS KEIKO🧡🧡🧡🧡🧡🧡VAMOS K🧡🧡🧡VAMOS KEIKO🧡🧡🧡 🧡🧡🧡VAMOS KEIKO🧡🧡🧡🧡🧡🧡VAMOS KEIKO🧡🧡🧡🧡🧡🧡VAMOS K🧡🧡🧡VAMOS KEIKO🧡🧡🧡 🧡🧡🧡VAMOS KEIKO🧡🧡🧡🧡🧡🧡VAMOS KEIKO🧡🧡🧡VAMOS KEIKO🧡🧡🧡 🧡🧡🧡VAMOS KEIKO🧡🧡🧡🧡🧡🧡VAMOS KEIKO🧡🧡🧡🧡🧡🧡VAMOS K🧡🧡🧡VAMOS KEIKO🧡🧡🧡 🧡🧡🧡VAMOS KEIKO🧡🧡🧡🧡🧡🧡VAMOS KEIKO🧡🧡🧡🧡🧡🧡VAMOS K🧡🧡🧡VAMOS KEIKO🧡🧡🧡 🧡🧡🧡VAMOS KEIKO🧡🧡🧡🧡🧡🧡VAMOS KEIKO🧡🧡🧡🧡🧡🧡VAMOS K🧡🧡🧡VAMOS KEIKO🧡🧡🧡 🧡🧡🧡VAMOS KEIKO🧡🧡🧡🧡🧡🧡VAMOS KEIKO🧡🧡🧡VAMOS KEIKO🧡🧡🧡 🧡🧡🧡VAMOS KEIKO🧡🧡🧡🧡🧡🧡VAMOS KEIKO🧡🧡🧡🧡🧡🧡VAMOS K🧡🧡🧡VAMOS KEIKO🧡🧡🧡 🧡🧡🧡VAMOS KEIKO🧡🧡🧡🧡🧡🧡VAMOS KEIKO🧡🧡🧡🧡🧡🧡VAMOS K🧡🧡🧡VAMOS KEIKO🧡🧡🧡 🧡🧡🧡VAMOS KEIKO🧡🧡🧡🧡🧡🧡VAMOS KEIKO🧡🧡🧡🧡🧡🧡VAMOS K🧡🧡🧡VAMOS KEIKO🧡🧡🧡 🧡🧡🧡🧡🧡🧡🧡🧡🧡🧡🧡🧡🧡🧡🧡🧡🧡🧡🧡🧡🧡🧡🧡🧡🧡🧡
:🧡🧡🧡VAMOS KEIKO🧡🧡🧡 🧡🧡🧡VAMOS KEIKO🧡🧡🧡🧡🧡🧡VAMOS KEIKO🧡🧡🧡🧡🧡🧡VAMOS K🧡🧡🧡VAMOS KEIKO🧡🧡🧡 🧡🧡🧡VAMOS KEIKO🧡🧡🧡🧡🧡🧡VAMOS KEIKO🧡🧡🧡🧡🧡🧡VAMOS K🧡🧡🧡VAMOS KEIKO🧡🧡🧡 🧡🧡🧡VAMOS KEIKO🧡🧡🧡🧡🧡🧡VAMOS KEIKO🧡🧡🧡🧡🧡🧡VAMOS K🧡🧡🧡VAMOS KEIKO🧡🧡🧡 🧡🧡🧡VAMOS KEIKO🧡🧡🧡🧡🧡🧡VAMOS KEIKO🧡🧡🧡🧡VAMOS KEIKO🧡🧡🧡 🧡🧡🧡VAMOS KEIKO🧡🧡🧡🧡🧡🧡VAMOS KEIKO",7392071723400823841,user5295788718245,5,7655038902579757846,7643973259376987399,0,,False,JP,jp3.ndjson,neutral,0.4066144824028015
NUESTRO PRESIDENTE ROBERTO SÁNCHEZ 🥰🥰,7583524017912300564,jhon.jiukam,5,7649594164748862226,7643973259376987399,0,,False,JP,jp3.ndjson,positive,0.588313102722168
viva keiko por un país mejor para todos 💪 vamos keiko 🧡 🧡🧡🧡🧡🧡🧡🧡🧡🧡🧡🧡🧡🧡🧡🧡🧡🧡🧡🧡🧡🧡🧡🧡🧡🧡🧡🧡🧡🧡🧡🧡🧡🧡🧡🧡🧡🧡🙏🙏,6800338206375445509,tiktocon07escorpio,14,7650926079570264840,7643973259376987399,0,,False,JP,jp3.ndjson,positive,0.8088228702545166
,7354883825782768645,elmer.vasquez.chi,28,7644332157200122631,7643973259376987399,0,,False,JP,jp3.ndjson,positive,0.44054585695266724
"Pedro Castillo
el mejor presidente del Perú 🇵🇪",6790863478824862726,mathinem25,4,7644465225760850709,7643973259376987399,0,,False,JP,jp3.ndjson,positive,0.7832478284835815
Keiko presidenta,7639891963717633031,yas86437,8,7647540347426767624,7643973259376987399,0,,False,JP,jp3.ndjson,positive,0.3831813931465149
keiko presidenta y punto 🙏🙏🙏🙏🙏,7202287396468278277,sportincristal95,53,7644338367543771924,7643973259376987399,0,,False,JP,jp3.ndjson,positive,0.48074302077293396
yo de datem loreto votare x jp🥰 papá Dios save quién va ser ganador,7451754387939460102,musoline90,7,7647674944391168776,7643973259376987399,0,,False,JP,jp3.ndjson,neutral,0.4757622182369232
keiko futura presidenta 2026 👏🇵🇪👏💪👍,7300170976527205382,angelhg.2024,9,7644464956805022484,7643973259376987399,0,,False,JP,jp3.ndjson,neutral,0.44110965728759766
Votaré por Jp,6857137002250126341,rvey29,24,7644284470162670343,7643973259376987399,0,,False,JP,jp3.ndjson,positive,0.5987077355384827
Roberto y los yape,7527501668343448592,artesana0581,0,7665742383913894677,7643973259376987399,0,,False,JP,jp3.ndjson,neutral,0.611571729183197
,6927532825660081157,jibaja_noe17,19,7644229340792849159,7643973259376987399,0,,False,JP,jp3.ndjson,positive,0.44054585695266724
"sube JP como la espuma, vamos así, estamos bien",7396152054987392005,logistica.james,194,7644191840216580872,7643973259376987399,0,,False,JP,jp3.ndjson,positive,0.6463829278945923
,7621811878288983060,user744616731427,0,7650592878305805076,7643973259376987399,7649932858584924946,7.649932858584925e+18,True,JP,jp3.ndjson,positive,0.44054585695266724
"gracias, ya ganó keiko 🥰🥰🥰🥰",7461364350541513733,dime.gracias.papi1,0,7651076942595490581,7643973259376987399,7650687892541047553,7.650687892541048e+18,True,JP,jp3.ndjson,neutral,0.48466745018959045
. para el buen entendedor. jp símbolo de la pobreza. Piensen,7093534078121034758,lindar404,3,7644342562348188436,7643973259376987399,7644194383982166800,7.644194383982167e+18,True,JP,jp3.ndjson,neutral,0.4908847212791443
🤣🤣🤣🔥🔥🔥🔥 Tierra quemada,6762571698552161286,jeika36,0,7652298163420168982,7643973259376987399,7644194383982166800,7.644194383982167e+18,True,JP,jp3.ndjson,negative,0.7082130312919617
Se nota.... Toma se te cayo🧠,7568699705946276880,alexanderabanto6,0,7644347206301221649,7643973259376987399,7644194383982166800,7.644194383982167e+18,True,JP,jp3.ndjson,neutral,0.4936009645462036
se nota,6871380277852570630,keiser123456,0,7644236162458993415,7643973259376987399,7644194383982166800,7.644194383982167e+18,True,JP,jp3.ndjson,neutral,0.5845420360565186
jp presidente,7277291222242231302,lunita.2217,3,7647331102152262407,7643973259376987399,0,,False,JP,jp3.ndjson,positive,0.4605233073234558
vamos jp,7419864710108939269,marquina.30,3,7646096433787667220,7643973259376987399,0,,False,JP,jp3.ndjson,positive,0.7269670367240906
Al final perdio,7516025812241269766,oshito056,1,7658433818235257620,7643973259376987399,0,,False,JP,jp3.ndjson,neutral,0.5977977514266968
vamos Keiko presidenta 2026,7517034756035527687,geraldoovallepere,2,7653290736502833941,7643973259376987399,0,,False,JP,jp3.ndjson,positive,0.7375366687774658
vamos JP tu puedes el pueblo está contigo,7505214161745101832,susy.liliana.mend,4,7649766131447890696,7643973259376987399,0,,False,JP,jp3.ndjson,positive,0.8912214636802673
esooo Roberto Sánchez 💪👏,7587960665315902482,claravr421,3,7648026466298921748,7643973259376987399,0,,False,JP,jp3.ndjson,positive,0.6967334747314453
vamos keiko,7402200667702330374,evelin.rodriguez0488,2,7658503904448987925,7643973259376987399,0,,False,JP,jp3.ndjson,positive,0.6336122155189514
símbolos de lealtad🤣🤣🤣🤣🤣🤣🤣🤣🤣 x donde,7259169469908468742,carlos_travel1988,1,7664687864353735425,7643973259376987399,0,,False,JP,jp3.ndjson,neutral,0.5634852051734924
🧡sube sube Keiko 🧡👌,6873285958922552325,dianavg1211,4,7649886452201276181,7643973259376987399,0,,False,JP,jp3.ndjson,neutral,0.49086764454841614
Vamos JP,7477058451244794881,isabel.becerra.ro7,3,7645894458537460501,7643973259376987399,0,,False,JP,jp3.ndjson,positive,0.7269667983055115
vamos jp roberto sanches presidente del peru,7002378147305227270,godofredobenavides24,3,7647237093559649045,7643973259376987399,0,,False,JP,jp3.ndjson,positive,0.6981796026229858
keiko presidenta vamos con todo,7636453096943715336,user4547350357393,2,7649431315843908373,7643973259376987399,0,,False,JP,jp3.ndjson,positive,0.8316347002983093
keykooo,6746755225544360965,karlitamelendez7,3,7646877647151301396,7643973259376987399,0,,False,JP,jp3.ndjson,positive,0.41459280252456665
KEIKO PRESIDENTA Del PERÚ,7060225688105141253,mm_m.20,1,7665543399697285895,7643973259376987399,0,,False,JP,jp3.ndjson,neutral,0.45812711119651794
Sánchez presidente,7513315098578256903,luisalbertorisc42,3,7649645289549005588,7643973259376987399,0,,False,JP,jp3.ndjson,neutral,0.46547654271125793
vamos keiko,7432735813719704581,maria.rutti8,32,7644349881847038737,7643973259376987399,0,,False,JP,jp3.ndjson,positive,0.6336122155189514
Juntos perdieron!!! 😂🤣,7258689296138388486,rociodelpilarquez,7,7658403887372305160,7643973259376987399,0,,False,JP,jp3.ndjson,positive,0.6094059348106384
Duela a quien le duela Roberto Sánchez será el precidente y punto 🥰🥰,7270450844172092422,luzclarita.napo.h,45,7644281608212841234,7643973259376987399,0,,False,JP,jp3.ndjson,neutral,0.5308299660682678
yo y toda mi familia por JP 😊😊😄,7559762354730271751,user309556488,30,7646139288779227925,7643973259376987399,0,,False,JP,jp3.ndjson,positive,0.5800952315330505
vamos jp Sánchez presidente,6953381627238171654,yulibedoyasosa,7,7645322531847488276,7643973259376987399,0,,False,JP,jp3.ndjson,positive,0.80436772108078
Keiko presidente,6954901249632683013,vilma.vargas866,28,7644432702678778640,7643973259376987399,0,,False,JP,jp3.ndjson,neutral,0.4107336103916168
vamos keyko está vez presidenta,7614711520380175380,melchorcachayyahu,28,7644333860343956244,7643973259376987399,0,,False,JP,jp3.ndjson,positive,0.819419801235199
vamos Keiko 🧡,6778665415965099013,abbyjulca,21,7645405098252501761,7643973259376987399,0,,False,JP,jp3.ndjson,positive,0.6962165832519531
yo votare por jp,6865829424646915074,yuleysibances,17,7646967471421801223,7643973259376987399,0,,False,JP,jp3.ndjson,positive,0.6030197739601135
keyko mil veces keyko,7627698593273136129,lesly72492,30,7644544204832670485,7643973259376987399,0,,False,JP,jp3.ndjson,positive,0.5601480603218079
DIOS PERMITA JP PRESIDENTE DEL PUEBLO DEL PERÚ.,7590144423842399239,naciela93,8,7649873835218780935,7643973259376987399,0,,False,JP,jp3.ndjson,neutral,0.5314859747886658
Keyko presidente 🧡💛💛,6991222415468626949,mmlshi,64,7644430911287542548,7643973259376987399,0,,False,JP,jp3.ndjson,positive,0.5038288235664368
Keiko presidenta 🥰❤️,7367531970777351174,silvely26,15,7644397368256004884,7643973259376987399,0,,False,JP,jp3.ndjson,positive,0.47870951890945435
Keiko Presidenta 🇦🇹 🤛👍💪🥰🤗🌹❤️,7554597354500277249,evelyn.reyes.varg,24,7644266883563340545,7643973259376987399,0,,False,JP,jp3.ndjson,positive,0.44880688190460205
keiko presidenta💪,7516232898891285509,jeiner3806,5,7644622352470328084,7643973259376987399,0,,False,JP,jp3.ndjson,positive,0.3831814229488373
de San Mónica 😁 y de los burros 😂,6520577226776253440,luzleonn4,0,7645728166782862087,7643973259376987399,7644464956805022484,7.644464956805023e+18,True,JP,jp3.ndjson,neutral,0.6552965044975281
no está mal de verdad no sabes lo que hases,7350042207989253125,djugec2511,0,7646138480619520775,7643973259376987399,7644464956805022484,7.644464956805023e+18,True,JP,jp3.ndjson,negative,0.4427923858165741
"vamos Keiko , solo gente inteligente sabe por quién votar",6912290191374828549,catitadecoracionybuffet,0,7644566922785047316,7643973259376987399,7644464956805022484,7.644464956805023e+18,True,JP,jp3.ndjson,positive,0.6671323180198669
jamás,7282768685231932421,franciscalimahuillca,0,7644606178635711248,7643973259376987399,7644546953346843410,7.644546953346844e+18,True,JP,jp3.ndjson,neutral,0.5253650546073914
Te vas quedar sin sueldo jajsj 😂,6814080085571044357,yaninacelestinovargas,0,7644575514825720583,7643973259376987399,7644546953346843410,7.644546953346844e+18,True,JP,jp3.ndjson,negative,0.9524248838424683
Dios mediante gane Keiko 🧡,6650825441258389510,lizhuayan,0,7647976540350202632,7643973259376987399,7647674944391168776,7.647674944391169e+18,True,JP,jp3.ndjson,neutral,0.5170924663543701
ok😂😂,7451754387939460102,musoline90,0,7648333110937961223,7643973259376987399,7647674944391168776,7.647674944391169e+18,True,JP,jp3.ndjson,neutral,0.6016756892204285
jp presidente carajoooo,7361945057724040197,joel.1drago,0,7644926630045565716,7643973259376987399,7644338367543771924,7.644338367543772e+18,True,JP,jp3.ndjson,positive,0.6304745674133301
jamás,7282768685231932421,franciscalimahuillca,0,7644606229160084241,7643973259376987399,7644338367543771924,7.644338367543772e+18,True,JP,jp3.ndjson,neutral,0.5253650546073914
De tu zona 😭😭,7314765283994371077,jazminclar,0,7644575647423939346,7643973259376987399,7644338367543771924,7.644338367543772e+18,True,JP,jp3.ndjson,positive,0.5008017420768738
Keiko presidenta del Perú 🧡,7428185739248305158,rsp1202,2,7650520664303911701,7643973259376987399,0,,False,JP,jp3.ndjson,neutral,0.48274824023246765
vamos JP,6946749345426392069,jhonatannngk,2,7647382972031206145,7643973259376987399,0,,False,JP,jp3.ndjson,positive,0.7269670367240906
boten por el 🥰🥰🥰🥰🥰,7641743126994273298,jhoselynjoaquinme,2,7647530359458841362,7643973259376987399,0,,False,JP,jp3.ndjson,negative,0.5732428431510925
JP ...Castillo libre que ¡Dios les bendiga!,7421057653025702918,flor61939,2,7647291756175196946,7643973259376987399,0,,False,JP,jp3.ndjson,neutral,0.5716006755828857
Arequipa con Keiko 🍊🍊🍊🍊🍊🍊🍊,7610594597768791057,julyant.presentac,2,7647373710794588945,7643973259376987399,0,,False,JP,jp3.ndjson,positive,0.4853866696357727
vamos keiko,7583030206514054160,clarissa___122,4,7646847012093477652,7643973259376987399,0,,False,JP,jp3.ndjson,positive,0.6336123943328857
Keiko presidenta❤️,7203494753186333701,yesicanuez3,4,7645083912880866055,7643973259376987399,0,,False,JP,jp3.ndjson,positive,0.3831813931465149
jp es la mejor opción Roberto sanchez presidente,7510802508324865029,laleyenda_96,2,7647319209765274384,7643973259376987399,0,,False,JP,jp3.ndjson,positive,0.7919780015945435
JP ya perdiste pero sigue cantando te escucho muy bien,7629844644775363605,user5713639901488,3,7650746257007641352,7643973259376987399,0,,False,JP,jp3.ndjson,positive,0.8613241314888
Vamos jp,6882863799226516485,rubelpatricio,2,7648247981615760146,7643973259376987399,0,,False,JP,jp3.ndjson,positive,0.7269670367240906
vamos roberto sanchez,6817240145192813574,user1192777908309,4,7646991314869273362,7643973259376987399,0,,False,JP,jp3.ndjson,positive,0.7657623291015625
Es la pura verdad,7262510619211072517,miguel.llanos.gme,3,7646594136170300181,7643973259376987399,0,,False,JP,jp3.ndjson,positive,0.5763871073722839
Tataw crj,7245100342722085893,renatitap10,3,7644315442538382098,7643973259376987399,0,,False,JP,jp3.ndjson,negative,0.8776561617851257
vamos keiko💪,7634619438704985106,namzug138,3,7645103345755226900,7643973259376987399,0,,False,JP,jp3.ndjson,positive,0.6336123943328857
"@el grasioso🤪🤪🤪:🥳MUNDO MÁGICO D’ JOAR 🎉🌈: 🧡VAMOS KEIKO🧡🧡🧡 🧡🧡🧡VAMOS KEIKO🧡🧡🧡🧡🧡🧡VAMOS KEIKO🧡🧡🧡🧡🧡🧡VAMOS K🧡🧡🧡VAMOS KEIKO🧡🧡🧡 🧡🧡🧡VAMO KEIKO🧡🧡🧡🧡🧡🧡VAMOS KEIKO🧡🧡🧡🧡🧡🧡VAMOS K🧡🧡🧡VAMOS KEIKO🧡🧡🧡 🧡🧡🧡VAMOS KEIKO🧡🧡🧡🧡🧡🧡VAMOS KEIKO🧡🧡🧡🧡🧡🧡VAMOS K🧡🧡🧡VAMOS KEIKO🧡🧡🧡 🧡🧡🧡VAMOS KEIKO🧡🧡🧡🧡🧡🧡VAMOS KEIKO🧡🧡🧡VAMOS KEIKO🧡🧡🧡 🧡🧡🧡VAMOS KEIKO🧡🧡🧡🧡🧡🧡VAMOS KEIKO🧡🧡🧡🧡🧡🧡VAMOS K🧡🧡🧡VAMOS KEIKO🧡🧡🧡 🧡🧡🧡VAMOS KEIKO🧡🧡🧡🧡🧡🧡VAMOS KEIKO🧡🧡🧡🧡🧡🧡VAMOS K🧡🧡🧡VAMOS KEIKO🧡🧡🧡 🧡🧡🧡VAMOS KEIKO🧡🧡🧡🧡🧡🧡VAMOS KEIKO🧡🧡🧡🧡🧡🧡VAMOS K🧡🧡🧡VAMOS KEIKO🧡🧡🧡 🧡🧡🧡VAMOS KEIKO🧡🧡🧡🧡🧡🧡VAMOS KEIKO🧡🧡VAMOS KEIKO🧡🧡🧡 🧡🧡🧡VAMOS KEIKO🧡🧡🧡🧡🧡🧡VAMOS KEIKO🧡🧡🧡🧡🧡🧡VAMOS K🧡🧡🧡VAMOS KEIKO🧡🧡🧡 🧡🧡🧡VAMOS KEIKO🧡🧡🧡🧡🧡🧡VAMOS KEIKO🧡🧡🧡🧡🧡🧡VAMOS K🧡🧡🧡VAMOS KEIKO🧡🧡🧡 🧡🧡🧡VAMOS KEIKO🧡🧡🧡🧡🧡🧡VAMOS KEIKO🧡🧡🧡🧡🧡🧡VAMOS K🧡🧡🧡VAMOS KEIKO🧡🧡🧡 🧡🧡🧡VAMOS KEIKO🧡🧡🧡🧡🧡🧡VAMOS KEIKO🧡🧡🧡VAMOS KEIKO🧡🧡🧡 🧡🧡🧡VAMOS KEIKO🧡🧡🧡🧡🧡🧡VAMOS KEIKO🧡🧡🧡🧡🧡🧡VAMOS K🧡🧡🧡VAMOS KEIKO🧡🧡🧡 🧡🧡🧡VAMOS KEIKO🧡🧡🧡🧡🧡🧡VAMOS KEIKO🧡🧡🧡🧡🧡🧡VAMOS K🧡🧡🧡VAMOS KEIKO🧡🧡🧡 🧡🧡🧡VAMOS KEIKO🧡🧡🧡🧡🧡🧡VAMOS KEIKO🧡🧡🧡🧡🧡🧡VAMOS K🧡🧡🧡VAMOS KEIKO🧡🧡🧡 🧡🧡🧡VAMOS KEIKO🧡🧡🧡🧡🧡🧡VAMOS KEIKO🧡🧡🧡VAMOS KEIKO🧡🧡🧡 🧡🧡🧡VAMOS KEIKO🧡🧡🧡🧡🧡🧡VAMOS KEIKO🧡🧡🧡🧡🧡🧡VAMOS K🧡🧡🧡VAMOS KEIKO🧡🧡🧡 🧡🧡🧡VAMOS KEIKO🧡🧡🧡🧡🧡🧡VAMOS KEIKO🧡🧡🧡🧡🧡🧡VAMOS K🧡🧡🧡VAMOS KEIKO🧡🧡🧡 🧡🧡🧡VAMOS KEIKO🧡🧡🧡🧡🧡🧡VAMOS KEIKO🧡🧡🧡🧡🧡🧡VAMOS K🧡🧡🧡VAMOS KEIKO🧡🧡🧡 🧡🧡🧡🧡🧡🧡🧡🧡🧡🧡🧡🧡🧡🧡🧡🧡🧡🧡🧡🧡🧡🧡🧡🧡🧡🧡
:🧡🧡🧡VAMOS KEIKO🧡🧡🧡 🧡🧡🧡VAMOS KEIKO🧡🧡🧡🧡🧡🧡VAMOS KEIKO🧡🧡🧡🧡🧡🧡VAMOS K🧡🧡🧡VAMOS KEIKO🧡🧡🧡 🧡🧡🧡VAMOS KEIKO🧡🧡🧡🧡🧡🧡VAMOS KEIKO🧡🧡🧡🧡🧡🧡VAMOS K🧡🧡🧡VAMOS KEIKO🧡🧡🧡 🧡🧡🧡VAMOS KEIKO🧡🧡🧡🧡🧡🧡VAMOS KEIKO🧡🧡🧡🧡🧡🧡VAMOS K🧡🧡🧡VAMOS KEIKO🧡🧡🧡 🧡🧡🧡VAMOS KEIKO🧡🧡🧡🧡🧡🧡VAMOS KEIKO🧡🧡🧡🧡VAMOS KEIKO🧡🧡🧡 🧡🧡🧡VAMOS KEIKO🧡🧡🧡🧡🧡🧡VAMOS KEIKO @𝑮𝒊𝒂𝒏𝒄𝒂𝒓𝒍𝒐𝑴𝒊𝒍𝒍𝒂🧃: 🧡VAMOS KEIKO🧡🧡🧡 🧡🧡🧡VAMOS KEIKO🧡🧡🧡🧡🧡🧡VAMOS KEIKO🧡🧡🧡🧡🧡🧡VAMOS K🧡🧡🧡VAMOS KEIKO🧡🧡🧡 🧡🧡🧡VAMO KEIKO🧡🧡🧡🧡🧡🧡VAMOS KEIKO🧡🧡🧡🧡🧡🧡VAMOS K🧡",7120686248788345861,2000chavez12,3,7652778417804411665,7643973259376987399,0,,False,JP,jp3.ndjson,neutral,0.466508150100708
vamos Roberto Sánchez tú si puedes,7511053275920909320,dani_5.45,3,7648291720745222920,7643973259376987399,0,,False,JP,jp3.ndjson,positive,0.8544794917106628
krykooo la mejor prearada 🧡🧡🧡,7420631615162139653,kathex_890,2,7646547188616676103,7643973259376987399,0,,False,JP,jp3.ndjson,positive,0.867691695690155
Jp vamos arriba 😊,7571780061616243732,lucy.llanqui.vilca,4,7644756367866200833,7643973259376987399,0,,False,JP,jp3.ndjson,positive,0.8928048014640808
👏👏👏👏Pedro castillo libertad 👏👏👏 Roberto Sánchez presidente 👏👏👏,6803131177919890437,mariselacruzrosar,44,7644206753740489490,7643973259376987399,0,,False,JP,jp3.ndjson,neutral,0.6094191074371338
suerte Roberto Sánchez presidente por el Perú jp,7585542880324862993,flor.marivel.meji,8,7647265967306720021,7643973259376987399,0,,False,JP,jp3.ndjson,positive,0.8362158536911011
Mi Familia y yo JP 👌,6793874590402708486,dianixcc,9,7644713488795386631,7643973259376987399,0,,False,JP,jp3.ndjson,positive,0.5504392385482788
vamos keiko,7555235001046926357,yoshro.mejia.colo,9,7645746380674351892,7643973259376987399,0,,False,JP,jp3.ndjson,positive,0.6336123943328857
Roberto Sánchez presidente del Perú profundo digan lo que digan el resto 💯💯💯💯🙏🙏🙏🙏🙏,7594845801194161169,marisol.cierto,8,7644178731200627476,7643973259376987399,0,,False,JP,jp3.ndjson,neutral,0.7410116791725159
Roberto Sánchez presidente,6873201295965438981,virginea9862,11,7644016518896861973,7643973259376987399,0,,False,JP,jp3.ndjson,positive,0.5724310874938965
Desde Chile mi familia yo y vecinos votaremos por jp para presidente,6541052783003440143,jimmyls2,11,7648340911474098952,7643973259376987399,0,,False,JP,jp3.ndjson,positive,0.6558327078819275
Ahora si el Perú va a brillar 👍,7136866367890293766,jorgeluisguevaram0,10,7649506197184430880,7643973259376987399,0,,False,JP,jp3.ndjson,positive,0.7335028648376465
jp,7246889320631075846,alejandra.navarre716,16,7643977653075100432,7643973259376987399,0,,False,JP,jp3.ndjson,neutral,0.45685091614723206
Vamos Keiko,7144899802676839429,ruthtrucios2,14,7644225205925937927,7643973259376987399,0,,False,JP,jp3.ndjson,positive,0.6336120963096619
vamos keyko presidente 👏👏,7409808256573752325,celeni.gracia.dia,13,7645733194192749333,7643973259376987399,0,,False,JP,jp3.ndjson,positive,0.764367938041687
Vamos JP hasta la victoria,7305923026125947910,el.len817,25,7644385015973905160,7643973259376987399,0,,False,JP,jp3.ndjson,positive,0.8940419554710388
Roberto Sánchez presidente del Perú,7594611765574583317,aydee.saavedra.va,10,7644218759989068564,7643973259376987399,0,,False,JP,jp3.ndjson,neutral,0.47510120272636414
mi futuro presidente Roberto Sánchez,6845673192968832006,gloriaflores683,17,7644194694083412754,7643973259376987399,0,,False,JP,jp3.ndjson,positive,0.8223462700843811
keikooo arribaaa🧡🧡🧡🧡🧡,7195302695358678021,evingutirrezbip,9,7646536734638342932,7643973259376987399,0,,False,JP,jp3.ndjson,positive,0.8421481847763062
Vamos Jp❣️,6785936283032388614,odalizac,21,7644186163973178119,7643973259376987399,0,,False,JP,jp3.ndjson,positive,0.8677816987037659
toda mi famila votara por JP,7439526283636180023,bry.osita4,14,7646590347431101192,7643973259376987399,0,,False,JP,jp3.ndjson,neutral,0.4883412718772888
Roberto Sánchez presidente de Perú,7326229938461197318,javiergarciamejia5,20,7644575993403802389,7643973259376987399,0,,False,JP,jp3.ndjson,positive,0.4734380841255188
Hasta la victoria 💪💪💪 JP,7190800551692354566,victor.sanchez5797,9,7644295173019812628,7643973259376987399,0,,False,JP,jp3.ndjson,positive,0.7709398865699768
Cállate oe keiko es mejor,7506254110812079121,massxd7,0,7666170458052690689,7643973259376987399,7665742383913894677,7.665742383913895e+18,True,JP,jp3.ndjson,positive,0.5832187533378601
keico presidenta del Perú.,7177412665748620294,evalunafash123,7,7644317419187995399,7643973259376987399,7644191840216580872,7.644191840216581e+18,True,JP,jp3.ndjson,positive,0.5995940566062927
yo no aceptaré tener como representante a una extranjera.. tal vez a ti en Japón te dan puestos de confianza... hay que ser lógicos no creo que cueste eso..,7396152054987392005,logistica.james,3,7644411872552403730,7643973259376987399,7644191840216580872,7.644191840216581e+18,True,JP,jp3.ndjson,neutral,0.519589900970459
arriba jp 🥰,6814905719276962821,sitodoloquemehacefeliz,2,7644280476743926548,7643973259376987399,7644191840216580872,7.644191840216581e+18,True,JP,jp3.ndjson,positive,0.8538191914558411
,6833734351478522885,bandidita21,2,7644363709994091284,7643973259376987399,7644229340792849159,7.644229340792849e+18,True,JP,jp3.ndjson,positive,0.4405459463596344
Ya sicario,6863462062271251462,jefryofficial34,0,7644291814056887048,7643973259376987399,7644229340792849159,7.644229340792849e+18,True,JP,jp3.ndjson,negative,0.4504089951515198
🤣,6609634953229516805,paoserr2024,0,7646139844629037846,7643973259376987399,7644229340792849159,7.644229340792849e+18,True,JP,jp3.ndjson,neutral,0.5979585647583008
La espuma sucia,7186158124486247470,claudiaancieta,0,7649414715048117005,7643973259376987399,7644191840216580872,7.644191840216581e+18,True,JP,jp3.ndjson,negative,0.8523816466331482
siiii8,7282768685231932421,franciscalimahuillca,0,7644605877987754753,7643973259376987399,7644191840216580872,7.644191840216581e+18,True,JP,jp3.ndjson,positive,0.5989751219749451
Ayayayay cuanta ignorancia 😂,7596822512463021089,mel790695,2,7648794806394716930,7643973259376987399,7644281608212841234,7.644281608212841e+18,True,JP,jp3.ndjson,neutral,0.5057563185691833
y ahora jajajaja,6803368552339457029,comicodannyperu,1,7656834297543279381,7643973259376987399,7644281608212841234,7.644281608212841e+18,True,JP,jp3.ndjson,neutral,0.5721616148948669
depsues no los queremos en lima protestando,7217594773275198469,yulamira2,1,7645484948060881672,7643973259376987399,7644281608212841234,7.644281608212841e+18,True,JP,jp3.ndjson,negative,0.507834255695343
de santa Mónica,7120000435587007493,ghaboyt_,1,7644383500644303632,7643973259376987399,7644356451573744404,7.644356451573745e+18,True,JP,jp3.ndjson,positive,0.5008133053779602
Roberto si va a hir ahí,7442785842350212152,dtal68,0,7644389505109639956,7643973259376987399,7644356451573744404,7.644356451573745e+18,True,JP,jp3.ndjson,neutral,0.4777235686779022
de Santa Mónica 😁 y de los ignorantes 😂,6520577226776253440,luzleonn4,0,7645726919304282898,7643973259376987399,7644356451573744404,7.644356451573745e+18,True,JP,jp3.ndjson,neutral,0.5872172713279724
yo y mi familia también votaremos por Jp💚👏🏼,6956015014340756485,gab_1332,1,7646260332469650197,7643973259376987399,7646139288779227925,7.646139288779228e+18,True,JP,jp3.ndjson,positive,0.5780293941497803
Roberto Sanches Presidente del Peru,6793026473886352389,nicolesofia151,1,7646142902246327048,7643973259376987399,7646139288779227925,7.646139288779228e+18,True,JP,jp3.ndjson,neutral,0.4954301714897156
Calabacita,7145415369354888197,bratt.pitt81,0,7644363612903506706,7643973259376987399,7644266883563340545,7.644266883563341e+18,True,JP,jp3.ndjson,neutral,0.5144912600517273
🤣🤣🤣,7331833328897819654,nadinn832,0,7646985736173093652,7643973259376987399,7644266883563340545,7.644266883563341e+18,True,JP,jp3.ndjson,neutral,0.5979585647583008
es normal tu pensar en personas cómo tú,6776704939026760709,nathy.ndc,0,7644440659998458644,7643973259376987399,7644397368256004884,7.644397368256005e+18,True,JP,jp3.ndjson,neutral,0.48438721895217896
😂😂,7367531970777351174,silvely26,0,7644499750801572629,7643973259376987399,7644397368256004884,7.644397368256005e+18,True,JP,jp3.ndjson,neutral,0.5979585647583008
🤣🤣🤣,7045273259793843201,fiorellac.q,0,7644405831111328520,7643973259376987399,7644397368256004884,7.644397368256005e+18,True,JP,jp3.ndjson,neutral,0.5979583263397217
",🧡🧡🧡",6991222415468626949,mmlshi,0,7644729920438747925,7643973259376987399,7644430911287542548,7.644430911287543e+18,True,JP,jp3.ndjson,neutral,0.5202523469924927
es normal tu pensar en personas cómo tú,6776704939026760709,nathy.ndc,0,7644440310735143701,7643973259376987399,7644430911287542548,7.644430911287543e+18,True,JP,jp3.ndjson,neutral,0.48438727855682373
🤷,6991222415468626949,mmlshi,0,7644441620508066580,7643973259376987399,7644430911287542548,7.644430911287543e+18,True,JP,jp3.ndjson,neutral,0.5979583263397217
,6776704939026760709,nathy.ndc,0,7644440639481053973,7643973259376987399,7644432702678778640,7.644432702678779e+18,True,JP,jp3.ndjson,positive,0.44054585695266724
de su edcslera,7263433430498821152,oscar.gimenez.pon,0,7649500223357960982,7643973259376987399,7644432702678778640,7.644432702678779e+18,True,JP,jp3.ndjson,neutral,0.46986863017082214
vamos x JP presidente queremos que Perú cambio nunca más delincuente ni corruptos,7504471469214041093,l2001luzdiaz0,0,7645919102783881991,7643973259376987399,7645322531847488276,7.645322531847489e+18,True,JP,jp3.ndjson,positive,0.41925930976867676
e𝕝 𝕧𝕒 𝙷𝙰𝕔𝕖𝕣 𝕢 𝕖𝕝 𝕡𝕖𝕣𝕦 𝕤𝕖 𝕔𝕒𝕚𝕘𝕒 𝕙𝕒𝕔𝕚 𝕔𝕠𝕞𝕠 𝕧𝕖𝕟𝕖𝕫𝕦𝕖𝕝𝕒 𝕪𝕒 𝕗𝕦𝕖 𝕤𝕚 𝕥𝕖𝕟𝕖𝕞𝕠𝕤 𝕖𝕤𝕖 𝕥𝕚𝕡𝕠 𝕕𝕖 𝕡𝕖𝕣𝕦𝕒𝕟𝕠𝕤,7500362833139188741,gianellaaracely44,0,7646550366527767303,7643973259376987399,7645322531847488276,7.645322531847489e+18,True,JP,jp3.ndjson,negative,0.6558297276496887
de Santa Mónica 😁😁 y de los burros 😂,6520577226776253440,luzleonn4,0,7645728739813229330,7643973259376987399,7644333860343956244,7.644333860343956e+18,True,JP,jp3.ndjson,neutral,0.6572479009628296
está vez también perderá 😏,6776704939026760709,nathy.ndc,0,7644440741113414421,7643973259376987399,7644333860343956244,7.644333860343956e+18,True,JP,jp3.ndjson,neutral,0.675314724445343
🧡💚,7582740299161142289,carlos.lozada577,0,7649215259445920513,7643973259376987399,7646967471421801223,7.646967471421801e+18,True,JP,jp3.ndjson,neutral,0.5979583263397217
Keiko y punto,7651081386268951568,yova48725,1,7651375941466702613,7643973259376987399,0,,False,JP,jp3.ndjson,neutral,0.4493555426597595
vamos jp,7626097545639805970,chayita190,2,7644927618193900309,7643973259376987399,0,,False,JP,jp3.ndjson,positive,0.7269670367240906
Bamos zanches,7513033370160710661,jhony.daygoro.bar,2,7644957495220126471,7643973259376987399,0,,False,JP,jp3.ndjson,positive,0.5451223254203796
QUIEN GANÓ??,7022060828204073989,angeljoshwaacero,1,7651433522507105044,7643973259376987399,0,,False,JP,jp3.ndjson,neutral,0.42907366156578064
vamos a ganarrŕrrrr,6892846961457169414,jrogerb,2,7645528283899724552,7643973259376987399,0,,False,JP,jp3.ndjson,positive,0.728065013885498
jp presidente,6919711632873260038,rociomarilu4,2,7644355636272775957,7643973259376987399,0,,False,JP,jp3.ndjson,positive,0.4605233073234558
VAMOS KEYKO,7149732818909234181,lurdeskeyinostros,2,7645518919604601621,7643973259376987399,0,,False,JP,jp3.ndjson,positive,0.6592959761619568
vamos keiko,7435352253806183479,estrella.posadas4,2,7645119014943572737,7643973259376987399,0,,False,JP,jp3.ndjson,positive,0.6336123943328857
Jaja ya fue oe,216503150793326592,stefffcamacho,1,7653853589447213845,7643973259376987399,0,,False,JP,jp3.ndjson,neutral,0.6237967610359192
vamos jp,6874374594733310982,rosanalamdepsulca,2,7644978895150007060,7643973259376987399,0,,False,JP,jp3.ndjson,positive,0.7269670367240906
no nos defraudes Roberto 🙏🙏🙏🙏🙏,7509866004010451969,marlenesantacruze2,3,7649021413000561424,7643973259376987399,0,,False,JP,jp3.ndjson,negative,0.42844176292419434
jajajajaja no me puedo dejar de reír 😂😂,7550374021101126676,beneficio.mutuo,1,7665060285490742034,7643973259376987399,0,,False,JP,jp3.ndjson,neutral,0.4686198830604553
🙏🙏🙏 mi apoyo por Jp,7302543664433611781,elizabetariana,3,7647324245211939602,7643973259376987399,0,,False,JP,jp3.ndjson,positive,0.7130406498908997
con esa música ya ganamos😂😂😂,7303038418270553094,siguayrito23,4,7648906094476198663,7643973259376987399,0,,False,JP,jp3.ndjson,positive,0.8215258121490479
jp presente 👍,7271271110599443461,yesenia.portilla,2,7647598117886116629,7643973259376987399,0,,False,JP,jp3.ndjson,positive,0.5536826848983765
vamos keyko,7334546254691238918,parabrisas.estrada.eirl,3,7646822902805857042,7643973259376987399,0,,False,JP,jp3.ndjson,positive,0.6592959761619568
Como podría hace quiero apoyar al partido 💚 jp es la única persona que me da la confíanza,240498008587468800,mileyleydi,2,7644402478020215553,7643973259376987399,0,,False,JP,jp3.ndjson,neutral,0.6976933479309082
"@chispiii @creacar collections:@rous♡🦁:VAMOS KEIKO🧡🧡🧡 🧡🧡🧡VAMOS KEIKO🧡🧡🧡🧡🧡🧡VAMOS KEIKO🧡🧡🧡🧡🧡🧡VAMOS K🧡🧡🧡VAMOS KEIKO🧡🧡🧡 🧡🧡🧡VAMOS KEIKO🧡🧡🧡🧡🧡🧡VAMOS KEIKO🧡🧡🧡🧡🧡🧡VAMOS K🧡🧡🧡VAMOS KEIKO🧡🧡🧡 🧡🧡🧡VAMOS KEIKO🧡🧡🧡🧡🧡🧡VAMOS KEIKO🧡🧡🧡🧡🧡🧡VAMOS K🧡🧡🧡VAMOS KEIKO🧡🧡🧡 🧡🧡🧡VAMOS KEIKO🧡🧡🧡🧡🧡🧡VAMOS KEIKO🧡🧡🧡VAMOS KEIKO🧡🧡🧡 🧡🧡🧡VAMOS KEIKO🧡🧡🧡🧡🧡🧡VAMOS KEIKO🧡🧡🧡🧡🧡🧡VAMOS K🧡🧡🧡VAMOS KEIKO🧡🧡🧡 🧡🧡🧡VAMOS KEIKO🧡🧡🧡🧡🧡🧡VAMOS KEIKO🧡🧡🧡🧡🧡🧡VAMOS K🧡🧡🧡VAMOS KEIKO🧡🧡🧡 🧡🧡🧡VAMOS KEIKO🧡🧡🧡🧡🧡🧡VAMOS KEIKO🧡🧡🧡🧡🧡🧡VAMOS K🧡🧡🧡VAMOS KEIKO🧡🧡🧡 🧡🧡🧡VAMOS KEIKO🧡🧡🧡🧡🧡🧡VAMOS KEIKO🧡🧡VAMOS KEIKO🧡🧡🧡 🧡🧡🧡VAMOS KEIKO🧡🧡🧡🧡🧡🧡VAMOS KEIKO🧡🧡🧡🧡🧡🧡VAMOS K🧡🧡🧡VAMOS KEIKO🧡🧡🧡 🧡🧡🧡VAMOS KEIKO🧡🧡🧡🧡🧡🧡VAMOS KEIKO🧡🧡🧡🧡🧡🧡VAMOS K🧡🧡🧡VAMOS KEIKO🧡🧡🧡 🧡🧡🧡VAMOS KEIKO🧡🧡🧡🧡🧡🧡VAMOS KEIKO🧡🧡🧡🧡🧡🧡VAMOS K🧡🧡🧡VAMOS KEIKO🧡🧡🧡 🧡🧡🧡VAMOS KEIKO🧡🧡🧡🧡🧡🧡VAMOS KEIKO🧡🧡🧡VAMOS KEIKO🧡🧡🧡 🧡🧡🧡VAMOS KEIKO🧡🧡🧡🧡🧡🧡VAMOS KEIKO🧡🧡🧡🧡🧡🧡VAMOS K🧡🧡🧡VAMOS KEIKO🧡🧡🧡 🧡🧡🧡VAMOS KEIKO🧡🧡🧡🧡🧡🧡VAMOS KEIKO🧡🧡🧡🧡🧡🧡VAMOS K🧡🧡🧡VAMOS KEIKO🧡🧡🧡 🧡🧡🧡VAMOS KEIKO🧡🧡🧡🧡🧡🧡VAMOS KEIKO🧡🧡🧡🧡🧡🧡VAMOS K🧡🧡🧡VAMOS KEIKO🧡🧡🧡 🧡🧡🧡VAMOS KEIKO🧡🧡🧡🧡🧡🧡VAMOS KEIKO🧡🧡🧡VAMOS KEIKO🧡🧡🧡 🧡🧡🧡VAMOS KEIKO🧡🧡🧡🧡🧡🧡VAMOS KEIKO🧡🧡🧡🧡🧡🧡VAMOS K🧡🧡🧡VAMOS KEIKO🧡🧡🧡 🧡🧡🧡VAMOS KEIKO🧡🧡🧡🧡🧡🧡VAMOS KEIKO🧡🧡🧡🧡🧡🧡VAMOS K🧡🧡🧡VAMOS KEIKO🧡🧡🧡 🧡🧡🧡VAMOS KEIKO🧡🧡🧡🧡🧡🧡VAMOS KEIKO🧡🧡🧡🧡🧡🧡VAMOS K🧡🧡🧡VAMOS KEIKO🧡🧡🧡 🧡🧡🧡🧡🧡🧡🧡🧡🧡🧡🧡🧡🧡🧡🧡🧡🧡🧡🧡🧡🧡🧡🧡🧡🧡🧡
:🧡🧡🧡VAMOS KEIKO🧡🧡🧡 🧡🧡🧡VAMOS KEIKO🧡🧡🧡🧡🧡🧡VAMOS KEIKO🧡🧡🧡🧡🧡🧡VAMOS K🧡🧡🧡VAMOS KEIKO🧡🧡🧡 🧡🧡🧡VAMOS KEIKO🧡🧡🧡🧡🧡🧡VAMOS KEIKO🧡🧡🧡🧡🧡🧡VAMOS K🧡🧡🧡VAMOS KEIKO🧡🧡🧡 🧡🧡🧡VAMOS KEIKO🧡🧡🧡🧡🧡🧡VAMOS KEIKO🧡🧡🧡🧡🧡🧡VAMOS K🧡🧡🧡VAMOS KEIKO🧡🧡🧡 🧡🧡🧡VAMOS KEIKO🧡🧡🧡🧡🧡🧡VAMOS KEIKO🧡🧡🧡🧡VAMOS KEIKO🧡🧡🧡 🧡🧡🧡VAMOS KEIKO🧡🧡🧡🧡🧡🧡VAMOS KEIKO",7018262146346550278,evodia_huancho_lopez,3,7654405419289510676,7643973259376987399,0,,False,JP,jp3.ndjson,neutral,0.4956255555152893
a la cárcel por la corrupción,6950876644635313158,johannfrankesquiv,0,7645511262725866261,7643973259376987399,7645405098252501761,7.645405098252502e+18,True,JP,jp3.ndjson,negative,0.9218467473983765
,6817514694246237190,daguior_prime,0,7644370947899015956,7643973259376987399,7644349881847038737,7.644349881847039e+18,True,JP,jp3.ndjson,positive,0.44054585695266724
"mi voto por Roberto Sánchez, Pedro Castillo Libertad 💪",7462851062505636869,ivoncita219,1,7647701035348263700,7643973259376987399,0,,False,JP,jp3.ndjson,positive,0.5419232845306396
Vamos JP💚❤️💚❤️💚❤️,6917416385561019398,alberto34678mn,2,7644834070479962898,7643973259376987399,0,,False,JP,jp3.ndjson,positive,0.726966917514801
vamos mi Keiko nuestra presidenta viva mi presidenta,6897988058839417862,josuecomff,1,7651619473875632913,7643973259376987399,0,,False,JP,jp3.ndjson,positive,0.8672652244567871
orgullosa de ser peruana 🥰🥰🥰🥰,7634806961138435090,chinamilusc17kln,1,7649788046359692040,7643973259376987399,0,,False,JP,jp3.ndjson,positive,0.6073858141899109
Solo decir con fé que Nuestro país tiene que salir adelante porque con ellos o sin ellos tenemos que salir adelante mi país es grande nosotros somos grandes solo nos queda trabajar y trabajar 🥹🥹🥹🥹🥹🥹,7116650807840261125,gaby.matylde,1,7648888003847389968,7643973259376987399,0,,False,JP,jp3.ndjson,positive,0.8830147385597229
bebé debe que ganar JP,7469220183682466821,damianahuayra,1,7650652520616215316,7643973259376987399,0,,False,JP,jp3.ndjson,positive,0.765616238117218
ahí sisiisisiisis,7556671602139661329,alianza.lima844,1,7649859781822038805,7643973259376987399,0,,False,JP,jp3.ndjson,positive,0.7736274600028992
nooooooooooo,7261392548118283270,ale9539420,1,7651740186447463189,7643973259376987399,0,,False,JP,jp3.ndjson,negative,0.6958786249160767
Keiko presidenta,7430829207049356310,alex291137,1,7651347843333128982,7643973259376987399,0,,False,JP,jp3.ndjson,positive,0.3831816017627716
Roberto Sánchez es el mejor mi hija❤️,7391953470209295365,user91050732345490,2,7649914571696325383,7643973259376987399,0,,False,JP,jp3.ndjson,positive,0.951401948928833
vamos por la victoria,7622856247470064661,julia.rojas798,1,7649831309603816210,7643973259376987399,0,,False,JP,jp3.ndjson,positive,0.7724512219429016
vamos JP,6945818624763823109,nicolericaldi4,1,7649608819975373575,7643973259376987399,0,,False,JP,jp3.ndjson,positive,0.726966917514801
🙏 Amado Dios te bendiga a peru,7511340248442946566,rosanaula703,1,7649556917107671828,7643973259376987399,0,,False,JP,jp3.ndjson,positive,0.5461229681968689
vamos keiko,6920789355699684357,lourdes70p,1,7650691598586266385,7643973259376987399,0,,False,JP,jp3.ndjson,positive,0.6336120963096619
Se terminó de hundir el Peru☹️,7199514893971162118,agustinjesusferre,1,7649635731565773570,7643973259376987399,0,,False,JP,jp3.ndjson,negative,0.7723798155784607
Mi viaje no va ser envano ...arriba Roberto Sanchez.,6985291535463138309,nhiza2401,1,7649583186578817813,7643973259376987399,0,,False,JP,jp3.ndjson,positive,0.6229742169380188
vamos keiko vamos a ganar,7634663799787095056,blancaelizabhtper,2,7649162623325766416,7643973259376987399,0,,False,JP,jp3.ndjson,positive,0.841812014579773
Jp jp jp jp jp presidente,7110660829570319366,olgacontrerasma,3,7644698832295183111,7643973259376987399,0,,False,JP,jp3.ndjson,neutral,0.512387216091156
Jp 💚♥️,6868832709437064197,avila1051,2,7644348918343893778,7643973259376987399,0,,False,JP,jp3.ndjson,neutral,0.5448000431060791
Keiko Presidenta,7453284439226926085,raul.venancio.cca,8,7644392793826099976,7643973259376987399,0,,False,JP,jp3.ndjson,positive,0.3831816017627716
Jp presidente,7592631864494867476,medali242424,6,7648706893288833793,7643973259376987399,0,,False,JP,jp3.ndjson,positive,0.4605230689048767
Vamos jp,6858038776079598597,montenegro123666,6,7649753022251352849,7643973259376987399,0,,False,JP,jp3.ndjson,positive,0.726966917514801
ROBERTO SÁNCHEZ PRESIDENTE DEL PERÚ,7364611404673336326,esther.cano27,9,7644212950718612244,7643973259376987399,0,,False,JP,jp3.ndjson,neutral,0.47510120272636414
JP presidente,6806486725755339782,lacasitadelpeluche,8,7644422190129513237,7643973259376987399,0,,False,JP,jp3.ndjson,positive,0.4605230689048767
💪💪💪 Vamos JP Hasta la presidencia,7586437831939048504,user8147658176887,8,7644201775994831623,7643973259376987399,0,,False,JP,jp3.ndjson,positive,0.7678889632225037
Roberto Sánchez. gobierna con sabiduría. Eres la esperanza de nación de todas las sangres.,7425229811906102278,jhoel_arturoalany,7,7649553335402824468,7643973259376987399,0,,False,JP,jp3.ndjson,positive,0.3923954665660858
Vamos keiko esta vez vas a ser prisidenta del Perú,7587668300289803276,lisbeth.ponce811,8,7647223946987537159,7643973259376987399,0,,False,JP,jp3.ndjson,positive,0.5383273363113403
arriba Keiko carajo 🧡🧡🧡🧡🧡,7508236299250369542,karen.celeste.ate,8,7645473164029477652,7643973259376987399,0,,False,JP,jp3.ndjson,positive,0.7640823125839233
Jp💚💚💚💚,6927714345532425222,dreysierika,5,7644233583267840769,7643973259376987399,0,,False,JP,jp3.ndjson,neutral,0.45685091614723206
q de lo nos salvamos,7506650239832376328,javier.oscar235,0,7666130352760029972,7643973259376987399,0,,False,JP,jp3.ndjson,negative,0.4933832287788391
KEIKO FUJIMORI PRESIDENTA 2026 PARA DAR CÁTEDRA A LOS ZURDOS,7452901080629249029,winner.sac,0,7665881553055154962,7643973259376987399,0,,False,JP,jp3.ndjson,negative,0.42393359541893005
tres Doritos después,7549607344474407937,yda.meza5,0,7665903700876165908,7643973259376987399,0,,False,JP,jp3.ndjson,neutral,0.5148088932037354
jajajajja DOBLE MORAL!!!,7436172610952217655,kri1707,0,7665587244312773393,7643973259376987399,0,,False,JP,jp3.ndjson,negative,0.9652301669120789
Amazonas todos somos jp Roberto sanchez presidente,7510802508324865029,laleyenda_96,1,7647319750720307984,7643973259376987399,0,,False,JP,jp3.ndjson,positive,0.6631027460098267
Hay nooooo nooooooooooo,6533398084376859663,gabrielapaolamend,1,7646582196334396161,7643973259376987399,0,,False,JP,jp3.ndjson,negative,0.6561381220817566
JAAAA,7590097020589868052,diosentudia0,0,7666161981816341269,7643973259376987399,0,,False,JP,jp3.ndjson,neutral,0.37566450238227844
"Mi presidente, jaja",7027985215865144326,carlosabreguferna,0,7665868823496999698,7643973259376987399,0,,False,JP,jp3.ndjson,neutral,0.38302966952323914
Buen chiste,6789619650994930693,jaimealdosanchez,0,7665537881947226887,7643973259376987399,0,,False,JP,jp3.ndjson,positive,0.48942726850509644
vamos Roberto Sánchez llegaras con la bendición d Dios,7427901743113257990,nancy.aguedo,1,7646570797179437842,7643973259376987399,0,,False,JP,jp3.ndjson,positive,0.7549078464508057
Vamos jp Dios te bendiga ilumine tu camino,7030642583949280262,olindar_28,1,7649555210063528724,7643973259376987399,0,,False,JP,jp3.ndjson,positive,0.9074950814247131
Jajajajajajaja,6783741841885463557,rafaelgamq,0,7665582880424248085,7643973259376987399,0,,False,JP,jp3.ndjson,neutral,0.4132194519042969
felicidades y luchen por su pueblo,6874412880910812165,scarleth.58,1,7649645571040658193,7643973259376987399,0,,False,JP,jp3.ndjson,positive,0.8484541177749634
jajajaja 🤣 🤣 🤣 🤣 🤣,6585522335817760774,dianxd27,0,7665841004843369236,7643973259376987399,0,,False,JP,jp3.ndjson,neutral,0.6337459683418274
JP vamos,7104738599299777541,edithgtello,2,7648334093948355346,7643973259376987399,0,,False,JP,jp3.ndjson,positive,0.5845242738723755
Keiko presidenta,7258994536500347909,hebert.santamaria,2,7644541902905197330,7643973259376987399,0,,False,JP,jp3.ndjson,positive,0.3831813335418701
viva Keyko presidenta. siiiiiii🧡🧡🧡🧡🧡🧡🧡🧡🧡🧡🧡🧡,6784478213534073862,danayotelosalaverry,2,7652175288420139792,7643973259376987399,0,,False,JP,jp3.ndjson,positive,0.874963104724884
3 Doritos después,7648371444552139783,yonji.martel,1,7651059965600170773,7643973259376987399,0,,False,JP,jp3.ndjson,neutral,0.49966666102409363
Viva keiko precidente,7414001257440789509,elizabeth.padilla384,0,7665890573245530887,7643973259376987399,0,,False,JP,jp3.ndjson,positive,0.67154860496521
vamos 💚jp❤️,7519719165855646740,leonardochamit,1,7650702553882100500,7643973259376987399,0,,False,JP,jp3.ndjson,positive,0.7269667983055115
perdón Roberto Chan Sánchez mi mamá vota por keiko mi papá creo que va a votar por ti,7600610804622722064,nicol.fer07,3,7647273890258993937,7643973259376987399,0,,False,JP,jp3.ndjson,neutral,0.5349019169807434
ganamos 👍👍👍👍,7488017928185955334,larico592,1,7649790586594476807,7643973259376987399,0,,False,JP,jp3.ndjson,neutral,0.5500119924545288
Keiko es todo,7532743259093959698,mr10_06_25,0,7655918969463653136,7643973259376987399,0,,False,JP,jp3.ndjson,positive,0.8432944416999817
vamos jp vamos jp 🥰🙏,7542233901608109057,angelicachumpi390,0,7654267543318610708,7643973259376987399,0,,False,JP,jp3.ndjson,positive,0.784202516078949
JP presidente arriba Perú 🙏🙏🥰🥰,7475415036677784577,panchito7482,1,7652535551162614546,7643973259376987399,0,,False,JP,jp3.ndjson,positive,0.7770410180091858
bamos Jp,7598771300132471829,kimberly06947,4,7645366400396083988,7643973259376987399,0,,False,JP,jp3.ndjson,positive,0.7419388294219971
Roberto sanchez presidente,7246148000778568710,sonrisalopezdilas,1,7654450128270607111,7643973259376987399,0,,False,JP,jp3.ndjson,positive,0.5724310874938965
Que viva el YAPE!!!!!!!!! 🤑🤑🤑🤑🤑🤑🤑,7523414069593572360,empresa_servicios,0,7664395344960996116,7643973259376987399,0,,False,JP,jp3.ndjson,positive,0.846653401851654
Keyko presidenta del Perú 🧡🧡💛💛💛,7092782541476447237,yudiquispepuicon,0,7664697712398598920,7643973259376987399,0,,False,JP,jp3.ndjson,positive,0.5567088723182678
me gusta el video,7640255213881820181,hildagonzales529,0,7664818662453265173,7643973259376987399,0,,False,JP,jp3.ndjson,positive,0.8792842030525208
pa ra 2040,7420025479086900229,raymundo.villanue3,0,7664052048799302421,7643973259376987399,0,,False,JP,jp3.ndjson,positive,0.40237855911254883
keico presidenta,6964910369203110918,mariayaltachuquiz,17,7644437196896797461,7643973259376987399,0,,False,JP,jp3.ndjson,neutral,0.43191391229629517
vamos jp,7633560812481692690,julianrufatoperez,3,7649614611335955218,7643973259376987399,0,,False,JP,jp3.ndjson,positive,0.7269667983055115
estos están locos 🤣,7447613930736583685,user2140456165679,0,7664085341212803861,7643973259376987399,0,,False,JP,jp3.ndjson,negative,0.4902387261390686
,6773620217610126342,jeshuqs1,1,7659095699988546326,7643973259376987399,0,,False,JP,jp3.ndjson,positive,0.4405459463596344
,7253971030917956614,hernanmalvaceda,0,7665437247437587208,7643973259376987399,0,,False,JP,jp3.ndjson,positive,0.4405459463596344
Mi tío Pedro... presidente Perú 🙏🙏,7479580605916202002,didier.snchez63,1,7649593873877992213,7643973259376987399,0,,False,JP,jp3.ndjson,positive,0.5188239216804504
Keiko presidenta,6842500523896620037,alexaarletpolo,1,7649436581133370133,7643973259376987399,0,,False,JP,jp3.ndjson,positive,0.3831813931465149
keikooooo presidenta del Perú,7349019055028716550,ofelia.mamani67,3,7664305056447513364,7643973259376987399,0,,False,JP,jp3.ndjson,positive,0.4600282609462738
para la próxima,7102881206765847558,luisdanielzaratep8,2,7663997075030835986,7643973259376987399,0,,False,JP,jp3.ndjson,neutral,0.5964251756668091
"@listefanichavez48: @el grasioso🤪🤪🤪:🥳MUNDO MÁGICO D’ JOAR 🎉🌈: 🧡VAMOS KEIKO🧡🧡🧡 🧡🧡🧡VAMOS KEIKO🧡🧡🧡🧡🧡🧡VAMOS KEIKO🧡🧡🧡🧡🧡🧡VAMOS K🧡🧡🧡VAMOS KEIKO🧡🧡🧡 🧡🧡🧡VAMO KEIKO🧡🧡🧡🧡🧡🧡VAMOS KEIKO🧡🧡🧡🧡🧡🧡VAMOS K🧡🧡🧡VAMOS KEIKO🧡🧡🧡 🧡🧡🧡VAMOS KEIKO🧡🧡🧡🧡🧡🧡VAMOS KEIKO🧡🧡🧡🧡🧡🧡VAMOS K🧡🧡🧡VAMOS KEIKO🧡🧡🧡 🧡🧡🧡VAMOS KEIKO🧡🧡🧡🧡🧡🧡VAMOS KEIKO🧡🧡🧡VAMOS KEIKO🧡🧡🧡 🧡🧡🧡VAMOS KEIKO🧡🧡🧡🧡🧡🧡VAMOS KEIKO🧡🧡🧡🧡🧡🧡VAMOS K🧡🧡🧡VAMOS KEIKO🧡🧡🧡 🧡🧡🧡VAMOS KEIKO🧡🧡🧡🧡🧡🧡VAMOS KEIKO🧡🧡🧡🧡🧡🧡VAMOS K🧡🧡🧡VAMOS KEIKO🧡🧡🧡 🧡🧡🧡VAMOS KEIKO🧡🧡🧡🧡🧡🧡VAMOS KEIKO🧡🧡🧡🧡🧡🧡VAMOS K🧡🧡🧡VAMOS KEIKO🧡🧡🧡 🧡🧡🧡VAMOS KEIKO🧡🧡🧡🧡🧡🧡VAMOS KEIKO🧡🧡VAMOS KEIKO🧡🧡🧡 🧡🧡🧡VAMOS KEIKO🧡🧡🧡🧡🧡🧡VAMOS KEIKO🧡🧡🧡🧡🧡🧡VAMOS K🧡🧡🧡VAMOS KEIKO🧡🧡🧡 🧡🧡🧡VAMOS KEIKO🧡🧡🧡🧡🧡🧡VAMOS KEIKO🧡🧡🧡🧡🧡🧡VAMOS K🧡🧡🧡VAMOS KEIKO🧡🧡🧡 🧡🧡🧡VAMOS KEIKO🧡🧡🧡🧡🧡🧡VAMOS KEIKO🧡🧡🧡🧡🧡🧡VAMOS K🧡🧡🧡VAMOS KEIKO🧡🧡🧡 🧡🧡🧡VAMOS KEIKO🧡🧡🧡🧡🧡🧡VAMOS KEIKO🧡🧡🧡VAMOS KEIKO🧡🧡🧡 🧡🧡🧡VAMOS KEIKO🧡🧡🧡🧡🧡🧡VAMOS KEIKO🧡🧡🧡🧡🧡🧡VAMOS K🧡🧡🧡VAMOS KEIKO🧡🧡🧡 🧡🧡🧡VAMOS KEIKO🧡🧡🧡🧡🧡🧡VAMOS KEIKO🧡🧡🧡🧡🧡🧡VAMOS K🧡🧡🧡VAMOS KEIKO🧡🧡🧡 🧡🧡🧡VAMOS KEIKO🧡🧡🧡🧡🧡🧡VAMOS KEIKO🧡🧡🧡🧡🧡🧡VAMOS K🧡🧡🧡VAMOS KEIKO🧡🧡🧡 🧡🧡🧡VAMOS KEIKO🧡🧡🧡🧡🧡🧡VAMOS KEIKO🧡🧡🧡VAMOS KEIKO🧡🧡🧡 🧡🧡🧡VAMOS KEIKO🧡🧡🧡🧡🧡🧡VAMOS KEIKO🧡🧡🧡🧡🧡🧡VAMOS K🧡🧡🧡VAMOS KEIKO🧡🧡🧡 🧡🧡🧡VAMOS KEIKO🧡🧡🧡🧡🧡🧡VAMOS KEIKO🧡🧡🧡🧡🧡🧡VAMOS K🧡🧡🧡VAMOS KEIKO🧡🧡🧡 🧡🧡🧡VAMOS KEIKO🧡🧡🧡🧡🧡🧡VAMOS KEIKO🧡🧡🧡🧡🧡🧡VAMOS K🧡🧡🧡VAMOS KEIKO🧡🧡🧡 🧡🧡🧡🧡🧡🧡🧡🧡🧡🧡🧡🧡🧡🧡🧡🧡🧡🧡🧡🧡🧡🧡🧡🧡🧡🧡
:🧡🧡🧡VAMOS KEIKO🧡🧡🧡 🧡🧡🧡VAMOS KEIKO🧡🧡🧡🧡🧡🧡VAMOS KEIKO🧡🧡🧡🧡🧡🧡VAMOS K🧡🧡🧡VAMOS KEIKO🧡🧡🧡 🧡🧡🧡VAMOS KEIKO🧡🧡🧡🧡🧡🧡VAMOS KEIKO🧡🧡🧡🧡🧡🧡VAMOS K🧡🧡🧡VAMOS KEIKO🧡🧡🧡 🧡🧡🧡VAMOS KEIKO🧡🧡🧡🧡🧡🧡VAMOS KEIKO🧡🧡🧡🧡🧡🧡VAMOS K🧡🧡🧡VAMOS KEIKO🧡🧡🧡 🧡🧡🧡VAMOS KEIKO🧡🧡🧡🧡🧡🧡VAMOS KEIKO🧡🧡🧡🧡VAMOS KEIKO🧡🧡🧡 🧡🧡🧡VAMOS KEIKO🧡🧡🧡🧡🧡🧡VAMOS KEIKO @𝑮𝒊𝒂𝒏𝒄𝒂𝒓𝒍𝒐𝑴𝒊𝒍𝒍𝒂🧃: 🧡VAMOS KEIKO🧡🧡🧡 🧡🧡🧡VAMOS KEIKO🧡🧡🧡🧡🧡🧡VAMOS KEIKO🧡🧡🧡🧡🧡🧡VAMOS K🧡🧡🧡VAMOS KEIKO🧡🧡🧡 🧡🧡🧡VAMO KEIKO🧡🧡🧡🧡🧡🧡VAMOS KEIKO🧡🧡",7123778905550570502,noemi0892,4,7652834687233229589,7643973259376987399,0,,False,JP,jp3.ndjson,neutral,0.46795743703842163
jaja,6806856987918713861,johjua18,0,7655139177277539089,7643973259376987399,7654458068440695560,7.654458068440696e+18,True,JP,jp3.ndjson,neutral,0.38611313700675964
Para ti nomas! 😅,6964006051058418693,aries_tp2025,0,7652577781280260882,7643973259376987399,7652535551162614546,7.652535551162615e+18,True,JP,jp3.ndjson,positive,0.5586903691291809
😒,7248789986002306054,ayda_anabel14,0,7649560519091471111,7643973259376987399,7649056773936612104,7.649056773936612e+18,True,JP,jp3.ndjson,neutral,0.5979583263397217
Presidente del pabellón a donde lo van a mandar será,7013815663945630726,hacordfl,1,7654923615032099605,7643973259376987399,7654450128270607111,7.654450128270607e+18,True,JP,jp3.ndjson,neutral,0.6128180027008057
y ahora? JAJAJAJJAJAJ,7452094175707792389,icesoft_horror,0,7661388649900835602,7643973259376987399,0,,False,JP,jp3.ndjson,neutral,0.5353524088859558
jp presidente de santa monica,7614596729229427732,danielcrufl,0,7662175219797738261,7643973259376987399,0,,False,JP,jp3.ndjson,neutral,0.49425747990608215
Pa otra vez será 😂😂😂😂😂,7262048391051248645,deisy.julca,0,7662938625790018312,7643973259376987399,0,,False,JP,jp3.ndjson,neutral,0.4972569942474365
jajajaja 😆😆😂😃😃🤣🤣🤣 q buen chiste,7451719195379155973,jorge.luis.sandov741,0,7661292921500893960,7643973259376987399,0,,False,JP,jp3.ndjson,positive,0.4746044874191284
vamos keyko,7117804685062980613,mxria_1008,0,7662131900014166804,7643973259376987399,0,,False,JP,jp3.ndjson,positive,0.6592959761619568
vamos Keiko,7115553822546199558,user26610685817988,0,7662916165006738197,7643973259376987399,0,,False,JP,jp3.ndjson,positive,0.6336123943328857
jajaja 🤣🤣,7523997111320642566,luz.clarita272,0,7662150223134130961,7643973259376987399,0,,False,JP,jp3.ndjson,neutral,0.5106168389320374
🧡🧡🧡🧡🧡🧡🧡🧡🧡🧡🧡🧡🧡💪💪💪keiko presidenta keiko presidenta keiko presidenta keiko presidenta keiko presidenta keiko presidenta 👍 👍 👍,7270928111213118469,d..a762,2,7656295218929746706,7643973259376987399,0,,False,JP,jp3.ndjson,neutral,0.5726528167724609
Jajajajajayy,7196802209504461829,pilar.alvarez05,0,7657600060008334100,7643973259376987399,0,,False,JP,jp3.ndjson,neutral,0.4529629647731781
música echa con IA🥀,7082109815585211397,snibb3r6666,0,7657263870986044161,7643973259376987399,0,,False,JP,jp3.ndjson,neutral,0.5276092886924744
viva la democracia,7217155502547387397,guilianacardenasg,0,7656188636367979272,7643973259376987399,0,,False,JP,jp3.ndjson,positive,0.6361698508262634
Ganó Keikooooooo,7646092819027149845,sebastin.lizana1,0,7659183362346582802,7643973259376987399,0,,False,JP,jp3.ndjson,positive,0.5297234058380127
siii jp,7199750000203875333,soyesther130,0,7658011160070963984,7643973259376987399,0,,False,JP,jp3.ndjson,positive,0.6642774939537048
jajaja el tres Doritos después falta 😂😂😂,7307413205856666630,pancho022591,0,7657340142407009044,7643973259376987399,0,,False,JP,jp3.ndjson,neutral,0.7279755473136902
vamos jp,7638696706934375425,jhon.charli.calsi,2,7646918248194491152,7643973259376987399,0,,False,JP,jp3.ndjson,positive,0.7269670367240906
JP,6812782637783401477,saiyodyannequis,2,7646210618852999943,7643973259376987399,0,,False,JP,jp3.ndjson,neutral,0.4568508267402649
,7648371444552139783,yonji.martel,0,7657049997175178004,7643973259376987399,0,,False,JP,jp3.ndjson,positive,0.44054585695266724
keiko 🥰,6749606343823410182,deysizarate23,2,7647966630714802961,7643973259376987399,0,,False,JP,jp3.ndjson,neutral,0.5675095915794373
,6856718658527822853,franciscoayuque,3,7646877903871099656,7643973259376987399,0,,False,JP,jp3.ndjson,positive,0.44054585695266724
vamos jp,6889508224586187781,rogersullcaraysoto,3,7644547689997304597,7643973259376987399,0,,False,JP,jp3.ndjson,positive,0.7269670367240906
🥰🥰🥰🥰vamos keiko,7102983500735562758,angelarodriguezho5,0,7654345273246892808,7643973259376987399,0,,False,JP,jp3.ndjson,positive,0.6336123943328857
vamos Roberto Sánchez presidente Pedro castillo presidente 💪💪💪💪,7033200357136155654,ariana_rt1,0,7655080242450268946,7643973259376987399,0,,False,JP,jp3.ndjson,positive,0.5955052971839905
si🙏🙏🙏🙏,7466917792865272838,mila.uc1,0,7654363407114093319,7643973259376987399,0,,False,JP,jp3.ndjson,neutral,0.5183643698692322
keikooooo🥰🥰🥰,7046961264027993094,josesovero897,0,7654266940155888385,7643973259376987399,0,,False,JP,jp3.ndjson,negative,0.4504338502883911
Jajajajaaja,6824330748569486341,kasepa93,0,7654798889615164161,7643973259376987399,0,,False,JP,jp3.ndjson,neutral,0.447053998708725
Bien 👏👏👏👏👏,7423640404006732806,leyla.arce30,2,7644363478024045328,7643973259376987399,0,,False,JP,jp3.ndjson,positive,0.4756014049053192
jp presidente,7464303164730426376,larrydurand19,2,7648863377708729106,7643973259376987399,0,,False,JP,jp3.ndjson,positive,0.4605230987071991
,7223387197394273323,yosetespinoza.26,0,7659084624475390751,7643973259376987399,0,,False,JP,jp3.ndjson,positive,0.44054603576660156
❣️jp❣️,7514823287008953361,juanita.gutierrez063,0,7657287139303031560,7643973259376987399,0,,False,JP,jp3.ndjson,positive,0.764936089515686
Vamos JP tu puedes,7609419799336403989,.txica.23,2,7648020339155075860,7643973259376987399,0,,False,JP,jp3.ndjson,positive,0.8563687205314636
Vamos jp 🥰🥰🥰,7542233901608109057,angelicachumpi390,0,7654267192602690324,7643973259376987399,0,,False,JP,jp3.ndjson,positive,0.760340690612793
Futuro Presidente,7466992376490640385,user5727283186129,1,7648033353212429057,7643973259376987399,0,,False,JP,jp3.ndjson,neutral,0.38024795055389404
vamos jp keiko no nos va a ganar 🥰🥰🥰🥰🥰🥰🥰🥰😁😁😁😁,7608829254184764437,jade.daniela2,2,7649070744412095239,7643973259376987399,0,,False,JP,jp3.ndjson,positive,0.5649471282958984
gracias a Dios todo poderoso,7627902300909241352,flormalcacotrina,2,7648964392977941256,7643973259376987399,0,,False,JP,jp3.ndjson,positive,0.7139880657196045
,6995206676979336197,vgf9999,0,7665099643432895252,7643973259376987399,0,,False,JP,jp3.ndjson,positive,0.44054603576660156
j.p,7462525725489234945,maribelliliacastr,0,7653869805423084309,7643973259376987399,0,,False,JP,jp3.ndjson,neutral,0.44532033801078796
O,7217918548320289798,sirena19715,0,7663676162949939976,7643973259376987399,0,,False,JP,jp3.ndjson,neutral,0.5422306656837463
,7627731259070350344,alex.tafur88,0,7659741513291563783,7643973259376987399,0,,False,JP,jp3.ndjson,positive,0.44054603576660156
keiko,6974957115073168390,juanatedoraromani,0,7664051408950018836,7643973259376987399,0,,False,JP,jp3.ndjson,neutral,0.4581061899662018
,6865974387318703109,aj_0590,0,7664220550507709191,7643973259376987399,0,,False,JP,jp3.ndjson,positive,0.44054603576660156
no pasa nada,6919676159770067974,jhosue...sdo,2,7644163144084161301,7643973259376987399,0,,False,JP,jp3.ndjson,positive,0.46086493134498596
JP 💪🙏💪,7574578405397709842,julian.magencio,0,7662581396964311828,7643973259376987399,0,,False,JP,jp3.ndjson,neutral,0.5448000431060791
jajaja,7558157009662690325,ferminaaldabanieves,0,7660955869471277844,7643973259376987399,0,,False,JP,jp3.ndjson,neutral,0.4382643699645996
,7585709299201492024,chuquy797,0,7664091595160224533,7643973259376987399,0,,False,JP,jp3.ndjson,positive,0.44054603576660156
,6797796046577435653,albertotaglegrados,0,7665366140373402384,7643973259376987399,0,,False,JP,jp3.ndjson,positive,0.44054603576660156
felicidades Sánchez,7442391683310011448,greniyua,1,7649783114088186632,7643973259376987399,0,,False,JP,jp3.ndjson,positive,0.7975778579711914
jajaja,7599813381277877269,juan.carlos.yalta8,0,7663528322383053569,7643973259376987399,0,,False,JP,jp3.ndjson,neutral,0.4382643699645996
,6817158119325729798,ezziob,0,7658481411591176967,7643973259376987399,0,,False,JP,jp3.ndjson,positive,0.44054603576660156
jajajajajaj,7189109888877691910,jhonnywalterpozov,0,7660924375189685012,7643973259376987399,0,,False,JP,jp3.ndjson,neutral,0.4052235782146454
jajajajjajjajaja,7213597462898934789,jennycarola1,0,7660969678768309012,7643973259376987399,0,,False,JP,jp3.ndjson,neutral,0.524861216545105
jajajaja,6843816126570824709,jonathanaugustochoyloay1,0,7662848133126259472,7643973259376987399,0,,False,JP,jp3.ndjson,neutral,0.4304355978965759
aver mi interesa,7363800516746363909,yo95229,0,7654914421231502100,7643973259376987399,0,,False,JP,jp3.ndjson,neutral,0.3915644884109497
WAJAJAJAJAJ,7074034934147056646,igualmeda1996,0,7657673200986718984,7643973259376987399,0,,False,JP,jp3.ndjson,neutral,0.5099216103553772
Gracias,7436904667102348344,edgariilo,0,7664073473412580114,7643973259376987399,0,,False,JP,jp3.ndjson,neutral,0.48277851939201355
Jajajaja,6565236008458469381,luis.aldana03,0,7655528563353305863,7643973259376987399,0,,False,JP,jp3.ndjson,neutral,0.4304355978965759
JP ROBERTO SANCHEZ PRESIDENTE,6971185512464024581,calderonperezcons,5,7644413434683343633,7643973259376987399,0,,False,JP,jp3.ndjson,positive,0.5976595878601074
Keiko presidente 💛🧡💛💛🧡,7027229963151164422,rousnv30,8,7644994707412828929,7643973259376987399,0,,False,JP,jp3.ndjson,positive,0.40650323033332825
viva el Perú con Roberto sanchez,7286618708947174406,acero.santos3,5,7644350853499634448,7643973259376987399,0,,False,JP,jp3.ndjson,positive,0.7430139183998108
lo logramos mi hermano Roberto Sánchez viva el Perú con JP,6857138973057254405,faustinahinode,7,7649407829829305109,7643973259376987399,0,,False,JP,jp3.ndjson,positive,0.89579176902771
vamos jp❤️,7256230957450331142,sayli.chirinos,6,7648854779678409490,7643973259376987399,0,,False,JP,jp3.ndjson,positive,0.7269667983055115
Roberto Sánchez el futuro presidente 💪,6956600666341655558,angi.vz,7,7644375936297222928,7643973259376987399,0,,False,JP,jp3.ndjson,positive,0.5100471377372742
vamos juntos hasta la victoria jp presidente,7188615920091808774,luzquindeflores,6,7644397190438011666,7643973259376987399,0,,False,JP,jp3.ndjson,positive,0.8272801041603088
Keiko presidenta,7624622003349242881,gaby020175,7,7648693732372054800,7643973259376987399,0,,False,JP,jp3.ndjson,positive,0.3831813633441925
"vamos JP 💪
mi voto lo tienes",6804838488740856838,yoshy426,7,7644673280754123536,7643973259376987399,0,,False,JP,jp3.ndjson,positive,0.8863361477851868
Keiko presidenta,7225412242971591686,sandrachancafe7,7,7646498955061412615,7643973259376987399,0,,False,JP,jp3.ndjson,positive,0.3831813633441925
mi voto lo tienes y todo el valle de monzon,6831690686431527941,zulyzaromorojas,7,7644636783997829908,7643973259376987399,0,,False,JP,jp3.ndjson,positive,0.5803273916244507
vamos Perú JP 👏👏,7140339195126334469,soledadvasquezpuma,7,7644228703941493525,7643973259376987399,0,,False,JP,jp3.ndjson,positive,0.6565542817115784
Hoy estuvo en Huaura. Roberto Sánchez Presidente.🇵🇪,6855260977508910086,rosinamedalit,7,7644300172654723858,7643973259376987399,0,,False,JP,jp3.ndjson,neutral,0.49781960248947144
JP presidente,6923285352237892613,rinaespinozaduran,7,7644334292910424853,7643973259376987399,0,,False,JP,jp3.ndjson,positive,0.4605230987071991
,6922622608429548550,neymar_12_12,7,7644178244266459911,7643973259376987399,0,,False,JP,jp3.ndjson,positive,0.44054603576660156
jp presidente del Perú,6880913630298571781,parlei95,6,7644348004819976978,7643973259376987399,0,,False,JP,jp3.ndjson,positive,0.4718935489654541
Vamos Roberto Sánchez,6838154171499021317,cinthiacristi,6,7644351386603406096,7643973259376987399,0,,False,JP,jp3.ndjson,positive,0.765762209892273
vamosssss arriba Peru con Roberto Sanchez... el Pueblo Ganará. JP Presidente,7199715244695077894,angeljesusramosur,10,7644260677762745089,7643973259376987399,0,,False,JP,jp3.ndjson,positive,0.8682597875595093
vamos jp Roberto Sanchez presidente,6873036694390014981,juancarlossimonspanduro,6,7644943321349735169,7643973259376987399,0,,False,JP,jp3.ndjson,positive,0.8107185959815979
"vamos hasta la victoria
Roberto sanchez presidente del perú",7638084005632394260,soly10095,5,7645451527860355848,7643973259376987399,0,,False,JP,jp3.ndjson,positive,0.6201609373092651
Vamos Jp 💚,6786001497567773701,mirian_rojas_93,6,7644242979801498388,7643973259376987399,0,,False,JP,jp3.ndjson,positive,0.760340690612793
llevá mi nombre y mi apellido jp,7547078937831687184,jhony.pereira595,5,7648869910852895496,7643973259376987399,0,,False,JP,jp3.ndjson,neutral,0.6801526546478271
JP Roberto Sanchez es del pueblo Dios te bendiga y seas el idoneo para gobernarnos estamos contigo,7287817416519861254,zoylalecca,5,7649393350911034133,7643973259376987399,0,,False,JP,jp3.ndjson,positive,0.6793898344039917
Keiko presidenta del Peru,6845360516635198470,cachorro2802,6,7644535451047527176,7643973259376987399,0,,False,JP,jp3.ndjson,neutral,0.45812711119651794
vamos jp,7258030027303224325,jessica.taka.val,5,7645281618114478849,7643973259376987399,0,,False,JP,jp3.ndjson,positive,0.7269667983055115
❤️❤️❤️❤️❤️roja como el tomate 🤣🤣🤣 JP vamos,6852174456045208582,tanyvasquezr,5,7644398874807894792,7643973259376987399,0,,False,JP,jp3.ndjson,positive,0.592616856098175
"Buen ritmo, rumbo a la presidencia,con la bendición de Dios.",7096911365835834374,dulenna,5,7644268604699706132,7643973259376987399,0,,False,JP,jp3.ndjson,positive,0.5330941677093506
Sánchez presidente,7161239776891864070,normamercadocajam0,5,7644291156801372948,7643973259376987399,0,,False,JP,jp3.ndjson,neutral,0.4654766917228699
mi voto es para Roberto Sánchez,6973837452894110725,dannamachaca,5,7644316410844447506,7643973259376987399,0,,False,JP,jp3.ndjson,positive,0.5881942510604858
ROBERTO SÁNCHEZ PRESIDENTE 💪💪,7302287506241553414,olga.melva,5,7644400374146024212,7643973259376987399,0,,False,JP,jp3.ndjson,positive,0.5893903374671936
mi voto es por jp,7445012063728485432,sixton.z,5,7644366413788185352,7643973259376987399,0,,False,JP,jp3.ndjson,positive,0.5901498198509216
vamos a Tobo JP 🥹🥹,7534858926110966801,mari._1819,5,7647388812061967120,7643973259376987399,0,,False,JP,jp3.ndjson,neutral,0.5922098159790039
JP presidente ♥️,6915830256542090246,marysaenz379,4,7644735986811454215,7643973259376987399,0,,False,JP,jp3.ndjson,positive,0.5940672159194946
vamos jp,7128513256809825285,lilianahm35,4,7647263683421537044,7643973259376987399,0,,False,JP,jp3.ndjson,positive,0.7269667983055115
Roberto Sanchez presidente 💪💪💪💪,7008752377524634629,marthahuaytan3,4,7644629875873776402,7643973259376987399,0,,False,JP,jp3.ndjson,positive,0.5893903374671936
jp vamos,7035755681526580229,eva.p.montalvo.ta,3,7646974205443457810,7643973259376987399,0,,False,JP,jp3.ndjson,positive,0.5845238566398621
Roberto Sánchez presidente 💚,7535625112729830407,cieloccapchaleva,3,7648909768539128597,7643973259376987399,0,,False,JP,jp3.ndjson,positive,0.5893903374671936
presidenta Keiko vamos,7306233826647606277,ruthsilva796,3,7648759156203848455,7643973259376987399,0,,False,JP,jp3.ndjson,positive,0.5764833092689514
JP presiente 👍 Roberto Sánchez a la presidencia 👏👏👏si se puede vamos con fuerza .....,7016679778544419846,nursenixvilda_27,4,7644558709860172552,7643973259376987399,0,,False,JP,jp3.ndjson,positive,0.8747997879981995
todo el Perú con jp!,6790863478824862726,mathinem25,4,7644465147943895828,7643973259376987399,0,,False,JP,jp3.ndjson,positive,0.7244439721107483
jp es el presidente,7341224723244958725,tu.loquito.danny,4,7644547660812944135,7643973259376987399,0,,False,JP,jp3.ndjson,positive,0.7815162539482117
Keiko presidenta yo muy feliz,7566132698189464596,victor.cjuno,4,7663992528992273173,7643973259376987399,0,,False,JP,jp3.ndjson,positive,0.9206087589263916
jp,7188286181510349829,carmenrosamosquer59,4,7644207796875707157,7643973259376987399,0,,False,JP,jp3.ndjson,neutral,0.45685088634490967
"Yo y mi familia votamos Por usted , no nos defraude, Dios le cuide y guíe para un buen perú💚💚💚💚",7175705134767424517,edelmirarojas8,4,7649150944101630740,7643973259376987399,0,,False,JP,jp3.ndjson,positive,0.8147759437561035
porque menciona a Pedro Castillo,6920992468243973126,gimenaespinozap,4,7644546524235940625,7643973259376987399,0,,False,JP,jp3.ndjson,neutral,0.49360519647598267
Bendiciones Dios guíe todo lo que te propones x el Perú 🙏🙏🙏,7162382489323029509,mirianbances0,4,7644183118899151637,7643973259376987399,0,,False,JP,jp3.ndjson,positive,0.5943755507469177
Keiko presidenta,7068752485562139654,esmeralda.chapoan,4,7645879623780647700,7643973259376987399,0,,False,JP,jp3.ndjson,positive,0.3831813633441925
yo voto por keiko,7269488637330490373,avbril06,4,7649550368267453192,7643973259376987399,0,,False,JP,jp3.ndjson,positive,0.5390020608901978
MI VOTO ES (JP) ROBERTO SÁNCHEZ ALA PRESIDENCIA 👏👏👏,7507728833710507013,princes_x2,4,7645810712429806352,7643973259376987399,0,,False,JP,jp3.ndjson,neutral,0.6124624609947205
viva keyko,7601574573196444688,jersonvasquez456,4,7645748767191630610,7643973259376987399,0,,False,JP,jp3.ndjson,positive,0.5524632930755615
Keiko presidenta,7388969893720802309,alicia.galvez39,4,7645405184121996053,7643973259376987399,0,,False,JP,jp3.ndjson,positive,0.3831813633441925
"ROBERTO SÁNCHEZ
PRESIDENTE DEL PERÚ",7343080543887655941,edwinquispem,4,7644222518287434514,7643973259376987399,0,,False,JP,jp3.ndjson,neutral,0.47510114312171936
vamos Roberto Sánchez,7020776984566809606,florcitatenorioya7,4,7644574805793997588,7643973259376987399,0,,False,JP,jp3.ndjson,positive,0.765762209892273
dare mi voto para jp y la libertad de pedro castillo,7306705986235778054,fiorellamonica42,4,7645339655551124245,7643973259376987399,0,,False,JP,jp3.ndjson,neutral,0.5100551247596741
Votare con mi familia por JP,7646616990975673365,luis.flores6340,4,7648029314168111879,7643973259376987399,0,,False,JP,jp3.ndjson,positive,0.5059589147567749
vamos keiko presidenta 💪,7190066394029212677,olguita_rodriguez23,4,7644807589377131271,7643973259376987399,0,,False,JP,jp3.ndjson,positive,0.738619863986969
JP Sánchez presidente del peru jp ❤️💚,7617215872407471121,user5736245905228,2,7648921936164029205,7643973259376987399,0,,False,JP,jp3.ndjson,neutral,0.4869593381881714
vamos jp,7462735030525625351,user28742919449,2,7648515495813923592,7643973259376987399,0,,False,JP,jp3.ndjson,positive,0.7269667983055115
vamos keyko,7648492833736999956,user4527610870280,2,7648760719168963335,7643973259376987399,0,,False,JP,jp3.ndjson,positive,0.6592957377433777
Vamos Roberto Sánchez,7622420339394593812,natyromero658,3,7648791152992879381,7643973259376987399,0,,False,JP,jp3.ndjson,positive,0.765762209892273
jp presidente,7394528081346331653,user7343853042260,2,7645895569000989461,7643973259376987399,0,,False,JP,jp3.ndjson,positive,0.4605230987071991
vamos jp,7645468650442605588,inolvidable.toxic,3,7648754308075258645,7643973259376987399,0,,False,JP,jp3.ndjson,positive,0.7269667983055115
Quieran o no Roberto Sánchez presidente,7423497988218209285,gabisita753,2,7649489454666957576,7643973259376987399,0,,False,JP,jp3.ndjson,neutral,0.5729010701179504
bamos jp,7590434476951356432,yoselin.justo.bet7,2,7646620183340008213,7643973259376987399,0,,False,JP,jp3.ndjson,positive,0.7419387698173523
vamos Roberto Sánchez y Pedro castillo vamos Roberto Sánchez presidente 🥺,7320754359552738310,chinita8089,3,7649046740973028116,7643973259376987399,0,,False,JP,jp3.ndjson,positive,0.6885997653007507
"No canten Victoria antes de tiempo , aún no sabemos quién va quedar presidente",7622146055497630736,ross.tuanama16,3,7649422725027611412,7643973259376987399,0,,False,JP,jp3.ndjson,neutral,0.5644501447677612
VAMOOOOOOS JP,6799307510249899013,atr.paulaaawi,2,7647236467048465153,7643973259376987399,0,,False,JP,jp3.ndjson,positive,0.7329838871955872
vamos Keiko tú puedes fuerza mi precidenta Keiko 🙏🙏🙏🙏🙏🙏🙏❤️,7162968056518951942,rositavickyleonca,3,7649462675126190870,7643973259376987399,0,,False,JP,jp3.ndjson,positive,0.8666321039199829
jp presidente del Perú 🇵🇪🇵🇪🇵🇪🇵🇪🇵🇪🇵🇪🇵🇪🇵🇪🇵🇪🇵🇪🇵🇪🇵🇪🇵🇪🇵🇪🇵🇪🇵🇪🇵🇪🇵🇪🙏🙏🙏🙏🙏🙏🙏🙏🙏🙏🙏🙏🙏🙏🙏,7230494815137104901,katyatorres24,3,7649940508815868692,7643973259376987399,0,,False,JP,jp3.ndjson,neutral,0.4708439111709595
jp presidente 🥰🥰,7523636225766786056,nicanorlizarme,3,7649921873094378261,7643973259376987399,0,,False,JP,jp3.ndjson,positive,0.5940666794776917
vamos Roberto Sánchez sigue adelante no dejes q te ganen,7197730055177749509,flor.pamela1,3,7650228151944430344,7643973259376987399,0,,False,JP,jp3.ndjson,positive,0.7208214402198792
Roberto Sánchez presidente el mejor vamos con todo,7178962975713084421,shilixita,2,7649015323476361992,7643973259376987399,0,,False,JP,jp3.ndjson,positive,0.9252697229385376
"@I'm Jonathan🍒:🧡VAMOS KEIKO🧡🧡🧡 🧡🧡🧡VAMOS KEIKOVAMOS KEIKO🧡🧡🧡 🧡🧡🧡VAMOS KEIKO🧡🧡🧡🧡🧡🧡VAMOS KEIKO🧡🧡🧡🧡🧡🧡VAMOS K🧡🧡🧡VAMOS KEIKO🧡🧡🧡 🧡🧡🧡VAMO KEIKO🧡🧡🧡🧡🧡🧡VAMOS KEIKO🧡🧡🧡🧡🧡🧡VAMOS K🧡🧡🧡VAMOS KEIKO🧡🧡🧡 🧡🧡🧡VAMOS KEIKO🧡🧡🧡🧡🧡🧡VAMOS KEIKO🧡🧡🧡🧡🧡🧡VAMOS K🧡🧡🧡VAMOS KEIKO🧡🧡🧡 🧡🧡🧡VAMOS KEIKO🧡🧡🧡🧡🧡🧡VAMOS KEIKO🧡🧡🧡VAMOS KEIKO🧡🧡🧡 🧡🧡🧡VAMOS KEIKO🧡🧡🧡🧡🧡🧡VAMOS KEIKO🧡🧡🧡🧡🧡🧡VAMOS K🧡🧡🧡VAMOS KEIKO🧡🧡🧡 🧡🧡🧡VAMOS KEIKO🧡🧡🧡🧡🧡🧡VAMOS KEIKO🧡🧡🧡🧡🧡🧡VAMOS K🧡🧡🧡VAMOS KEIKO🧡🧡🧡 🧡🧡🧡VAMOS KEIKO🧡🧡🧡🧡🧡🧡VAMOS KEIKO🧡🧡🧡🧡🧡🧡VAMOS K🧡🧡🧡VAMOS KEIKO🧡🧡🧡 🧡🧡🧡VAMOS KEIKO🧡🧡🧡🧡🧡🧡VAMOS KEIKO🧡🧡VAMOS KEIKO🧡🧡🧡 🧡🧡🧡VAMOS KEIKO🧡🧡🧡🧡🧡🧡VAMOS KEIKO🧡🧡🧡🧡🧡🧡VAMOS K🧡🧡🧡VAMOS KEIKO🧡🧡🧡 🧡🧡🧡VAMOS KEIKO🧡🧡🧡🧡🧡🧡VAMOS KEIKO🧡🧡🧡🧡🧡🧡VAMOS K🧡🧡🧡VAMOS KEIKO🧡🧡🧡 🧡🧡🧡VAMOS KEIKO🧡🧡🧡🧡🧡🧡VAMOS KEIKO🧡🧡🧡🧡🧡🧡VAMOS K🧡🧡🧡VAMOS KEIKO🧡🧡🧡 🧡🧡🧡VAMOS KEIKO🧡🧡🧡🧡🧡🧡VAMOS KEIKO🧡🧡🧡VAMOS KEIKO🧡🧡🧡 🧡🧡🧡VAMOS KEIKO🧡🧡🧡🧡🧡🧡VAMOS KEIKO🧡🧡🧡🧡🧡🧡VAMOS K🧡🧡🧡VAMOS KEIKO🧡🧡🧡 🧡🧡🧡VAMOS KEIKO🧡🧡🧡🧡🧡🧡VAMOS KEIKO🧡🧡🧡🧡🧡🧡VAMOS K🧡🧡🧡VAMOS KEIKO🧡🧡🧡 🧡🧡🧡VAMOS KEIKO🧡🧡🧡🧡🧡🧡VAMOS KEIKO🧡🧡🧡🧡🧡🧡VAMOS K🧡🧡🧡VAMOS KEIKO🧡🧡🧡 🧡🧡🧡VAMOS KEIKO🧡🧡🧡🧡🧡🧡VAMOS KEIKO🧡🧡🧡VAMOS KEIKO🧡🧡🧡 🧡🧡🧡VAMOS KEIKO🧡🧡🧡🧡🧡🧡VAMOS KEIKO🧡🧡🧡🧡🧡🧡VAMOS K🧡🧡🧡VAMOS KEIKO🧡🧡🧡 🧡🧡🧡VAMOS KEIKO🧡🧡🧡🧡🧡🧡VAMOS KEIKO🧡🧡🧡🧡🧡🧡VAMOS K🧡🧡🧡VAMOS KEIKO🧡🧡🧡 🧡🧡🧡VAMOS KEIKO🧡🧡🧡🧡🧡🧡VAMOS KEIKO🧡🧡🧡🧡🧡🧡VAMOS K🧡🧡🧡VAMOS KEIKO🧡🧡🧡 🧡🧡🧡🧡🧡🧡🧡🧡🧡🧡🧡🧡🧡🧡🧡🧡🧡🧡🧡🧡🧡🧡🧡🧡🧡🧡
:🧡🧡🧡VAMOS KEIKO🧡🧡🧡 🧡🧡🧡VAMOS KEIKO🧡🧡🧡🧡🧡🧡VAMOS KEIKO🧡🧡🧡🧡🧡🧡VAMOS K🧡🧡🧡VAMOS KEIKO🧡🧡🧡 🧡🧡🧡VAMOS KEIKO🧡🧡🧡🧡🧡🧡VAMOS KEIKO🧡🧡🧡🧡🧡🧡VAMOS K🧡🧡🧡VAMOS KEIKO🧡🧡🧡 🧡🧡🧡VAMOS KEIKO🧡🧡🧡🧡🧡🧡VAMOS KEIKO🧡🧡🧡🧡🧡🧡VAMOS K🧡🧡🧡VAMOS KEIKO🧡🧡🧡 🧡🧡🧡VAMOS KEIKO🧡🧡🧡🧡🧡🧡VAMOS KEIKO🧡🧡🧡🧡VAMOS KEIKO🧡🧡🧡 🧡🧡🧡VAMOS KEIKO🧡🧡🧡🧡🧡🧡VAMOS KEIKO 🧡VAMOS KEIKO🧡🧡🧡 🧡🧡🧡VAMOS KEIKO🧡🧡🧡🧡🧡🧡VAMOS KEIKO🧡🧡🧡🧡🧡🧡VAMOS K🧡🧡🧡VAMOS KEIKO🧡🧡🧡 🧡🧡🧡VAMO KEIKO🧡🧡🧡🧡🧡🧡VAMOS KEIKO🧡🧡🧡🧡🧡🧡VAMOS K🧡🧡🧡VAMOS KEIKO🧡🧡🧡VAMOS K🧡🧡🧡",6946368862158078982,mireli_vallejos,3,7650604025257181972,7643973259376987399,0,,False,JP,jp3.ndjson,neutral,0.45630812644958496
vamos JP tu ganaras,7612121717838627841,meylin6163,3,7649627886065107728,7643973259376987399,0,,False,JP,jp3.ndjson,positive,0.9159100651741028
Keiko presidenta Perú.,6890153630272537606,elenamamaniquis,0,7662957820275622663,7643973259376987399,0,,False,JP,jp3.ndjson,positive,0.5519437789916992
vamos JP el pueblo esta contigo,7453950384845243397,alis37623,3,7648864202237690642,7643973259376987399,0,,False,JP,jp3.ndjson,positive,0.8372474908828735
Roberto Sánchez con la bendición de Dios presidente del Perú,7518969764564468752,flordemariacollan4,4,7644092622349271828,7643973259376987399,0,,False,JP,jp3.ndjson,neutral,0.49863776564598083
Vamos jp,7194991895242802181,chanis586,4,7644381434262782737,7643973259376987399,0,,False,JP,jp3.ndjson,positive,0.7269670367240906
todo con fe 💪 🙌 🙏 vamos Roberto Sánchez presidente 💪 🥰,6980342665363997701,matias_1987luna.7,3,7646157172179141394,7643973259376987399,0,,False,JP,jp3.ndjson,positive,0.7029316425323486
Jp presidente,7238658172003861509,lizafarma,4,7644242324285342481,7643973259376987399,0,,False,JP,jp3.ndjson,positive,0.4605233073234558
vamos JP.....💪💪,7369064135731479558,seidita014,3,7646605220835934994,7643973259376987399,0,,False,JP,jp3.ndjson,positive,0.7902733683586121
Presidente de 50 por ciento De la mitad del Perú,7193047273776743430,dana25mery,3,7650021534740792084,7643973259376987399,0,,False,JP,jp3.ndjson,neutral,0.7085530757904053
todos somos JP carajo,6864767861225161730,alevelacu,3,7648108786274190098,7643973259376987399,0,,False,JP,jp3.ndjson,positive,0.5145342946052551
JP,7522298131742114821,mariyy.pintadito,3,7644358817786905352,7643973259376987399,0,,False,JP,jp3.ndjson,neutral,0.4568508267402649
buena rolita te ganaste mi votó:v,6955136719277802501,ale_om.ae,3,7648309608188494600,7643973259376987399,0,,False,JP,jp3.ndjson,positive,0.9277974367141724
Jp,7325808967284212742,angie.javi8,3,7644357535768380161,7643973259376987399,0,,False,JP,jp3.ndjson,neutral,0.4568508267402649
MI PRECIDENTE ES ROBERTO SANCHES,7552336596310443015,rengifo4366,3,7648855192587485960,7643973259376987399,0,,False,JP,jp3.ndjson,positive,0.5568485856056213
jp presidente,7401267683976807429,chikia.joselin,3,7648510891159847687,7643973259376987399,0,,False,JP,jp3.ndjson,positive,0.4605233073234558
keiko president,7636212557385516053,user3999362881462,3,7662463134208819986,7643973259376987399,0,,False,JP,jp3.ndjson,positive,0.3708585500717163
Jp juntos por el Perú 💚💚💚💚💚💚💚🙏🙏🙏🙏🙏,7622782793693676561,crespa0541,3,7649024743585628949,7643973259376987399,0,,False,JP,jp3.ndjson,positive,0.6981407403945923
JP vamos Roberto sanchez presidente.💪💚,7367696191083037702,rossy052801,3,7644570934020162322,7643973259376987399,0,,False,JP,jp3.ndjson,positive,0.8067052364349365
"Roberto Sanchez , presidente........",6872093870458897414,carmendch1,3,7646219969218691860,7643973259376987399,0,,False,JP,jp3.ndjson,neutral,0.6004069447517395
Vamos keiko,7204971914753442822,kristiangimenezz,2,7648645007821718293,7643973259376987399,0,,False,JP,jp3.ndjson,positive,0.6336123943328857
vamos canales jp EREs mejor que k,7588140887127262216,la.chachi998,2,7648462864306438929,7643973259376987399,0,,False,JP,jp3.ndjson,positive,0.9039668440818787
vamos con la presidencia JP💚,6786336845481608198,.joangutierrez,2,7646240557291193096,7643973259376987399,0,,False,JP,jp3.ndjson,positive,0.6525982618331909
vamos jp yo se q va ser presidente del perú🥰❤️🥰🥰❤️🥰,7338803224432329733,lasf50z,2,7647698085947015944,7643973259376987399,0,,False,JP,jp3.ndjson,positive,0.8124096393585205
Keiko presidenta,7054730234495616005,cinthiapozochunge,2,7645915171421078290,7643973259376987399,0,,False,JP,jp3.ndjson,positive,0.3831813931465149
siiiii... ..jp presidente ....ahora siiii.....jp....,7149954620490908678,liz.condori98,2,7645841330429969170,7643973259376987399,0,,False,JP,jp3.ndjson,positive,0.6351493000984192
Keiko ❤️,6788728173640729606,user07406475,3,7645411730163729173,7643973259376987399,0,,False,JP,jp3.ndjson,neutral,0.5675095915794373
bamos keiko presidenta,6835698625780974598,evarosariorojasgutierre1,3,7645530348679414544,7643973259376987399,0,,False,JP,jp3.ndjson,positive,0.7760356068611145
vamos JP,7485838422827222071,plo4447,3,7646095012220781319,7643973259376987399,0,,False,JP,jp3.ndjson,positive,0.7269670367240906
keyko presidenta,6966407257396642822,beamio1283,3,7647355923295978257,7643973259376987399,0,,False,JP,jp3.ndjson,neutral,0.5279664397239685
presidente jp 👍👍👍,6973803984516056070,rosita.ftg.14,3,7646161396165559060,7643973259376987399,0,,False,JP,jp3.ndjson,neutral,0.3871336877346039
"cuidemos nuestra democracia.
Lo hubiera escuchado antes no hubiera desperdiciado mi voto .
JP PRESIDENTE",7332112031641093126,lolazat2,3,7646606236700427015,7643973259376987399,0,,False,JP,jp3.ndjson,neutral,0.4943752586841583
jp carj,7385510022127617029,.escorpio93,3,7646021411568108304,7643973259376987399,0,,False,JP,jp3.ndjson,neutral,0.5217992067337036
bamos jp,7260548611070854150,oroncoynavarro205,3,7647214974750393095,7643973259376987399,0,,False,JP,jp3.ndjson,positive,0.7419386506080627
Vamos Jp presidente 💪🥳,7208417489923228678,chinitamari20,3,7647279047903937287,7643973259376987399,0,,False,JP,jp3.ndjson,positive,0.8025903701782227
vamos Roberto Sánchez,7344040531498681349,florchis728,2,7648852606609998599,7643973259376987399,0,,False,JP,jp3.ndjson,positive,0.7657623291015625
jp presidente,6992397819056505861,francismestanzame,2,7645848245546156821,7643973259376987399,0,,False,JP,jp3.ndjson,positive,0.4605233073234558
aguaytia está por JP próximo precidente,7593807843393356818,user6600522993605,2,7647261963336516360,7643973259376987399,0,,False,JP,jp3.ndjson,neutral,0.5308189392089844
Roberto Sanchez presidente del Perú,7008209731631186950,heidifelix12,2,7644292670777524999,7643973259376987399,0,,False,JP,jp3.ndjson,neutral,0.4751012325286865
JP presidente,6979714736900457477,rossyucraarela,2,7648880326488785685,7643973259376987399,0,,False,JP,jp3.ndjson,positive,0.4605233073234558
keiko presidenta🧡🧡,7198736557300696070,nenamonteiro55,2,7649934594774467346,7643973259376987399,0,,False,JP,jp3.ndjson,positive,0.3831813931465149
"🧡VAMOS KEIKO🧡🧡🧡 🧡🧡🧡VAMOS KEIKO🧡🧡🧡🧡🧡🧡VAMOS KEIKO🧡🧡🧡🧡🧡🧡VAMOS K🧡🧡🧡VAMOS KEIKO🧡🧡🧡 🧡🧡🧡VAMO KEIKO🧡🧡🧡🧡🧡🧡VAMOS KEIKO🧡🧡🧡🧡🧡🧡VAMOS K🧡🧡🧡VAMOS KEIKO🧡🧡🧡 🧡🧡🧡VAMOS KEIKO🧡🧡🧡🧡🧡🧡VAMOS KEIKO🧡🧡🧡🧡🧡🧡VAMOS K🧡🧡🧡VAMOS KEIKO🧡🧡🧡 🧡🧡🧡VAMOS KEIKO🧡🧡🧡🧡🧡🧡VAMOS KEIKO🧡🧡🧡VAMOS KEIKO🧡🧡🧡 🧡🧡🧡VAMOS KEIKO🧡🧡🧡🧡🧡🧡VAMOS KEIKO🧡🧡🧡🧡🧡🧡VAMOS K🧡🧡🧡VAMOS KEIKO🧡🧡🧡 🧡🧡🧡VAMOS KEIKO🧡🧡🧡🧡🧡🧡VAMOS KEIKO🧡🧡🧡🧡🧡🧡VAMOS K🧡🧡🧡VAMOS KEIKO🧡🧡🧡 🧡🧡🧡VAMOS KEIKO🧡🧡🧡🧡🧡🧡VAMOS KEIKO🧡🧡🧡🧡🧡🧡VAMOS K🧡🧡🧡VAMOS KEIKO🧡🧡🧡 🧡🧡🧡VAMOS KEIKO🧡🧡🧡🧡🧡🧡VAMOS KEIKO🧡🧡VAMOS KEIKO🧡🧡🧡 🧡🧡🧡VAMOS KEIKO🧡🧡🧡🧡🧡🧡VAMOS KEIKO🧡🧡🧡🧡🧡🧡VAMOS K🧡🧡🧡VAMOS KEIKO🧡🧡🧡 🧡🧡🧡VAMOS KEIKO🧡🧡🧡🧡🧡🧡VAMOS KEIKO🧡🧡🧡🧡🧡🧡VAMOS K🧡🧡🧡VAMOS KEIKO🧡🧡🧡 🧡🧡🧡VAMOS KEIKO🧡🧡🧡🧡🧡🧡VAMOS KEIKO🧡🧡🧡🧡🧡🧡VAMOS K🧡🧡🧡VAMOS KEIKO🧡🧡🧡 🧡🧡🧡VAMOS KEIKO🧡🧡🧡🧡🧡🧡VAMOS KEIKO🧡🧡🧡VAMOS KEIKO🧡🧡🧡 🧡🧡🧡VAMOS KEIKO🧡🧡🧡🧡🧡🧡VAMOS KEIKO🧡🧡🧡🧡🧡🧡VAMOS K🧡🧡🧡VAMOS KEIKO🧡🧡🧡 🧡🧡🧡VAMOS KEIKO🧡🧡🧡🧡🧡🧡VAMOS KEIKO🧡🧡🧡🧡🧡🧡VAMOS K🧡🧡🧡VAMOS KEIKO🧡🧡🧡 🧡🧡🧡VAMOS KEIKO🧡🧡🧡🧡🧡🧡VAMOS KEIKO🧡🧡🧡🧡🧡🧡VAMOS K🧡🧡🧡VAMOS KEIKO🧡🧡🧡 🧡🧡🧡VAMOS KEIKO🧡🧡🧡🧡🧡🧡VAMOS KEIKO🧡🧡🧡VAMOS KEIKO🧡🧡🧡 🧡🧡🧡VAMOS KEIKO🧡🧡🧡🧡🧡🧡VAMOS KEIKO🧡🧡🧡🧡🧡🧡VAMOS K🧡🧡🧡VAMOS KEIKO🧡🧡🧡 🧡🧡🧡VAMOS KEIKO🧡🧡🧡🧡🧡🧡VAMOS KEIKO🧡🧡🧡🧡🧡🧡VAMOS K🧡🧡🧡VAMOS KEIKO🧡🧡🧡 🧡🧡🧡VAMOS KEIKO🧡🧡🧡🧡🧡🧡VAMOS KEIKO🧡🧡🧡🧡🧡🧡VAMOS K🧡🧡🧡VAMOS KEIKO🧡🧡🧡 🧡🧡🧡🧡🧡🧡🧡🧡🧡🧡🧡🧡🧡🧡🧡🧡🧡🧡🧡🧡🧡🧡🧡🧡🧡🧡
:🧡🧡🧡VAMOS KEIKO🧡🧡🧡 🧡🧡🧡VAMOS KEIKO🧡🧡🧡🧡🧡🧡VAMOS KEIKO🧡🧡🧡🧡🧡🧡VAMOS K🧡🧡🧡VAMOS KEIKO🧡🧡🧡 🧡🧡🧡VAMOS KEIKO🧡🧡🧡🧡🧡🧡VAMOS KEIKO🧡🧡🧡🧡🧡🧡VAMOS K🧡🧡🧡VAMOS KEIKO🧡🧡🧡 🧡🧡🧡VAMOS KEIKO🧡🧡🧡🧡🧡🧡VAMOS KEIKO🧡🧡🧡🧡🧡🧡VAMOS K🧡🧡🧡VAMOS KEIKO🧡🧡🧡 🧡🧡🧡VAMOS KEIKO🧡🧡🧡🧡🧡🧡VAMOS KEIKO🧡🧡🧡🧡VAMOS KEIKO🧡🧡🧡 🧡🧡🧡VAMOS KEIKO🧡🧡🧡🧡🧡🧡VAMOS KEIKO @𝑮𝒊𝒂𝒏𝒄𝒂𝒓𝒍𝒐𝑴𝒊𝒍𝒍𝒂🧃: 🧡VAMOS KEIKO🧡🧡🧡 🧡🧡🧡VAMOS KEIKO🧡🧡🧡🧡🧡🧡VAMOS KEIKO🧡🧡🧡🧡🧡🧡VAMOS K🧡🧡🧡VAMOS KEIKO🧡🧡🧡 🧡🧡🧡VAMO KEIKO🧡🧡🧡🧡🧡🧡VAMOS KEIKO🧡🧡🧡🧡🧡🧡VAMOS K🧡🧡🧡VAMOS K",6777806040878285830,silrox38,2,7650360661013398293,7643973259376987399,0,,False,JP,jp3.ndjson,neutral,0.40509334206581116
vamos JP,7602313796283352072,lucero2008hi,2,7650951593831170834,7643973259376987399,0,,False,JP,jp3.ndjson,positive,0.7269670367240906
Keiko presidenta 🥰,6809468454741230597,ale220603,2,7651786205269197586,7643973259376987399,0,,False,JP,jp3.ndjson,positive,0.47870969772338867
Keiko presidenta,6963969775778202629,milagrosdlc2,2,7651431607601595143,7643973259376987399,0,,False,JP,jp3.ndjson,positive,0.3831813931465149
jp presidente,7539600274547524615,yuditvero,2,7650506518761620244,7643973259376987399,0,,False,JP,jp3.ndjson,positive,0.4605233073234558
KEYKO PRESIDENTA,6992383343330018309,darcichavez,3,7644389952713622290,7643973259376987399,0,,False,JP,jp3.ndjson,neutral,0.5279664397239685
vamos JP,7566474335671895056,user205745530482,2,7651817455077982994,7643973259376987399,0,,False,JP,jp3.ndjson,positive,0.7269670367240906
no pasa nada JP siempre keiko🫶,7281690018656781318,lisbethbp79,2,7648862380873433877,7643973259376987399,0,,False,JP,jp3.ndjson,positive,0.7098525166511536
en esta vez votaré x keiko,7100007200324862981,yianmoranco,3,7644262559050515218,7643973259376987399,0,,False,JP,jp3.ndjson,positive,0.46018779277801514
Jp presidente,7253165510891504646,rosa_liliana_mv,3,7644294401804354325,7643973259376987399,0,,False,JP,jp3.ndjson,positive,0.4605233073234558
Roberto Sánchez PRESIDENTE!!!,7030458079766496261,eldacelestinoambr,3,7644375819347559175,7643973259376987399,0,,False,JP,jp3.ndjson,positive,0.7327570915222168
Vamosss keikooo,6869126844122465285,lucia10.lu,3,7644433115260551957,7643973259376987399,0,,False,JP,jp3.ndjson,positive,0.7665375471115112
vamos futuro presidente,7012685095341786117,antonelalimasbart,3,7644242316874040085,7643973259376987399,0,,False,JP,jp3.ndjson,positive,0.7185750603675842
vamos jp Dios te cuide y guarde xq se q aras cosas buenas para el perú.,7091434265778340870,lurdecitalove,3,7644420054922380050,7643973259376987399,0,,False,JP,jp3.ndjson,positive,0.9155305027961731
Vamos Keiko presidenta,7051053756084225030,dina.cosmiatra,3,7644297263300477703,7643973259376987399,0,,False,JP,jp3.ndjson,positive,0.7345921993255615
Keiko presidenta,7535669037646349330,jch00642,3,7644297250218836757,7643973259376987399,0,,False,JP,jp3.ndjson,positive,0.38318154215812683
Keiko presidenta,7628052119400006677,noraina.pardave,3,7644393257279832840,7643973259376987399,0,,False,JP,jp3.ndjson,positive,0.38318154215812683
vamos tu puedes Roberto Sánchez yo se q vas a ganar,7561111145995977736,user2705281614240,2,7645710501838504722,7643973259376987399,0,,False,JP,jp3.ndjson,positive,0.8979166150093079
vamos jP,7190375836150219782,belencafer,2,7644377192545436424,7643973259376987399,0,,False,JP,jp3.ndjson,positive,0.7269670367240906
sisisi Roberto Sanchez,6514712381883421711,anyguerrerog,2,7648057073914331924,7643973259376987399,0,,False,JP,jp3.ndjson,positive,0.6708877682685852
serás un buen presidente para todos,7498179755012654087,luca.jurupe,2,7649512816109683476,7643973259376987399,0,,False,JP,jp3.ndjson,positive,0.9183892607688904
nosotros somos 9 personas todos a votar a jp,7218593408750617605,perezluz020,2,7644405628283634440,7643973259376987399,0,,False,JP,jp3.ndjson,positive,0.5980567336082458
vamos keiko,7603196889044354065,maricruz.cuipal.i,1,7653597668744102664,7643973259376987399,0,,False,JP,jp3.ndjson,positive,0.6336122751235962
Vamos KEIKO futura presidenta qe Dios te bendiga siempre ❤️❤️,7534580989680780304,nancy.lujn.ibez,2,7647291860645741320,7643973259376987399,0,,False,JP,jp3.ndjson,positive,0.8782167434692383
yo botare por jp,260363845536477184,gamakidsimport,2,7647934394498237200,7643973259376987399,0,,False,JP,jp3.ndjson,neutral,0.5607153177261353
keiko siempreeee🥰,7187411710092067845,na_cy2222,2,7648735031120216850,7643973259376987399,0,,False,JP,jp3.ndjson,positive,0.5337160229682922
jp vamos,7500792301288080391,23escorpio2,2,7648671673482314513,7643973259376987399,0,,False,JP,jp3.ndjson,positive,0.5845237374305725
vamos Jp Dios permita y ganes estaré rogando a dios,7223151860423951366,rossaly55,2,7647566934582641415,7643973259376987399,0,,False,JP,jp3.ndjson,neutral,0.5609601140022278
Jp presidente,7131081988894655494,tefa19964,2,7644371242930701074,7643973259376987399,0,,False,JP,jp3.ndjson,positive,0.4605230689048767
JP presidente,7532106890617979922,yobana.franco2,2,7644368280019239698,7643973259376987399,0,,False,JP,jp3.ndjson,positive,0.4605230689048767
bamos roberto dios te bendigas dios te ba apoyar,7481942792136098822,noe.wisum8,1,7647309070764065556,7643973259376987399,0,,False,JP,jp3.ndjson,positive,0.6129315495491028
jp presidente 💚💚💚💚,7616538208461259797,armyboy6708,1,7647304290626093825,7643973259376987399,0,,False,JP,jp3.ndjson,positive,0.5940670967102051
vamos carajo mi boto es para ti roberto,7275890910955881478,thu.blanquita54,1,7647274304820724487,7643973259376987399,0,,False,JP,jp3.ndjson,positive,0.8865046501159668
vamos jp,7032822642562974726,mrydavila53,1,7647261695169495829,7643973259376987399,0,,False,JP,jp3.ndjson,positive,0.7269670367240906
💪💪💪❤️aunque yo me uno con roberto presidente,7023058630364038150,marcelatucto,1,7647257951006884630,7643973259376987399,0,,False,JP,jp3.ndjson,positive,0.49784526228904724
vamos jp,7478644988160394248,yarita650379,1,7647238226167677703,7643973259376987399,0,,False,JP,jp3.ndjson,positive,0.7269670367240906
"hagamos el mejor esfuerzo y salvemos a nuestro país. JP♥️💚♥️💚, Roberto Sánchez presidente, Roberto Sánchez es nuestra voz.",6891733787182023686,rildodelperu,1,7647229869047595794,7643973259376987399,0,,False,JP,jp3.ndjson,positive,0.6430319547653198
Vamosss hasta la victoria,6872904895947604998,estrella.moina,1,7647223993137709825,7643973259376987399,0,,False,JP,jp3.ndjson,positive,0.8451510071754456
JP PRESIDENTE DEL PERU HOREMOS PARA QUE DIOS LO RRESPALDE SERIA BUENO QUE LO INVITEN A RICARDO BELMOT PARA GOBERNAR JUNTOS TIENE BUENAS INENCIONES POR EL PERU.,7308570595024110598,camuchachara,1,7646812960321766165,7643973259376987399,0,,False,JP,jp3.ndjson,positive,0.783968448638916
despues del debate. estoy convencida mi voto por JP.,6824853997989905414,floresusy,1,7646761930975675153,7643973259376987399,0,,False,JP,jp3.ndjson,neutral,0.7683802843093872
vamos asta la victoria jp bendiciones,7324050172986983429,normitamoya4,1,7646706197933343506,7643973259376987399,0,,False,JP,jp3.ndjson,positive,0.8263945579528809
siiiiiiiii vamos si se puede JP🇵🇪🇵🇪🫅🏻🫅🏻🤞🏻😁☺️😝,7083726687083136005,gialucero.2,1,7646607570497667858,7643973259376987399,0,,False,JP,jp3.ndjson,positive,0.9014420509338379
Keiko presidenta del Perú,6990882891480237062,cuuriee,1,7646526633315107605,7643973259376987399,0,,False,JP,jp3.ndjson,neutral,0.45812690258026123
"Aggg , no les bastó con castillo 🤦🏻‍♂️infórmense un poco xq sinceramente prefiero un país corrupto con keiko q un país terrorista y pobre con estos idts",7629863321076384775,alex727804,1,7646251906415002375,7643973259376987399,0,,False,JP,jp3.ndjson,negative,0.9729409217834473
vamoooo si se puedeee,7490774698047177745,jua_nita2008,1,7646245932544606997,7643973259376987399,0,,False,JP,jp3.ndjson,positive,0.8271653652191162
tú puedes,7461692161311917057,elsisanch5,1,7646242704696443668,7643973259376987399,0,,False,JP,jp3.ndjson,neutral,0.48976340889930725
JP,7422855096138499090,estrellamarina1738492,1,7646240594251170578,7643973259376987399,0,,False,JP,jp3.ndjson,neutral,0.45685091614723206
"con fe y no me desciones
porfavor Perú
tu vas ganar jp",6529860375473574927,nayefernanda0,1,7646214057715925767,7643973259376987399,0,,False,JP,jp3.ndjson,positive,0.6059814095497131
Siempre JP,7506934042449773575,user2450286720392,1,7646190532847698709,7643973259376987399,0,,False,JP,jp3.ndjson,positive,0.4621831178665161
🥰FUTURO PRESIDENTE VAMOS JP,7514403471174272007,atamain19,1,7646185740364579592,7643973259376987399,0,,False,JP,jp3.ndjson,positive,0.7754527926445007
vamos JP 💪 💪,6936354657573635077,ruthmerycabrera,1,7646181951057216263,7643973259376987399,0,,False,JP,jp3.ndjson,positive,0.7347134351730347
Castillito Dios te vendiga,7019874443310007302,canelamiranda2,1,7646179042236613394,7643973259376987399,0,,False,JP,jp3.ndjson,positive,0.4545927047729492
JP,7019874443310007302,canelamiranda2,1,7646178959381840647,7643973259376987399,0,,False,JP,jp3.ndjson,neutral,0.45685091614723206
mi voto por JP futuro presidente,6852679557142610949,ruthmercedesvizarretaca0,1,7646161813893350164,7643973259376987399,0,,False,JP,jp3.ndjson,positive,0.7000976800918579
el roberto sanchez presidente 💚💚💚💚💚💚💚💚💚💚,7264375174261769221,aaroncete.snchez,1,7646154192851141397,7643973259376987399,0,,False,JP,jp3.ndjson,positive,0.5875431299209595
vamos roberto sanches vamos con todo,7231378175236817926,wieslawa.guerra,1,7646150826771333909,7643973259376987399,0,,False,JP,jp3.ndjson,positive,0.8729813694953918
vamos jp presidente Demi parte te deseo que ganes las elecciones tú eres la persona indicada,7350042207989253125,djugec2511,1,7646139759270937351,7643973259376987399,0,,False,JP,jp3.ndjson,positive,0.87144935131073
Sanchez presidente,6887173515247649798,ivangarciach,1,7646106013578527504,7643973259376987399,0,,False,JP,jp3.ndjson,neutral,0.46547675132751465
que viva JP,7641575526692045832,zulma9002,1,7646081067174183687,7643973259376987399,0,,False,JP,jp3.ndjson,positive,0.7868435978889465
jp presidente,7593171335162594312,lucioluciolucio77,1,7646062994947310357,7643973259376987399,0,,False,JP,jp3.ndjson,positive,0.4605230689048767
Vamos jp,7623166164458226708,jhon.mamani192,1,7646055764550107912,7643973259376987399,0,,False,JP,jp3.ndjson,positive,0.726966917514801
yo quiero pertenecer como hago,7418322173020668933,maryalinama,1,7646052132953817874,7643973259376987399,0,,False,JP,jp3.ndjson,neutral,0.6295732259750366
bamos jp,7039805708389254150,norycurihuaman,1,7646043440928899860,7643973259376987399,0,,False,JP,jp3.ndjson,positive,0.7419386506080627
Yo apoyo a Roberto sanches,7539014511669789703,ruthkely976,1,7646032906909909761,7643973259376987399,0,,False,JP,jp3.ndjson,positive,0.5887470245361328
Ya gano JP,7168688459949884421,alexiscallahuasi,1,7646005319689372423,7643973259376987399,0,,False,JP,jp3.ndjson,positive,0.646019458770752
vamos jp presidente,7535567486797054983,cecilamaribelrami,1,7645958133365654290,7643973259376987399,0,,False,JP,jp3.ndjson,positive,0.7706496119499207
vamos JP t doy mi voto,7298915931522368517,carhuaz.mego.came,1,7645878386787631879,7643973259376987399,0,,False,JP,jp3.ndjson,positive,0.8355859518051147
el mejor 🤗,6963086146084668422,felyxita,1,7645866388809040641,7643973259376987399,0,,False,JP,jp3.ndjson,positive,0.8131104111671448
vamos a ver sí es cierto que dices laberdad,7501033043113739281,celiaalfaro70,0,7666180093404185360,7641739077817044244,0,,False,K,K1.ndjson,neutral,0.47429993748664856
siento que con keiko estaremos mejor,6810782258167153669,user80063967,1115,7653576652445909767,7641739077817044244,0,,False,K,K1.ndjson,positive,0.4801938533782959
guarden este video por 5 años a ver si cumplió,6788603029769274374,geoffreyrc,288,7658409200783639317,7641739077817044244,0,,False,K,K1.ndjson,neutral,0.4988009035587311
Si logras mejorar el país todo el Perú estará contigo siempre,251988548315320320,martinz92_92,433,7660342333087744775,7641739077817044244,0,,False,K,K1.ndjson,positive,0.8016420006752014
no t creeeeeoooooo mucha publicidad no mas,6862292231391347717,marioalfonsocruzcueva,15,7659822639921283847,7641739077817044244,0,,False,K,K1.ndjson,negative,0.8876843452453613
"no le creo ,votaré y ganará JP",6519877764902818831,yersonramirez2026,14,7643941695671403280,7641739077817044244,0,,False,K,K1.ndjson,neutral,0.5508860349655151
tus palabras se las lleva el viento 😂,7476393210852705312,neron362,17,7657312335041053462,7641739077817044244,0,,False,K,K1.ndjson,neutral,0.5909543633460999
te creo mi amor 💗💗😍😍,7182729491637126149,charlescharlespun.0,33,7660764725999354642,7641739077817044244,0,,False,K,K1.ndjson,positive,0.8038861155509949
ojalá sea así señora presidenta Keiko,6840971534799406085,celindamauri,85,7660324210401444628,7641739077817044244,0,,False,K,K1.ndjson,neutral,0.4277718663215637
mi deseo es estudiar inglés . como hubieran facilidades .keikito as que la educación sea una facilidad para todos .por favor te lo suplico.,7600359518867293205,jimytorres685,12,7660683288306647828,7641739077817044244,0,,False,K,K1.ndjson,positive,0.6139482855796814
100 por ciento orgullosa de mi voto 🥰🥰,6722501284044391430,lustyle24,38,7659996545945109266,7641739077817044244,0,,False,K,K1.ndjson,positive,0.86768639087677
bravo mi bella KEYKO FUJIMORI HIGUCHI PRESIDENTA DEL PERÚ 🇵🇪,6970560279877698566,normaespinozar,73,7660636628733625108,7641739077817044244,0,,False,K,K1.ndjson,positive,0.92591392993927
pero si tú eres la jefa,7369066605797671941,walter.de.la.cruz194,12,7644931018566386453,7641739077817044244,0,,False,K,K1.ndjson,positive,0.8842668533325195
asi se habla mi presidenta si me representa,6785383899293320197,osmary107,68,7660599224057135879,7641739077817044244,0,,False,K,K1.ndjson,positive,0.786731481552124
ver para creer,7353088082202018821,mercedesmendoza742,1,7660695397790401281,7641739077817044244,0,,False,K,K1.ndjson,neutral,0.5151826739311218
keiko la mayoria de la gente te creen asi q has bien las cosas para q sigas adelante,6866959262188618753,deisyta08,173,7643168275827950357,7641739077817044244,0,,False,K,K1.ndjson,negative,0.5475761294364929
vamos Keiko confío en ti,7516291655181075461,veronica_cs1,31,7660182364660171527,7641739077817044244,0,,False,K,K1.ndjson,positive,0.7646219730377197
hay que esperar y confíar,7227932654833140742,juancarlosmorenom87,40,7660605792340820744,7641739077817044244,0,,False,K,K1.ndjson,neutral,0.4904390573501587
osea contigo mismo,7610839483441464336,mayayasuze,4,7654618995354682119,7641739077817044244,0,,False,K,K1.ndjson,neutral,0.5972239375114441
asi se habla Keiko,7247734739393496069,rociodelcarmenrie,74,7655503033380897556,7641739077817044244,0,,False,K,K1.ndjson,positive,0.5172918438911438
amén así sea pero igual tengo mucha fé que cambiara el pais,7424999436075795462,giovana.p.ar,20,7653794447104688916,7641739077817044244,7653576652445909767,7.65357665244591e+18,True,K,K1.ndjson,positive,0.8391221165657043
Que así sea por un Perú próspero no soy de ese país pero le deseo lo mejor del. Mundo a ese país,7484469391952200709,dariel.oficial.28,4,7660343826159403784,7641739077817044244,7653576652445909767,7.65357665244591e+18,True,K,K1.ndjson,positive,0.9057204723358154
igual yo,6891457889370948613,deysisalinas04,2,7660257487182578453,7641739077817044244,7653576652445909767,7.65357665244591e+18,True,K,K1.ndjson,neutral,0.4578194320201874
Jajjaja Jajajja no llores después,7046221532834235398,freddysa21,0,7661816356614980369,7641739077817044244,7653576652445909767,7.65357665244591e+18,True,K,K1.ndjson,neutral,0.5268012285232544
seremos potencia mundial y millonarios en todo 😁,7017113398488679429,matilde10._,0,7661685447890305810,7641739077817044244,7653576652445909767,7.65357665244591e+18,True,K,K1.ndjson,positive,0.5386456251144409
asume tu voto xd 😅 (bromita),7414629844671005702,xavier_x1234,0,7661045050206880513,7641739077817044244,7653576652445909767,7.65357665244591e+18,True,K,K1.ndjson,neutral,0.6988682746887207
claro que sí,7056455311334425606,eroitoreyesbarrio,0,7659952417949106962,7641739077817044244,7653576652445909767,7.65357665244591e+18,True,K,K1.ndjson,positive,0.742495059967041
Dios mediante la chinita lo va ser,7076270782238540806,chave_flores021670,0,7658433805205144328,7641739077817044244,7653576652445909767,7.65357665244591e+18,True,K,K1.ndjson,neutral,0.5712297558784485
así va hacer hay que tener fé,6993081596145828869,lisetcabrera12,0,7658322568013890322,7641739077817044244,7653576652445909767,7.65357665244591e+18,True,K,K1.ndjson,positive,0.7955111861228943
ojalá,7514265901065602080,mirella0935,0,7657551646796546838,7641739077817044244,7653576652445909767,7.65357665244591e+18,True,K,K1.ndjson,neutral,0.5652467608451843
apoyando a las lacras te menciona cuando ella nos ha apoyado haciendo leyes a favor de ellos?,6827633890343420934,.lik93,0,7661744210382635797,7641739077817044244,7653576652445909767,7.65357665244591e+18,True,K,K1.ndjson,negative,0.8964341878890991
"Yo si le creo , si anula las leyes pro crimen que su propio parlamento aprobó , yo creo que sí 👏👏👏",188221619994124288,mirandanayeli2,0,7660336880655647509,7641739077817044244,7653576652445909767,7.65357665244591e+18,True,K,K1.ndjson,neutral,0.5488448739051819
"El trabajo no es solo de la presidenta, también es el nuestro, el PERÚ somos un equipo.🙏",6845378855647560710,dreupo3029,83,7659616169426486023,7641739077817044244,7658409200783639317,7.65840920078364e+18,True,K,K1.ndjson,positive,0.6516963243484497
así es 💪es trabajar en equipo,6853431151252653061,cyntia_032,16,7660550234779894549,7641739077817044244,7658409200783639317,7.65840920078364e+18,True,K,K1.ndjson,positive,0.8882965445518494
así es,7530864366822130694,betyuser5,4,7661230230225224468,7641739077817044244,7658409200783639317,7.65840920078364e+18,True,K,K1.ndjson,positive,0.4780377447605133
Así será amén 🙏,6783823135500715014,jacquelinsalas5,15,7658909365550465800,7641739077817044244,7658409200783639317,7.65840920078364e+18,True,K,K1.ndjson,positive,0.7279375195503235
ellos si cumplieron y no te veo quejándote jajajaja,6797038238470816774,marcoantoniovegasolis,3,7660613976028136213,7641739077817044244,7658409200783639317,7.65840920078364e+18,True,K,K1.ndjson,negative,0.7249761819839478
Aver si lo cumple es la única mujercita bien puesto sus calcetines bien puestos,7449582721821656070,user51308537509916,2,7659100479963726613,7641739077817044244,7658409200783639317,7.65840920078364e+18,True,K,K1.ndjson,neutral,0.6687146425247192
no solo es guardar el.video .es también apoyar .con ello .y lo mejor q podemos hacer es criar bien a nuestros hijos y dale buenos valores y no dejarlos solo .porq solo así podemos ayudar a todos y ayudar a nuestros hijos.q sean personas de bien y no una lacra más del montón,6787808902484837381,nancy14rn,1,7662188809866953493,7641739077817044244,7658409200783639317,7.65840920078364e+18,True,K,K1.ndjson,positive,0.5485830903053284
no eches la sal kbron....,6916704362954474501,jhonascontigo,1,7661337861731517192,7641739077817044244,7658409200783639317,7.65840920078364e+18,True,K,K1.ndjson,negative,0.918393075466156
mira,6813784287558501382,puquiobaezvana,0,7661615294894195476,7641739077817044244,7658409200783639317,7.65840920078364e+18,True,K,K1.ndjson,neutral,0.48653101921081543
No sufras rojo,6806755151871230982,mfcm79,0,7661097405937779463,7641739077817044244,7658409200783639317,7.65840920078364e+18,True,K,K1.ndjson,negative,0.45455318689346313
Ya zurdo,7016851006693491718,yadgar_93,0,7661034145072612098,7641739077817044244,7658409200783639317,7.65840920078364e+18,True,K,K1.ndjson,neutral,0.44911232590675354
la verdad se nota aleguas ...Keiko jamás será como un zurdo demmm,7528476738255782919,alexaguilar12776,0,7661022255561310994,7641739077817044244,7658409200783639317,7.65840920078364e+18,True,K,K1.ndjson,negative,0.783367395401001
Y si cumple y logra recuperar las calles votaremos por cinco años más,6777830811942470661,graciadion2324,0,7660993929764995848,7641739077817044244,7658409200783639317,7.65840920078364e+18,True,K,K1.ndjson,positive,0.4970046877861023
el trabajo es en equipo,6982365657657902085,edith19898,0,7660970804263420692,7641739077817044244,7658409200783639317,7.65840920078364e+18,True,K,K1.ndjson,positive,0.6807311177253723
Que gusto de poner Sizaña no??,6960066371880092677,ginaferrermanrique,0,7660757044379026197,7641739077817044244,7658409200783639317,7.65840920078364e+18,True,K,K1.ndjson,positive,0.5458425283432007
"si en tu empresa gana alguien que salió de la cárcel , primero no tendrías mucha confianza y fiscaliArias todo lo que hace. eso no es meter cizaña. es ser responsable con lo que es tuyo",6788603029769274374,geoffreyrc,0,7660856548339794709,7641739077817044244,7658409200783639317,7.65840920078364e+18,True,K,K1.ndjson,negative,0.7064394950866699
Osea vamos a esperar más tiempo? Para que cumpla? solo 3 meses máximo.,7490975947441832967,user2980697181161,0,7660810886135907092,7641739077817044244,7658409200783639317,7.65840920078364e+18,True,K,K1.ndjson,neutral,0.6896661520004272
"a los fujimoris no les tiembla la mano
su padre demostró en la cancha
y termino con el terrorismo
y ahora somos keiko 💯💯💯",7157133882268926982,camiush_rose,0,7660790512416391957,7641739077817044244,7658409200783639317,7.65840920078364e+18,True,K,K1.ndjson,negative,0.8867396116256714
Verás que si queso,6880340025743115265,ivannabau08,0,7660701051629028116,7641739077817044244,7658409200783639317,7.65840920078364e+18,True,K,K1.ndjson,positive,0.5771477222442627
claroo que siii,6715594947897525253,sele.79,0,7660700383787156244,7641739077817044244,7658409200783639317,7.65840920078364e+18,True,K,K1.ndjson,positive,0.8899296522140503
tienes todos los videos de todos los Presidentes y sus promesaa?,6894812079271379974,aliciazenacharlotte,0,7660601281652097813,7641739077817044244,7658409200783639317,7.65840920078364e+18,True,K,K1.ndjson,neutral,0.5823686718940735
Si lo hará,7260305028015195141,pame7598,0,7660575835862860551,7641739077817044244,7658409200783639317,7.65840920078364e+18,True,K,K1.ndjson,neutral,0.42117273807525635
Huy sigue ardiendo? 😂😂😂😂😂,7419693850279478278,sandra.tejadafit,0,7660538386323915540,7641739077817044244,7658409200783639317,7.65840920078364e+18,True,K,K1.ndjson,negative,0.6951467394828796
Su padre si lo logró,7352044245430518789,henrylolialejos,0,7660342970722206471,7641739077817044244,7658409200783639317,7.65840920078364e+18,True,K,K1.ndjson,positive,0.5923614501953125
acabo con la delincuencia su padre? el que se fugo del país con dinero en efectivo y renunció por fax ?,6788603029769274374,geoffreyrc,0,7660380901323768597,7641739077817044244,7658409200783639317,7.65840920078364e+18,True,K,K1.ndjson,negative,0.7828418612480164
POX 5 AÑOS MUCHO .X TREs meses...,7045737072963929093,everemiliocallecastillo,0,7660359183501640464,7641739077817044244,7658409200783639317,7.65840920078364e+18,True,K,K1.ndjson,neutral,0.6067616939544678
TAREA DE TODOS LOS BUENOS PERUANOS,6967558542120403974,yutary_ale,0,7660277827622683410,7641739077817044244,7658409200783639317,7.65840920078364e+18,True,K,K1.ndjson,positive,0.4858700633049011
otro lleno de odio,7072736473187517445,vicoznu,0,7660266247464010504,7641739077817044244,7658409200783639317,7.65840920078364e+18,True,K,K1.ndjson,negative,0.7128055095672607
call CTM,7281437783053730822,libra_1luna,0,7658694733229753109,7641739077817044244,7658409200783639317,7.65840920078364e+18,True,K,K1.ndjson,negative,0.833871603012085
"las palabras tienen mucho poder y se k ella podrá, Dios le dará sabiduría y fortaleza ....",6810132230280922117,lindaagurtoallema,11,7660250244378198805,7641739077817044244,7659822639921283847,7.659822639921284e+18,True,K,K1.ndjson,positive,0.772680401802063
"Ora nomas, no seas incrédulo y todo se puede 🤝",6781589431251584005,cinthia290,2,7660723353729172231,7641739077817044244,7659822639921283847,7.659822639921284e+18,True,K,K1.ndjson,neutral,0.3854294717311859
Tu solo le creés a castillo,6855421025473430533,marinaferropalomino,1,7661396237120307975,7641739077817044244,7659822639921283847,7.659822639921284e+18,True,K,K1.ndjson,negative,0.9091913104057312
No le creas pe q xux nos importa,7210867731925599237,arianaruiz603,0,7661022555407483669,7641739077817044244,7659822639921283847,7.659822639921284e+18,True,K,K1.ndjson,negative,0.8807880878448486
callate oe sano,6835003760008414214,luizito153,0,7660394371456500488,7641739077817044244,7659822639921283847,7.659822639921284e+18,True,K,K1.ndjson,negative,0.4923527240753174
calla mediocre,7522876165154309140,daliasilvetterach,0,7660312466291229458,7641739077817044244,7659822639921283847,7.659822639921284e+18,True,K,K1.ndjson,negative,0.3897271752357483
yaaaa toma una valeriana,6951170111714821125,nagalu040571,0,7660293191379452692,7641739077817044244,7659822639921283847,7.659822639921284e+18,True,K,K1.ndjson,neutral,0.5719705820083618
Yo creo que quiere limpiar su imagen. Quiere dejar un legado,6942975730444534789,joseeph.mendoza,1,7660241195713823496,7641739077817044244,7659822639921283847,7.659822639921284e+18,True,K,K1.ndjson,neutral,0.6294484734535217
si creíste a tu mujer 🤣🤣🤣🤣,6882919969711375365,susanrivera25,0,7660238452466287367,7641739077817044244,7659822639921283847,7.659822639921284e+18,True,K,K1.ndjson,neutral,0.6689053177833557
delincuente seguro,6837516929541129221,dalesandro24,7,7644352477400482577,7641739077817044244,7643941695671403280,7.643941695671404e+18,True,K,K1.ndjson,negative,0.8236761093139648
CALLA SENDERO,6848016885942928390,jash_1203_,3,7644782416536191752,7641739077817044244,7643941695671403280,7.643941695671404e+18,True,K,K1.ndjson,negative,0.41942086815834045
Tu-co,7076672738124416005,anotaloperu_1,2,7654432913622795016,7641739077817044244,7643941695671403280,7.643941695671404e+18,True,K,K1.ndjson,neutral,0.48616307973861694
,7389423428417799174,pomexpd,2,7645154938100237063,7641739077817044244,7643941695671403280,7.643941695671404e+18,True,K,K1.ndjson,positive,0.44054585695266724
ja ja ja ILUSO,273685486530043904,ceci.disset,0,7654192428685771542,7641739077817044244,7643941695671403280,7.643941695671404e+18,True,K,K1.ndjson,negative,0.8230867385864258
Lo peor es que tu cerebro le cree a JP,6809672964716987397,jeidi1999es,0,7644415710504289042,7641739077817044244,7643941695671403280,7.643941695671404e+18,True,K,K1.ndjson,negative,0.9074732065200806
que mal piensa bien,6961591272043070469,brissaqs1,0,7644413704754299668,7641739077817044244,7643941695671403280,7.643941695671404e+18,True,K,K1.ndjson,negative,0.9607541561126709
Seguro es delta,6936102040750752773,luis101990,0,7654385557820195591,7641739077817044244,7643941695671403280,7.643941695671404e+18,True,K,K1.ndjson,positive,0.6196238994598389
🤦,7607306362196378644,milagrosvbocanegr,0,7644332900913496853,7641739077817044244,7643941695671403280,7.643941695671404e+18,True,K,K1.ndjson,neutral,0.5979583263397217
😁,7578237964901172232,alexander.livora,0,7644309481966928660,7641739077817044244,7643941695671403280,7.643941695671404e+18,True,K,K1.ndjson,neutral,0.5979583263397217
Nerón se llama mi perro 🐶🐶🐕🐕🐕,7262929076800848902,m_castillo15,20,7657436977725621000,7641739077817044244,7657312335041053462,7.657312335041054e+18,True,K,K1.ndjson,neutral,0.5650923848152161
tu perro 🐶 es más inteligente,7040917658266731525,carlos.aguayo7338,2,7660704713050096404,7641739077817044244,7657312335041053462,7.657312335041054e+18,True,K,K1.ndjson,positive,0.39989733695983887
Jajajaja,7033132427079255045,carlonchoi,2,7657705474301870856,7641739077817044244,7657312335041053462,7.657312335041054e+18,True,K,K1.ndjson,neutral,0.4304355978965759
Fujimori ya lo hicieron una vez.sino pregúntele a bukele si le funcionó imitar a Fujimori,7523331089843799058,ronaldvega800,0,7661390518056600327,7641739077817044244,7657312335041053462,7.657312335041054e+18,True,K,K1.ndjson,neutral,0.7260798215866089
Ya asno,7210867731925599237,arianaruiz603,1,7661022476504335125,7641739077817044244,7657312335041053462,7.657312335041054e+18,True,K,K1.ndjson,negative,0.934087872505188
calla burro,7634646531166241814,cielo02232815,0,7663835818436084502,7641739077817044244,7657312335041053462,7.657312335041054e+18,True,K,K1.ndjson,neutral,0.5738176703453064
más pruebas quieren,7523331089843799058,ronaldvega800,0,7661390881798472466,7641739077817044244,7657312335041053462,7.657312335041054e+18,True,K,K1.ndjson,negative,0.6393623352050781
Jajajja,6729573353814557701,leeolivar81,0,7661019315034309397,7641739077817044244,7657312335041053462,7.657312335041054e+18,True,K,K1.ndjson,negative,0.4067377746105194
😂😂😂,6854731010937242629,nancyvale47,0,7660685321299591956,7641739077817044244,7657312335041053462,7.657312335041054e+18,True,K,K1.ndjson,neutral,0.5979583263397217
serio,7476393210852705312,neron362,0,7660777329333748502,7641739077817044244,7657312335041053462,7.657312335041054e+18,True,K,K1.ndjson,neutral,0.4453126788139343
Su padre terminó con los tucos.,7137865393088398341,raullumo30,0,7660628788442694408,7641739077817044244,7657312335041053462,7.657312335041054e+18,True,K,K1.ndjson,neutral,0.7382174134254456
y yo q hago tu crees q ese es mi nombre jaja,7476393210852705312,neron362,0,7657533670387221270,7641739077817044244,7657312335041053462,7.657312335041054e+18,True,K,K1.ndjson,neutral,0.5828001499176025
pero alli dice NERON😂😁,6960412240764552197,salomefloresusurin,0,7660220068794614548,7641739077817044244,7657312335041053462,7.657312335041054e+18,True,K,K1.ndjson,neutral,0.5024269819259644
ya JP LLORON,6960412240764552197,salomefloresusurin,0,7660220000284951316,7641739077817044244,7657312335041053462,7.657312335041054e+18,True,K,K1.ndjson,negative,0.9472322463989258
si,7569621072028910603,flaco.jimenez33flaco.jim,0,7657374813690446609,7641739077817044244,7657312335041053462,7.657312335041054e+18,True,K,K1.ndjson,neutral,0.5183643698692322
😂😂😂😂😂,7328500843786994694,aliciahuacchaquiroz,0,7659933229869515538,7641739077817044244,7657312335041053462,7.657312335041054e+18,True,K,K1.ndjson,neutral,0.5979583263397217
😂😂😂,6932926317202899973,briza62025,0,7661295863918248722,7641739077817044244,7657312335041053462,7.657312335041054e+18,True,K,K1.ndjson,neutral,0.5979583263397217
Y de Sánchez el water,6814928559523103750,madretodoterreno1,1,7657422752991494934,7641739077817044244,7657312335041053462,7.657312335041054e+18,True,K,K1.ndjson,neutral,0.7701976299285889
,7545055620556080150,profecassiglo21,1,7657321739639505697,7641739077817044244,7657312335041053462,7.657312335041054e+18,True,K,K1.ndjson,positive,0.44054585695266724
😆😆😆😆,7374468892289582112,eiva8411,0,7661663819233461015,7641739077817044244,7657312335041053462,7.657312335041054e+18,True,K,K1.ndjson,neutral,0.5979583263397217
la vaga pero si ella es la cabecilla no que está a fabor de pro crimen,7504118820777755653,maria.fernanda1814,1,7661140557704545044,7641739077817044244,7660764725999354642,7.660764725999355e+18,True,K,K1.ndjson,negative,0.8273043632507324
🥰,7645810633280324629,arturo.leto,0,7661035070315053845,7641739077817044244,7660764725999354642,7.660764725999355e+18,True,K,K1.ndjson,neutral,0.5979583263397217
espero que de una vez hagan una cárcel ellos mismos para que vivan ahí pero de una vez quiero que salga de defensor a la calle el ejército tiene que estar en la calle ya por favor para que no haya más robo no haya más extorsión para que no haya más la gente puede vivir tranquilo por favor que salga el ejército porque la policía está trabajando de la mano con la corrupción está trabajando con los delincuentes solo soplones de los extorsionadores la misma policía tiene que darle cadena perpetua porque están infiltrados ahí espero que sean parcial,7508477550022476801,.mario.dueas,0,7660872420925293320,7641739077817044244,7660764725999354642,7.660764725999355e+18,True,K,K1.ndjson,negative,0.685024082660675
Ojala no... se dice asi sea,6961614686983783429,denisovich..dwait,0,7660776225870643986,7641739077817044244,7660324210401444628,7.660324210401445e+18,True,K,K1.ndjson,neutral,0.4295958876609802
pero por qué están de pedilones y antes no pidieron nada,7495058620280833046,comosflht1p,0,7660763416584520470,7641739077817044244,7660683288306647828,7.660683288306648e+18,True,K,K1.ndjson,negative,0.5142043828964233
eso te la hizon creer😁,7450637266156585990,ana.ada61,7,7645334995854541586,7641739077817044244,7644931018566386453,7.644931018566387e+18,True,K,K1.ndjson,negative,0.520607054233551
,7389423428417799174,pomexpd,3,7645154977085899527,7641739077817044244,7644931018566386453,7.644931018566387e+18,True,K,K1.ndjson,positive,0.44054585695266724
Si Especial como no 😂,7112849131110482950,jhonnyvalencia363,2,7654718350644593429,7641739077817044244,7644931018566386453,7.644931018566387e+18,True,K,K1.ndjson,positive,0.6552011370658875
"nootuu eres el jefeee,,,",7365701580861785094,23febrero2,1,7661095688521302802,7641739077817044244,7644931018566386453,7.644931018566387e+18,True,K,K1.ndjson,positive,0.8427961468696594
pobres asnos,7503661255837697042,ringol162,0,7663305299529270032,7641739077817044244,7644931018566386453,7.644931018566387e+18,True,K,K1.ndjson,negative,0.9591081142425537
Ya jp,7610242791877477397,moisesfreddycondo,0,7661762064922624775,7641739077817044244,7644931018566386453,7.644931018566387e+18,True,K,K1.ndjson,neutral,0.3907138705253601
ella es la jefa de los empresarios no de los pobres🤣,7053652145074603013,julyrutheslavahua,0,7654665876201308948,7641739077817044244,7644931018566386453,7.644931018566387e+18,True,K,K1.ndjson,neutral,0.4629884362220764
May!,6802915319012000774,milili1316,0,7654335408922362642,7641739077817044244,7644931018566386453,7.644931018566387e+18,True,K,K1.ndjson,positive,0.41736337542533875
no hay más bruto quien no quiera ver o entender lo que se vive el país aún con congresistas con anticucho muchos de ellos han salido electos definitivamente mentalmente estamos torcidos no aya una lógica propia frente a comentarios sin base con puro instinto pero no con la razón 😡😡,7083590304409863174,1978giosr,0,7644655969221280520,7641739077817044244,7643168275827950357,7.643168275827951e+18,True,K,K1.ndjson,negative,0.8498560786247253
Keiko eso queremos.,7515135975426982919,user2865942561034,2,7643503793812783880,7641739077817044244,7643168275827950357,7.643168275827951e+18,True,K,K1.ndjson,positive,0.6483691930770874
tu nomas sigue yapeandole a jp spnsa,6804595478975529989,eliseosaico.tzz,0,7661311565925221137,7641739077817044244,7660695397790401281,7.660695397790402e+18,True,K,K1.ndjson,neutral,0.6572760343551636
KEYKO PRESIDENTA EL TERROR DE LOS NARCO TERRORISTAS YDELINCUENTES Y VIVIDORES DEL ESTADO,273685486530043904,ceci.disset,2,7654192592745562902,7641739077817044244,7644931018566386453,7.644931018566387e+18,True,K,K1.ndjson,negative,0.9462021589279175
ver para creer,7420288689111335941,trujillosjjs,2,7660130840249205522,7641739077817044244,0,,False,K,K1.ndjson,neutral,0.5151827335357666
"Keiko presidente,",7149582133778449413,martincastaneda61,19,7660236700144567041,7641739077817044244,0,,False,K,K1.ndjson,neutral,0.3905860483646393
gracias presidenta ❤️💯,7169093698059781125,felyosccotejada,23,7660322140067218196,7641739077817044244,0,,False,K,K1.ndjson,positive,0.6753162145614624
"Keiko esta vez te apoyaré , no soy fujimorista ! Hace 5 años le brinde mi voto a Castillo pensando que iba a cambiar! Ahora no",6774750089417327622,pattymendez69,45,7644312308764148500,7641739077817044244,0,,False,K,K1.ndjson,neutral,0.6289297938346863
"vamos keiko , si se puede 🧡🧡🧡🧡",6815694982268421126,marlensagastegui0,55,7660257532007662354,7641739077817044244,0,,False,K,K1.ndjson,positive,0.8510098457336426
vamos mi keiko eres como yo mujer luchadora,6991585310022992902,olgaesteban164,36,7654721564910682887,7641739077817044244,0,,False,K,K1.ndjson,positive,0.9431623816490173
Eso mi presidenta keyko,6958827637680145414,marlenygutierrezm23gmail,23,7660333337588138772,7641739077817044244,0,,False,K,K1.ndjson,positive,0.7673958539962769
"Te tengo fe, Keiko. Honrra la memoria del mejor presidente de la historia del Perú, Alberto Fujimori.",7461483103639831557,fausto.197,14,7658500936976941832,7641739077817044244,0,,False,K,K1.ndjson,positive,0.6132104992866516
Keiko Vamos,6721301156432610310,aida_apolinario,15,7643554346349773585,7641739077817044244,0,,False,K,K1.ndjson,neutral,0.4346705675125122
Todas la veces vote por ti porque sabía que eras la indicada porque eres hija del gran presidente que tuvo el Perú,6826442711068263430,carmen.elizabeth.286,11,7660722130154259220,7641739077817044244,0,,False,K,K1.ndjson,positive,0.6345521211624146
aumento a los jubilados,7496705090259551248,rufo8028,1,7656302802000331541,7641739077817044244,0,,False,K,K1.ndjson,neutral,0.6897975206375122
jajaja.... quiero ver,7151730696359412742,rociosocualaya2,0,7656354372833575702,7641739077817044244,0,,False,K,K1.ndjson,neutral,0.5318596959114075
presidenta keiko peruuuuuu,6862037334189179910,felipdt45_.4,1,7654769888947913493,7641739077817044244,0,,False,K,K1.ndjson,neutral,0.4045935571193695
mi tía Keiko está diciendo la verdad ella va acabar con la delincuencia,7367214936447616006,el_chamo_neyder3,1,7663091508459668232,7641739077817044244,0,,False,K,K1.ndjson,negative,0.7587035894393921
SEÑORA SOFIA. SI ES POSIBLE TU INTENSION ....DESPUES DEL 28 EN ADELANTE. SACA A LOS MILITARES I POLISIAS BIEN ARMADOS. QUE CAMINEN EN TURNOS. I EN GRUPOS. DIA. I NOCHE. BIEN ARMADOS POR TODAS LAS CALLES DE LAS CIUDADES. I QUE SEAN LLEVADOS TODOS ESOS DELINCUENTES AL CUARTEL PARA QUE LOS HAGAN TRABAJAR. EN CUALQUIER RUBRO DE TRABAJO ..,7540321340563080210,marcoscamposcisne,12,7660915079345308436,7641739077817044244,0,,False,K,K1.ndjson,neutral,0.5752385854721069
asi es confio en ti,6971979805656040454,taekookesrealylaqueso,10,7654307945920611073,7641739077817044244,0,,False,K,K1.ndjson,positive,0.6538558006286621
Votaré por ti keiko,56604688229351424,morenadeoro17,24,7643855198310155016,7641739077817044244,0,,False,K,K1.ndjson,positive,0.663270115852356
Escucharte hablar me llena de orgullo como mujer confiamos en ti eres madre luchadora,7278151197664330798,dianett5,1,7663714175424168717,7641739077817044244,0,,False,K,K1.ndjson,positive,0.9529257416725159
Vamos. Keiko. Con. Todo 🥰,7355719051556078597,miguel.mansilla974,16,7643551743167873809,7641739077817044244,0,,False,K,K1.ndjson,positive,0.7034379839897156
Y tu familia también 😂😂,7071445074266539013,magicprincessmia,2,7655046933673575186,7641739077817044244,7654618995354682119,7.654618995354682e+18,True,K,K1.ndjson,positive,0.5136861801147461
con tu prosor ..de verdad que ahora sí trabajará y no andará de sindicalista,7537064548647470100,user41185000287523,0,7656872694356607764,7641739077817044244,7654618995354682119,7.654618995354682e+18,True,K,K1.ndjson,negative,0.5642094016075134
Con tu vieja,6953439737910887429,tefscc18,0,7656617590505112336,7641739077817044244,7654618995354682119,7.654618995354682e+18,True,K,K1.ndjson,neutral,0.44286271929740906
Bruta,7091116669632103429,elizabethterroneoyarse,0,7656293517715981077,7641739077817044244,7654618995354682119,7.654618995354682e+18,True,K,K1.ndjson,negative,0.5855703949928284
alpaca 👌,7392439750663341061,karla.fiorella.cn,1,7654814884085990165,7641739077817044244,7654618995354682119,7.654618995354682e+18,True,K,K1.ndjson,neutral,0.47245484590530396
con cerrón y sanches mametaaaa,6774561808616276997,pilymar5,1,7654745642106929941,7641739077817044244,7654618995354682119,7.654618995354682e+18,True,K,K1.ndjson,positive,0.44462069869041443
Dios te acompañe y fortalezca,7520696285088498696,roxysiguas1,0,7655594514220106503,7641739077817044244,7655503033380897556,7.655503033380898e+18,True,K,K1.ndjson,positive,0.8344946503639221
entonces fuistes un bbrroo,7162896806258377734,user7631377730375,3,7644367615939691285,7641739077817044244,7644312308764148500,7.644312308764149e+18,True,K,K1.ndjson,positive,0.4901501536369324
me alegro que cambiaste de pensamiento...bievenido a la.libertad,7593755246960034838,cris.montes893,1,7657320498137301782,7641739077817044244,7644312308764148500,7.644312308764149e+18,True,K,K1.ndjson,positive,0.8088275790214539
lo dice un sicar,7042546860699911173,luisramirez81165,1,7660401930125116180,7641739077817044244,7660130840249205522,7.660130840249206e+18,True,K,K1.ndjson,positive,0.38432055711746216
"Comienze ud, esrudiando y trabajando honestamente. Sin resentimiwntos ni pesimismo.",6956982166149891078,jess2021rr,0,7660444167818625799,7641739077817044244,7660130840249205522,7.660130840249206e+18,True,K,K1.ndjson,neutral,0.4673554599285126
No,6953439737910887429,tefscc18,0,7656617644897157889,7641739077817044244,7656302802000331541,7.656302802000332e+18,True,K,K1.ndjson,neutral,0.5063695907592773
vamos Keiko,7537163029429224455,elizabeth.monica05,0,7664337612991382290,7641739077817044244,0,,False,K,K1.ndjson,positive,0.6336121559143066
Ojalá q no sea puro floro,7277378851675702277,maria.alegre7,1,7657725028566008584,7641739077817044244,0,,False,K,K1.ndjson,neutral,0.7539535760879517
Soñar no cuesta nada,7433160627118064645,user1549495258106,1,7658765815030547207,7641739077817044244,0,,False,K,K1.ndjson,neutral,0.4062229096889496
vamos keiko conple por favor,7039816481727890437,silviaccasa,9,7660130440502805264,7641739077817044244,0,,False,K,K1.ndjson,positive,0.6249114274978638
🙌🏼dios te escuche,7188278506286318598,yesseniajuarez06,9,7660236097548698385,7641739077817044244,0,,False,K,K1.ndjson,positive,0.44785982370376587
Se ke cumplirás presidenta,7227927473785619461,luisito9954,1,7655918431099519765,7641739077817044244,0,,False,K,K1.ndjson,positive,0.7396461367607117
Dios te ayude a logras todo lo que ofreces en el nombre de cristo amen,7634626106854802448,close.sale.bp,9,7643603285215036177,7641739077817044244,0,,False,K,K1.ndjson,positive,0.73174649477005
"Esperemos que Keiko cumpla con su palabra, Dios le ayude para gobernar nuestro pais",7299676824518837253,luciaperezalvarad,10,7654953421665059602,7641739077817044244,0,,False,K,K1.ndjson,positive,0.459017276763916
"el primer paso era elegirte como presidenta, ahora te toca cumplir con tus problemas y tenemos la fé que si lo harás",7203529906700747781,francsgvas7,7,7660284989161882389,7641739077817044244,0,,False,K,K1.ndjson,positive,0.6758719682693481
que así sea Keiko solo cumple con tu palabra y eso hablara bien de ti,7425009294057866245,user947680068409,4,7655747591720403729,7641739077817044244,0,,False,K,K1.ndjson,positive,0.4328489899635315
👏👏👏👏👏👏🙏🙏muy bien presidenta 🫶🫶🍀🍀,6792744513171506182,vilmasajami,4,7660539712990921490,7641739077817044244,0,,False,K,K1.ndjson,positive,0.7084542512893677
claro que sí Keiko presidenta a derrotar a la delincuencia al extorsionadores 🥰🥰🥰,7585719987671974929,celia.cruz3133,1,7662460429458506517,7641739077817044244,0,,False,K,K1.ndjson,positive,0.5764951109886169
pon en alto el apellido del mejor presidente del Perú,7489697231063417857,edwin.fernandez1462,1,7658874342479364884,7641739077817044244,0,,False,K,K1.ndjson,positive,0.7290252447128296
asi es presidenta Keiko,7087364823944479746,edgarbyrondelgado,1,7658807497834955538,7641739077817044244,0,,False,K,K1.ndjson,positive,0.740509033203125
bien carajoo,6928603775859344389,sanderchh,6,7658082677194572560,7641739077817044244,0,,False,K,K1.ndjson,positive,0.47876235842704773
"Keiko honorable dama, presidenta del Perú",7083621313411138566,jugsan37,8,7644997838464729863,7641739077817044244,0,,False,K,K1.ndjson,neutral,0.46937984228134155
"he sido anti Keiko, pero si hace las cosas bien me pongo el polo naranja y la apoyaré así se reelija, siempre que todo marche bien.",6788989661203284997,beaglegiambella,3,7660675899168441095,7641739077817044244,0,,False,K,K1.ndjson,neutral,0.5889245271682739
vamos Keiko estoy contigo y todo el Perú 🤗,7659849396397966357,freddy.torres250,4,7659998863450227477,7641739077817044244,0,,False,K,K1.ndjson,positive,0.8204646110534668
"bueeee
ya gano, lo único que importa es seguridad.",7100456833714177029,jocesin19,3,7660219399304397589,7641739077817044244,0,,False,K,K1.ndjson,positive,0.5692472457885742
me recuerda a su papi el mejor Presidente Alberto Fujimori🥺🫶🏻lo ví así una vez en mi Pueblito aledaño🥺,6791219170984150021,dchipana9194,5,7654846101716222738,7641739077817044244,0,,False,K,K1.ndjson,positive,0.6795521974563599
asi se dice presidenta☺️,7415344163220259846,vanessadelgado729,3,7657747129393234695,7641739077817044244,0,,False,K,K1.ndjson,positive,0.6221894025802612
Por eso voté por ti keiko confío en ti desde el extranjero,6762475080045822981,trujillo_1401gmai,5,7657289676093768451,7641739077817044244,0,,False,K,K1.ndjson,positive,0.5496755838394165
lo dijo con coraje le creo ala señora keiko🥺,7079527038470833158,julid213,3,7660258147701785364,7641739077817044244,0,,False,K,K1.ndjson,negative,0.5611580014228821
Espero q así sea,293630785784528896,carlosalbertodion,2,7657279020161598230,7641739077817044244,0,,False,K,K1.ndjson,positive,0.7354235053062439
,7097787680977781765,djbass90,11,7641764843871060752,7641739077817044244,0,,False,K,K1.ndjson,positive,0.4405459761619568
será IA??,7058664524991366150,juancjwctzw,1,7662476952833639186,7641739077817044244,0,,False,K,K1.ndjson,neutral,0.41360270977020264
Dios te escucha 🙏 KEIKO PRESIDENTA 🙏,7418661794053325857,gpc0022,15,7654617512935965462,7641739077817044244,0,,False,K,K1.ndjson,positive,0.6418449282646179
💪💪 claro que sí Keiko presidenta,6990117101205783557,lvh19942,1,7656101503572558612,7641739077817044244,0,,False,K,K1.ndjson,positive,0.8249136805534363
mi presidente keyko,7476089440625165328,marcia.congora,3,7643795652996055825,7641739077817044244,0,,False,K,K1.ndjson,positive,0.5102919936180115
"vamos Keiko , tus naranjitas estamos presentes 🥰",6840177334999008261,medalitrb,1,7659997726897947410,7641739077817044244,0,,False,K,K1.ndjson,positive,0.7664589285850525
así será kaiko presidente bendiciones 🙏,7344534706929894406,nelly.valerio.zar,22,7643629485715424018,7641739077817044244,0,,False,K,K1.ndjson,positive,0.7638079524040222
👏👏👏 bravo Keiko,6932157287713178629,juliadiazcadillo,0,7665179950514111252,7641739077817044244,0,,False,K,K1.ndjson,positive,0.7724208831787109
muy bien mi presidente keiko,6999469275245495301,tienda_isabel,7,7655869317297275669,7641739077817044244,0,,False,K,K1.ndjson,positive,0.7127835154533386
yo voy a votar por Keiko eres la voz y eres valiente,7275944542472651781,mariposavuela72,3,7644017952156631815,7641739077817044244,0,,False,K,K1.ndjson,positive,0.9192456007003784
KEIKO PRESIDENTE 💪💪,6807154326437741573,yicelarosario,8,7643309375498879765,7641739077817044244,0,,False,K,K1.ndjson,positive,0.4065031409263611
Cloro que si mi presidenta eres una mujer valiente fuerte 💪💪💪💪💪✨💫,6995680266556965894,nietoayalaclara,1,7660670863415313159,7641739077817044244,0,,False,K,K1.ndjson,positive,0.95116126537323
si ella es la jefa,6961595576024007685,katzumy96,2,7644539015227900692,7641739077817044244,0,,False,K,K1.ndjson,positive,0.8383512496948242
ojalá lo cumplas Keiko para vivir tranquila,7656189328896410645,mariaselasalazarr,1,7658468158973461249,7641739077817044244,0,,False,K,K1.ndjson,neutral,0.6544792056083679
Bien Keyco,7087688969454699526,susyzegarra448,1,7658425796323787521,7641739077817044244,0,,False,K,K1.ndjson,neutral,0.5072044730186462
té creo Keiko,7654986199124444178,teodoro.tito2,1,7658045850107167509,7641739077817044244,0,,False,K,K1.ndjson,positive,0.43378621339797974
keyko presidenta del peru,6982404986328171525,guicher_maman,1,7656307484629517074,7641739077817044244,0,,False,K,K1.ndjson,positive,0.5913496613502502
bien sra Keiko Fujimori presidenta del Perú bendiciones 🙏 yo savia que ibas a ganar,7432178707396559878,gregoria.calderon2,3,7657285280601391890,7641739077817044244,0,,False,K,K1.ndjson,positive,0.49650776386260986
vamos Keiko vamos,7422376851610108933,norma.molina.suic,2,7643884071726400263,7641739077817044244,0,,False,K,K1.ndjson,positive,0.7579473853111267
🥰🥰🥰🥰🥰🥰KEIKO PRESIDENTE,7357454329437176837,crisreyes575,5,7644935590705677074,7641739077817044244,0,,False,K,K1.ndjson,neutral,0.41073352098464966
bien keiko cumplas tus promesas,7441664598711092280,user13915340946545,3,7654594826168042248,7641739077817044244,0,,False,K,K1.ndjson,positive,0.38925987482070923
muy bien mi presidenta Keiko Fujimori vamos cuenta con los que confiamos en ti🥰🥰😇,7047169619396264966,arlita254,4,7656510361662800661,7641739077817044244,0,,False,K,K1.ndjson,positive,0.5491721034049988
Que así sea KEIKO confiamos en ti 👏👏👏👏,7502940734505845792,leonor.villacorta8,2,7660540204508283670,7641739077817044244,0,,False,K,K1.ndjson,positive,0.7130914330482483
si Keiko mi voto es porti,7278539421300802566,keka8557,5,7643365858026242837,7641739077817044244,0,,False,K,K1.ndjson,positive,0.6466796398162842
vamos Fuji...dios te bendiga mi Keiko ...mi presidenta ....👍😎😎,7052253761972470789,walteraranibarrom,3,7660549196621792022,7641739077817044244,0,,False,K,K1.ndjson,positive,0.8307380080223083
así..con firmeza...es la actitud... vamos Perú,7563132909806437432,jos936315,2,7660722723333128981,7641739077817044244,0,,False,K,K1.ndjson,positive,0.7515918016433716
,6783869940819592197,soyroxanatealdi,2,7660317643962925842,7641739077817044244,0,,False,K,K1.ndjson,positive,0.4405459761619568
La diferencia entre keiko y Sánchez es que keiko tiene una propuesta ya plasmada y más firme por el otro lado solo escucho insultos y ataques,7231780285221487622,jhordanjblp,9,7643597028132913940,7641739077817044244,0,,False,K,K1.ndjson,negative,0.6780869960784912
Todos tenemos que coperar. entre mas unidos mas fuerte somos🇵🇪💪vms a mejorar a nuestro peru!!!,6986592207345402882,hatsumi.95,2,7659568616349860616,7641739077817044244,0,,False,K,K1.ndjson,positive,0.8514664173126221
"bien dicho Keiko,te apoyo pero no defraudes",7025058893828146181,jacquelinerojas820,4,7654585456194339602,7641739077817044244,0,,False,K,K1.ndjson,positive,0.7188376188278198
asi es mi presidenta valiente y guerrera,7642158374519489557,user9805523638502,2,7658146855961101063,7641739077817044244,0,,False,K,K1.ndjson,positive,0.8802659511566162
ojala seria un milagro😳,6864733447207502854,user199668400,0,7660556249625035541,7641739077817044244,7660539712990921490,7.660539712990922e+18,True,K,K1.ndjson,positive,0.5914655327796936
👏👏👏👏,7466525924370318368,margarita.huaman04,0,7657296473969525526,7641739077817044244,7643884071726400263,7.643884071726401e+18,True,K,K1.ndjson,neutral,0.597958505153656
VAMOS KEIKOOO,6693683036619359238,esperanzalaguname,1,7645726910064083719,7641739077817044244,0,,False,K,K1.ndjson,positive,0.7985591888427734
Keiko presidenta,7471037223157728272,luz46936,1,7644050183940653832,7641739077817044244,0,,False,K,K1.ndjson,positive,0.383181631565094
Asi se habla PPRESIDENT@,7041431268978951174,florangelicaventu,1,7645804122399195925,7641739077817044244,0,,False,K,K1.ndjson,neutral,0.5463107228279114
Vamos keiko tu eres la voz del pueblo,6906992285880550406,carmenalejo22,1,7644923666535449351,7641739077817044244,0,,False,K,K1.ndjson,positive,0.8285703659057617
cumple porfavor yo creo en ti también en la pampa en madre de dios,7588310952426308615,velu.berno,1,7659584256524550929,7641739077817044244,0,,False,K,K1.ndjson,positive,0.7416813969612122
claro d3sde el primer día hadl9 acaba,7307486958425654277,mariapinocordova7,0,7654315645194273552,7641739077817044244,0,,False,K,K1.ndjson,neutral,0.6042835116386414
Keiko.Predidenta,7543343151689155592,giselapardo26,1,7644605361891541767,7641739077817044244,0,,False,K,K1.ndjson,positive,0.517500102519989
yo le creo,7042339243193451526,diegovelez19894,1,7655537960733672210,7641739077817044244,0,,False,K,K1.ndjson,positive,0.4352981448173523
si lo creo yo keiko presidenta,7393795972960306181,licita043,1,7646980313730007829,7641739077817044244,0,,False,K,K1.ndjson,positive,0.6494356989860535
Dios le de sabiduría para que haga las cosas bien,7625361449522988052,leslie.vanessa.de,1,7660290064811131668,7641739077817044244,0,,False,K,K1.ndjson,neutral,0.7605000734329224
así será echo está Keiko precidente,7541837976935154696,luz.marina.silva48,1,7655297466389529362,7641739077817044244,0,,False,K,K1.ndjson,neutral,0.42485687136650085
Muy bien. señora. keyko presidenta del peru,6982404986328171525,guicher_maman,1,7656307599566586631,7641739077817044244,0,,False,K,K1.ndjson,positive,0.5484424233436584
vamos Keiko devuelve la confianza demuestra al Perú que estábamos equivocados,7322965773738542085,lorena.alania.nav,1,7660204687186969361,7641739077817044244,0,,False,K,K1.ndjson,negative,0.6740465760231018
viva keyko,7619901510877217812,fredy.cabello15,3,7643550196902691605,7641739077817044244,0,,False,K,K1.ndjson,positive,0.5524635314941406
Veo a mucha gente inteligente por acá q votó por Keiko 🤩,6515089242677318656,humpire_sandra2000,2,7660509383403422484,7641739077817044244,0,,False,K,K1.ndjson,negative,0.47387242317199707
bien Keiko !!! demuestra quien tiene los pantalones bien puestos!!!,6823388377368331270,karlafabc,1,7660732390025986837,7641739077817044244,0,,False,K,K1.ndjson,negative,0.6246501803398132
tienes la fuerza y capacidad para lograr objetivos,7587873119676531724,omarloayza66,3,7656956175464153877,7641739077817044244,0,,False,K,K1.ndjson,positive,0.8457748293876648
Muy bien Keiko confiamos en ti,7615832003585967122,ivanabrzic,2,7655902847624102674,7641739077817044244,0,,False,K,K1.ndjson,neutral,0.42401883006095886
Dios te escuche y. te bendiga con sabiduría ...cumple,7205197852523332613,marisolcohaespino,2,7657431008992756502,7641739077817044244,0,,False,K,K1.ndjson,positive,0.6832157373428345
,6964840238997947398,erikagutierrez2604,8,7642223525020975890,7641739077817044244,0,,False,K,K1.ndjson,positive,0.4405459463596344
Dios te bendiga siempre mi presidenta 🙏,7464331865090163718,user3096832061721,2,7657639973021795092,7641739077817044244,0,,False,K,K1.ndjson,positive,0.9329802393913269
bien keyko presidenta,7332915688023540741,cleofe.sosa,2,7657341439059542802,7641739077817044244,0,,False,K,K1.ndjson,neutral,0.4923337996006012
vamoz kzm,6759301400872027142,francitoperu,2,7659854377616966420,7641739077817044244,0,,False,K,K1.ndjson,positive,0.5574691891670227
que sea la prioridad y la salud también,7203820675302540294,julionavarro2026,5,7643518693377786644,7641739077817044244,0,,False,K,K1.ndjson,positive,0.646009624004364
q dios te escuche y q se cumpla,7523108596554155028,user43105766171916,2,7660107821425361671,7641739077817044244,0,,False,K,K1.ndjson,positive,0.5121002793312073
vamos keico,7399008092991783942,rosario13692,9,7644575208725365524,7641739077817044244,0,,False,K,K1.ndjson,positive,0.7199981808662415
Keiko presidente,6966074608454861829,franck72._,6,7643569110211658512,7641739077817044244,0,,False,K,K1.ndjson,neutral,0.41073331236839294
Ojalá gane keiko 😭,6856527057820582917,azurelunacyy,7,7643945527084385041,7641739077817044244,0,,False,K,K1.ndjson,positive,0.4852689206600189
bien mi prwsidwntaa,7106562594840462342,_julissaa5,3,7657278093958218518,7641739077817044244,0,,False,K,K1.ndjson,positive,0.507153332233429
,7183434352478635014,fabiola36381,8,7641768555282154248,7641739077817044244,0,,False,K,K1.ndjson,positive,0.4405459463596344
Keiko presidenta,7646908011637802004,freddyjesussalome0,3,7656146812797436673,7641739077817044244,0,,False,K,K1.ndjson,positive,0.3831816017627716
,7324723294853891077,manuela.ocampo11,5,7642048146205819655,7641739077817044244,0,,False,K,K1.ndjson,positive,0.4405459463596344
"la, ATU También",7385342350803387398,hector.david.hern01,0,7665168688920691474,7641739077817044244,0,,False,K,K1.ndjson,positive,0.5132145881652832
Así sea,6857005893511906309,alexiealexie0,0,7663643664069575438,7641739077817044244,0,,False,K,K1.ndjson,neutral,0.4343487620353699
Yo solo digo ver para creer que del dicho al hecho hay mucho trecho y si es cierto que Dios te ayude he ilumine tu camino y que ayudes mucho a los más pobres y nunca los abandones y todo quede en palabras nada más.,7174859370756424710,natypalacios55,0,7663541995519886097,7641739077817044244,0,,False,K,K1.ndjson,positive,0.5375719666481018
si keiko mi presidenta🥰,7581542631667450896,marilucervantes34,1,7643656453254071061,7641739077817044244,0,,False,K,K1.ndjson,positive,0.7840842008590698
Que bueno,7542289245802054661,nelly.sinche8,0,7664046176845431572,7641739077817044244,0,,False,K,K1.ndjson,positive,0.4608303904533386
bien dicho Keiko,7457747000299308037,madeleineingridso1,1,7644590947151151888,7641739077817044244,0,,False,K,K1.ndjson,neutral,0.6308145523071289
vamos Keiko carajo,6683459647008146437,janetriverq,1,7643616389999330069,7641739077817044244,0,,False,K,K1.ndjson,positive,0.5864882469177246
ya cariño estoy soltero,7008331925375730693,aguilu22,1,7661050343397671701,7641739077817044244,0,,False,K,K1.ndjson,neutral,0.5584188103675842
Con fe en Dios es todo,7030626649809830917,aviation.we,1,7644369027013280520,7641739077817044244,0,,False,K,K1.ndjson,positive,0.8665218949317932
"Ojalá ojalá ojalá, amén que así sea!!!! 😭😭😭😭😭",7477931852255364102,antonella.chavez50,1,7658854487012164359,7641739077817044244,0,,False,K,K1.ndjson,positive,0.7308146953582764
Que Dios me la cuide a la presidenta Keiko en el nombre de Jesús Amén!,7367776856756667398,carlos.vargas.pel,1,7659989342144529172,7641739077817044244,0,,False,K,K1.ndjson,positive,0.6417056322097778
Eso es mi keyko 🥰🥰🥰,7599813899744281621,libia.pinedo.luna2,9,7660289231150940936,7641739077817044244,0,,False,K,K1.ndjson,positive,0.9078189134597778
"muy bien dichoooo para poder vivir en paz
Keiko Presidenta",6758133753594446853,elenajaramillo,7,7655527805983179540,7641739077817044244,0,,False,K,K1.ndjson,positive,0.7228478789329529
"claro que sí , tu puedes KEIKO",7373852651853923333,flor.garay.huaman,6,7643654649258181394,7641739077817044244,0,,False,K,K1.ndjson,positive,0.9079666137695312
Me siento a salvo contigo keiko,7546988146647385095,renatapolar,6,7655570292940653319,7641739077817044244,0,,False,K,K1.ndjson,positive,0.6887128353118896
Cumple con tu palabra keiko nosotros vamos a votar por ti,7377010631205651462,patrickmartinez626,3,7646173934945190664,7641739077817044244,0,,False,K,K1.ndjson,positive,0.6731868386268616
Vamos keiko presidenta,6879153087383733253,patriciacondoridelacruz,4,7643502127213921044,7641739077817044244,0,,False,K,K1.ndjson,positive,0.734592080116272
Keiko precidenta,6909068151625106438,angelina..226,2,7655092876241961745,7641739077817044244,0,,False,K,K1.ndjson,positive,0.46347498893737793
bien keiko vamos keiko,7498940368449782801,norma.toledo.etsa6,2,7654657009845568263,7641739077817044244,0,,False,K,K1.ndjson,positive,0.6693727970123291
No nos defraudes Keiko❤️❤️,6776756700637791237,paolameza97,1,7660660187820802838,7641739077817044244,0,,False,K,K1.ndjson,negative,0.6729708313941956
bien Keiko tu si lo aras,7589824326352061496,felipe.tovar984,3,7643931588288398087,7641739077817044244,0,,False,K,K1.ndjson,positive,0.5173318982124329
Confío que si lo hará,6803870445450281990,veronica.qc,3,7643529878906340116,7641739077817044244,0,,False,K,K1.ndjson,positive,0.4622310400009155
vamos Keiko confío en ti,6794510102629745670,veronicasanchezvi7,1,7660141650374853397,7641739077817044244,0,,False,K,K1.ndjson,positive,0.7646220922470093
OKEY KEYKO FUJIMORI MUCHA PALABRERIA QUEREMOS ECHO Y NO PALABRAS,7500761642402661393,jick.7_,0,7662418250563453704,7641739077817044244,0,,False,K,K1.ndjson,negative,0.4870295226573944
"después que cumple los 5años ,, votó de nuevo 5 años más",7326324719732802566,zoila.consuelo6,0,7662575188555154197,7641739077817044244,0,,False,K,K1.ndjson,neutral,0.6893603205680847
Pero no nos quiten AFP,7267658442160210949,sara.milagro.leva,0,7662398320295953170,7641739077817044244,0,,False,K,K1.ndjson,neutral,0.460470974445343
,7301515538916213766,evapecas,0,7661049915812856597,7641739077817044244,0,,False,K,K1.ndjson,positive,0.4405459463596344
que buena noticia,7504703124265010181,miguel.angel.fv,0,7662500384438797072,7641739077817044244,0,,False,K,K1.ndjson,positive,0.9081279635429382
ver para creer,7648758059759076368,user9743107800030,0,7662487530230645522,7641739077817044244,0,,False,K,K1.ndjson,neutral,0.5151825547218323
,7064437586181850118,maritzaguelaccrio,0,7661096593331929874,7641739077817044244,0,,False,K,K1.ndjson,positive,0.4405459463596344
Claro q confío en ti Keiko.,6884419068154381317,user4457613334060,0,7662454269291758344,7641739077817044244,0,,False,K,K1.ndjson,positive,0.5621168613433838
,7560107219086296084,elizabeth.medina976,0,7661138291304006421,7641739077817044244,0,,False,K,K1.ndjson,positive,0.4405459463596344
vamos,7655579406607500306,.angel.alonso,0,7662917190354846482,7641739077817044244,0,,False,K,K1.ndjson,positive,0.43039947748184204
ojalá,6913685000396686342,mayelaespinozadelacruz,0,7662929740978995976,7641739077817044244,0,,False,K,K1.ndjson,neutral,0.5652466416358948
,7510582386393236485,el.j661,0,7661751697090642708,7641739077817044244,0,,False,K,K1.ndjson,positive,0.4405459463596344
Amén gracias señor,7371303948672631814,rosario.pere0,0,7662504705001014036,7641739077817044244,0,,False,K,K1.ndjson,positive,0.7560911178588867
Espero que así sea . No estuve de acuerdo con ninguno de los dos candidatos .,6816459733870314502,ami_21_07,1,7655497845411185430,7641739077817044244,0,,False,K,K1.ndjson,neutral,0.45112574100494385
"vamos keiko diosito té ara ganar,🙏",7262575400847524869,ana.bonilla.saba,3,7643938762480829185,7641739077817044244,0,,False,K,K1.ndjson,positive,0.804925799369812
Keiko presidenta,7245450822967542790,milagros.rocio41,3,7643858714696745749,7641739077817044244,0,,False,K,K1.ndjson,positive,0.3831813335418701
,7339398784797377542,envos.store,3,7643670384098181909,7641739077817044244,0,,False,K,K1.ndjson,positive,0.4405459463596344
"Dios te escuche , mi presidenta , que Dios te bendiga .",7453922942058120198,victor.vera888,1,7658077868115133204,7641739077817044244,0,,False,K,K1.ndjson,positive,0.805794358253479
bamos keiko vamos,6857277786450396166,carloscalderoncrispin,1,7657923501769458452,7641739077817044244,0,,False,K,K1.ndjson,positive,0.8654794096946716
,6832397156457300998,jugodefresaa2,0,7660979443557483285,7641739077817044244,0,,False,K,K1.ndjson,positive,0.4405459463596344
La wb es,7347500162027176965,user2494761833558,0,7643503111793935122,7641739077817044244,0,,False,K,K1.ndjson,negative,0.9201979041099548
que Dios te bendiga y te proteja 🙏🙏🙏,6871422764185633798,rosacuzcano0,0,7660986913214677767,7641739077817044244,0,,False,K,K1.ndjson,positive,0.8222254514694214
,6859976330042393606,acuario_069,0,7660949666062435093,7641739077817044244,0,,False,K,K1.ndjson,positive,0.4405459463596344
vamos keiko,6812841921334838278,ynesmarisolcallepelaez,1,7643882040030970645,7641739077817044244,0,,False,K,K1.ndjson,positive,0.6336122751235962
VAMOS KEYKO,7507058215457817608,hernn.mamani.llung,1,7657321069510673168,7641739077817044244,0,,False,K,K1.ndjson,positive,0.659295916557312
comienza YA ....mi PRESIDENTA 🪷,7011987586877490182,dancy..zita,1,7655337554338562837,7641739077817044244,0,,False,K,K1.ndjson,positive,0.6306082606315613
KEIKO PRESIDENTA 🥰🥰,7313346719172690950,jenny.pc77,1,7643560081858577172,7641739077817044244,0,,False,K,K1.ndjson,positive,0.47871002554893494
viva mi keiko,7241988830146954246,hormecindachavezv,1,7655160987172471572,7641739077817044244,0,,False,K,K1.ndjson,positive,0.7899865508079529
Excelente,6876609336691704837,gerard_pm,0,7662443119233237778,7641739077817044244,0,,False,K,K1.ndjson,positive,0.5921979546546936
vamos keiko,7033617211236353029,perezj1232,1,7657349597661758228,7641739077817044244,0,,False,K,K1.ndjson,positive,0.6336122751235962
asi sera mi voto es tuyo😁,7114834103304569862,akira_dali,2,7643964361376187154,7641739077817044244,0,,False,K,K1.ndjson,positive,0.8313758969306946
keiko presidente 🧡,6790514305663271942,jessyalarcondias,2,7647724027775599377,7641739077817044244,0,,False,K,K1.ndjson,positive,0.40650323033332825
Ella lo haraaaa 🌹🌹🌹,7062591768797398022,nikellale83,2,7643210281587016469,7641739077817044244,0,,False,K,K1.ndjson,positive,0.6691293120384216
Te creo,7150871181481264134,musito19,1,7656796035994469141,7641739077817044244,0,,False,K,K1.ndjson,neutral,0.45296478271484375
eso keremos 👍,6868390760767013889,strawberr_120512,1,7655918601887499026,7641739077817044244,0,,False,K,K1.ndjson,positive,0.7157018780708313
bamos keiko,7073669784067589125,mercedesmerino28,2,7644595672075715329,7641739077817044244,0,,False,K,K1.ndjson,positive,0.7296698689460754
WUIIIIIIIIIIIIIII 👏👏👏👏👏👏 AMÉN AMÉN 🇵🇪💪🇵🇪💪🇵🇪💪🇵🇪💪🇵🇪💪🇵🇪💪,7029945177184699398,evalerycjag,1,7655573181127213842,7641739077817044244,0,,False,K,K1.ndjson,positive,0.639586865901947
vamos keiko,7116229928606319622,juancarlosgonz751,2,7643916925244474132,7641739077817044244,0,,False,K,K1.ndjson,positive,0.6336122751235962
Así será con Keiko si cumple su palabra 🥰♥️🥰♥️🥰♥️🥰♥️🥰♥️🥰♥️🥰♥️,6890035919778284549,sandravictoriavillanueva,2,7643885376009224967,7641739077817044244,0,,False,K,K1.ndjson,positive,0.4820365905761719
keyco presidenta,7537060693633483783,zoila.herrera18,2,7643642691117892372,7641739077817044244,0,,False,K,K1.ndjson,neutral,0.4956056773662567
vamos Keiko !!!,7572620605041771538,ruby.gaela,1,7644538503308542728,7641739077817044244,0,,False,K,K1.ndjson,positive,0.7982132434844971
viva keikoo,7284400543886607366,saul.anco4,1,7645049013515141908,7641739077817044244,0,,False,K,K1.ndjson,positive,0.6772332787513733
KEICO PRESIDENTA.,7490346931806356535,amado4525,1,7654805127551124232,7641739077817044244,0,,False,K,K1.ndjson,positive,0.6562952399253845
bien Keiko..Keiko presidenta y punto,6832733865950397446,betoquispe04,1,7644016076934775573,7641739077817044244,0,,False,K,K1.ndjson,neutral,0.4837236702442169
Vamos Keiko 💪,6881826854102352901,caroclart,1,7643887316315112212,7641739077817044244,0,,False,K,K1.ndjson,positive,0.6962167620658875
Eso es todo lo q yo quiero lo demás me llega,7493384286805885958,teresa.enciso.arr,1,7643640878023951112,7641739077817044244,0,,False,K,K1.ndjson,positive,0.6141222715377808
te tengo fe votaré por tí keyko...,7301070336761709574,axelpaucar598,1,7643977989713265429,7641739077817044244,0,,False,K,K1.ndjson,positive,0.842166543006897
Creemos en ti keiko,6881712949980431365,lidiachevez2,1,7644026339506569992,7641739077817044244,0,,False,K,K1.ndjson,positive,0.7259985208511353
lee y sabrás. mabien el otro dice y no esta en el plan . ahi esta la diferencia,6987936097901282310,angelooruna,0,7643539405802406672,7641739077817044244,0,,False,K,K1.ndjson,neutral,0.7705236673355103
vamos Keiko,7120093118221419525,mariahm487,2,7643510388835386133,7641739077817044244,0,,False,K,K1.ndjson,positive,0.6336120367050171
Vamos keiko,214992513118715904,irmasarango,2,7643268951250912017,7641739077817044244,0,,False,K,K1.ndjson,positive,0.6336120367050171
vamos keiko,7507408361668527122,lucianita8040,2,7643169090035417874,7641739077817044244,0,,False,K,K1.ndjson,positive,0.6336120367050171
"no vote por ti, pero lo único que deseo es eso, Dios te ilumine y hagas todo bien por todos",6848051959996744709,yessyjcyessy,1,7654684237332890389,7641739077817044244,0,,False,K,K1.ndjson,positive,0.719167172908783
eso keiko muy bien,7043268992421495814,capi20466,1,7643693611733205780,7641739077817044244,0,,False,K,K1.ndjson,positive,0.6126410365104675
amén amén amén,7217567516376384518,yg.torres0,1,7645773199598764821,7641739077817044244,0,,False,K,K1.ndjson,positive,0.586364209651947
vamos keiko presidenta,6813851447747593221,nhvuikcgh,1,7644590131906888456,7641739077817044244,0,,False,K,K1.ndjson,positive,0.7345920205116272
"Dios Mediante, gane Keiko si cumplirá todo lo que dice🙏🙌🙌",7467200954665157649,moda.ayh,1,7644212967516439317,7641739077817044244,0,,False,K,K1.ndjson,neutral,0.6063905954360962
osea tú mismo,7370725339264222213,kancitomylove,1,7643478236308390664,7641739077817044244,0,,False,K,K1.ndjson,neutral,0.43469110131263733
Bieeeen dicho,7348263339996922885,uup__1,1,7643529901362676501,7641739077817044244,0,,False,K,K1.ndjson,positive,0.5437414050102234
BENDICIONES DE LO ALTO. KEIKO,7596919358464033812,mary.huillca43,1,7643707729501078293,7641739077817044244,0,,False,K,K1.ndjson,positive,0.7938206791877747
confiamos en tu persona sra Keico,6924469525867021318,marysayas_official,1,7643946668869649159,7641739077817044244,0,,False,K,K1.ndjson,neutral,0.4985489845275879
vamos keyko,7532747863630038033,elizabethmaleneri,1,7643548870765101831,7641739077817044244,0,,False,K,K1.ndjson,positive,0.6592957377433777
,7223934505868919814,yanely7866,1,7644005297296884500,7641739077817044244,0,,False,K,K1.ndjson,positive,0.44054603576660156
asi se habla Keiko presidenta.,7640579354314146837,renato.jimnez.roj,1,7643842145019036423,7641739077817044244,0,,False,K,K1.ndjson,positive,0.5112731456756592
Todos somos keiko como presidenta del peru 2026 🥰🥰🥰🥰🥰,7239404765128459270,luz.alberto.choque,1,7643625595306459924,7641739077817044244,0,,False,K,K1.ndjson,neutral,0.5262861251831055
,6959654439167673349,geno386,1,7643461471439225618,7641739077817044244,0,,False,K,K1.ndjson,positive,0.44054603576660156
asi es,7009603133220324358,user88002557811598,1,7643380033222443797,7641739077817044244,0,,False,K,K1.ndjson,positive,0.4780380129814148
Creo en usted señora keiko,7365872026831045638,adr_20.05,3,7660457165563953928,7641739077817044244,0,,False,K,K1.ndjson,positive,0.7633061408996582
el otro año sera,6893520460584354818,carlosalfredohuam89,0,7643480372366590738,7641739077817044244,0,,False,K,K1.ndjson,neutral,0.48079338669776917
😎buena keiko. no. temas,7398259225862931462,domingo.bellido.q,2,7660288579570893569,7641739077817044244,0,,False,K,K1.ndjson,positive,0.7078419327735901
Así se habla KEYKO //una guerrera,7118969692072641542,yoliayala818,1,7660222451725878036,7641739077817044244,0,,False,K,K1.ndjson,positive,0.8562860488891602
REALMENTE ME DA CONFIANZA VOTAR X KEIKO QUE MAS PODENOS PERDER,6853148052103693318,cazadorxsiempre,2,7643549499189936903,7641739077817044244,0,,False,K,K1.ndjson,negative,0.6609050631523132
China mi familia y yo votaremos por ti. Comunismo jamas,7307649832482178053,cris.villegas70,1,7643624904046822151,7641739077817044244,0,,False,K,K1.ndjson,positive,0.6914653182029724
KEIKO SEGURIDAD GARANTIZADA,7177971775043601413,lohamxd,1,7643316787509822228,7641739077817044244,0,,False,K,K1.ndjson,positive,0.6099774241447449
,7223934505868919814,yanely7866,1,7644005288643068692,7641739077817044244,0,,False,K,K1.ndjson,positive,0.44054585695266724
keiko presidenta,7531892472117871636,axx_nnvv,1,7643670427819836180,7641739077817044244,0,,False,K,K1.ndjson,positive,0.3831813931465149
KEIKO PRESIDENTA 🥰,7392931790358758406,marlenisupo,1,7643579581283746567,7641739077817044244,0,,False,K,K1.ndjson,positive,0.47870969772338867
keiko si podemos como lo iso tu padre que acabo con el terrorismo 👍,7243503929299584005,snarf122,0,7663935934568268564,7641739077817044244,0,,False,K,K1.ndjson,negative,0.4319644868373871
"el gobierno chino mato ase poco a 6 compatriotas solo por estafa,mato a su ministro de agricultura ase 6 meses por corrupción etc etc de casos,si keyco lo implamta saldríamos del sub desarrollo",7145255870775182342,0hugo1970,0,7663364016970449685,7641739077817044244,0,,False,K,K1.ndjson,negative,0.6460748314857483
Claro que así será keiko,7105515760206922757,cris.glxxs,0,7662813887243617044,7641739077817044244,0,,False,K,K1.ndjson,positive,0.7835555672645569
Otro Bukele carajo…te lo agradeceremos,7544029590227485697,isashimed_,0,7662608876239700752,7641739077817044244,0,,False,K,K1.ndjson,positive,0.8786931037902832
BIENNNNNNN KEYKO EL OERU MERECE PAZ Y LIS DELINCUENTES PA DENTROOOOOO Y Q TRABAJEN,7044244455386383366,susananononeponce,0,7662574297316623112,7641739077817044244,0,,False,K,K1.ndjson,negative,0.7809816002845764
"como existen personas que le creen
...",7402289082716111878,fiorella.stefanny,0,7662100224303203073,7641739077817044244,0,,False,K,K1.ndjson,negative,0.9508037567138672
ojalá que cumples tu palabra,7147226926707770373,vicentacamonesroj,0,7662579659688526612,7641739077817044244,0,,False,K,K1.ndjson,neutral,0.514434814453125
Confío en ti Keiko que harás un buen gobierno. 🙏🙏,253873108661563392,lucero.dl30,0,7661756677306237716,7641739077817044244,0,,False,K,K1.ndjson,positive,0.8393092155456543
Así se habla keiko manos duras para todos los delincuentes y los voladores y extorcionadores,6885741240328455169,estrellitadelsol,0,7662404172348195591,7641739077817044244,0,,False,K,K1.ndjson,negative,0.9441455006599426
por mi salud mental asumiré que es IA,6755278126400783366,paveluntiveros,0,7661512530225283848,7641739077817044244,0,,False,K,K1.ndjson,neutral,0.7339871525764465
desde cuándo,7439435746925626423,saudita70,0,7660896687872049928,7641739077817044244,0,,False,K,K1.ndjson,neutral,0.5747227668762207
Dios te cuide,7286660633172444165,turkesa.azul,0,7661756882478711570,7641739077817044244,0,,False,K,K1.ndjson,positive,0.6268693208694458
Dios te bendiga siempre,6980412844047533062,rutyrodrigues10,0,7661365401163219733,7641739077817044244,0,,False,K,K1.ndjson,positive,0.8612769246101379
es iA,7518482225257792520,lucio4159,0,7661223984919495425,7641739077817044244,0,,False,K,K1.ndjson,neutral,0.432685911655426
Dios te de sabiduría,6863985520244163590,user409191305720,0,7661144612270850836,7641739077817044244,0,,False,K,K1.ndjson,positive,0.46145522594451904
ex,7093567416772412421,violetacastroreye,0,7661093350287966992,7641739077817044244,0,,False,K,K1.ndjson,neutral,0.5266009569168091
Dios te bendiga y te de muchas fuerzas para seguir e ignorar a los que solo hablan por hablar ♥️,6530019065937794048,katinaliz1,0,7660994785046725397,7641739077817044244,0,,False,K,K1.ndjson,positive,0.7499633431434631
,7116649540007281670,felix.ar07,2,7642514157980582664,7641739077817044244,0,,False,K,K1.ndjson,positive,0.44054585695266724
es falso,7618713191175160852,marioanahua927,1,7660286128205693704,7641739077817044244,0,,False,K,K1.ndjson,negative,0.6187775135040283
No jures en vano.,7408896481002832902,user6187199008532,2,7643966700962185991,7641739077817044244,0,,False,K,K1.ndjson,neutral,0.6115278601646423
🙏🙏🙏,7420090709259305990,mary.barrueta.esp,0,7666675380619019016,7641739077817044244,0,,False,K,K1.ndjson,neutral,0.5979583263397217
👏👏👏👏👏💪💪💪💪💪🙏🙏🙏🇵🇪🇵🇪🇵🇪🇵🇪🇵🇪🇵🇪,7338249766260196358,isabelita4408,1,7660599131081474817,7641739077817044244,0,,False,K,K1.ndjson,neutral,0.5979583263397217
@Keiko Sofía bien mi precidenta 💛,6888695988299498502,miguelllatas1,1,7658469306812400392,7641739077817044244,0,,False,K,K1.ndjson,neutral,0.6101599931716919
💯💯💯💪💪💪🥰🥰🥰👏👏👏,6928170415240446981,rosibarcelona,1,7657841089264780054,7641739077817044244,0,,False,K,K1.ndjson,neutral,0.5979583263397217
"Como vas acabar con la delincuencia si todos las cárceles ya están lleno, yo no he escuchado de keiko decir va a construir cárceles?",7519955098358383622,felipefelipe6325,1,7655073674941530896,7641739077817044244,0,,False,K,K1.ndjson,negative,0.8207417130470276
que el sueldo suba para todo peruano,6964044267359814661,maria.estrada_83,1,7654781114984792840,7641739077817044244,0,,False,K,K1.ndjson,neutral,0.5844709277153015
😁😁😁😁😁😁😁😁😁😁😁😁😁😁😁😁😁😁😁😁😁😁😁😁😁😁,7443578870895395895,crema_sentimiento_10,1,7652880886655877906,7641739077817044244,0,,False,K,K1.ndjson,neutral,0.5979585647583008
🥰🥰🥰🥰🥰🥰🥰🥰🥰🥰🥰🥰🥰🥰,7443578870895395895,crema_sentimiento_10,1,7652880740842242823,7641739077817044244,0,,False,K,K1.ndjson,neutral,0.5979585647583008
❤️❤️❤️❤️❤️❤️❤️❤️❤️❤️❤️❤️❤️,7443578870895395895,crema_sentimiento_10,1,7652880693287174919,7641739077817044244,0,,False,K,K1.ndjson,neutral,0.5979585647583008
Necesitamos que disminuya la delincuencia y extorsiones.,6785503171285763078,zuleika_q.f_,1,7644276767020221192,7641739077817044244,0,,False,K,K1.ndjson,negative,0.4925183951854706
sólo por eso l voto,7025105824742966277,rafaelconcep,1,7643179807735890709,7641739077817044244,0,,False,K,K1.ndjson,neutral,0.5858981013298035
💪💪💪,7087314015923602437,esperanzallantoy,1,7647013301566489364,7641739077817044244,0,,False,K,K1.ndjson,neutral,0.5979585647583008
Tmb aumente las pensiones,7388978519793320965,georgina.mondrago,1,7642508731322598164,7641739077817044244,0,,False,K,K1.ndjson,neutral,0.5563543438911438
🧡🧡🧡🧡🧡💪💪💪💪,6823589390935704581,gioalexadiaz,1,7646469365765948167,7641739077817044244,0,,False,K,K1.ndjson,neutral,0.5979585647583008
👍,7373882768554394629,melani.chavez3,1,7646257148351087381,7641739077817044244,0,,False,K,K1.ndjson,neutral,0.5979585647583008
🥰🥰🥰,7476577558219244545,clarita1466,1,7645334259313410836,7641739077817044244,0,,False,K,K1.ndjson,neutral,0.5979585647583008
👍,7304113089100006406,marisoltorresalva41,1,7644724869066031889,7641739077817044244,0,,False,K,K1.ndjson,neutral,0.5979585647583008
😁,7027451667880854533,ayacucho2712,1,7644711701620015888,7641739077817044244,0,,False,K,K1.ndjson,neutral,0.5979585647583008
🙏,7471098919343768594,luisabellezaextrema,1,7644674282166076181,7641739077817044244,0,,False,K,K1.ndjson,neutral,0.5979585647583008
🧡🧡,7045688993371669509,lydes22,1,7644223339485905681,7641739077817044244,0,,False,K,K1.ndjson,neutral,0.5979585647583008
🥰🥰🥰,7225823441063494662,flor.pedraza4,1,7644030238376346369,7641739077817044244,0,,False,K,K1.ndjson,neutral,0.5979585647583008
😂😂😂,7330092320799540230,anne.cardenas,1,7643948576737198868,7641739077817044244,0,,False,K,K1.ndjson,neutral,0.5979585647583008
😭😭😭,6838454392153211910,gloriagonzales2002,1,7643889526922740498,7641739077817044244,0,,False,K,K1.ndjson,neutral,0.5979585647583008
🤣🤣🤣🤣🤣,6924860285526885381,magyluzccapa,1,7643882663237583624,7641739077817044244,0,,False,K,K1.ndjson,neutral,0.5979585647583008
❤️❤️❤️,7188183791465579526,user68118262425810,1,7643870779469267733,7641739077817044244,0,,False,K,K1.ndjson,neutral,0.5979585647583008
🙏🙏🙏,6982714952143832070,user83096598072228,1,7643620421233296145,7641739077817044244,0,,False,K,K1.ndjson,neutral,0.5979585647583008
🥰🥰🥰,7138188598565733381,milagritosavila.tiktok,1,7643606355244794631,7641739077817044244,0,,False,K,K1.ndjson,neutral,0.5979585647583008
✨,7267714528128222213,arenaparagatos0,0,7666239722843538192,7641739077817044244,0,,False,K,K1.ndjson,neutral,0.5979585647583008
Con tus leyes pro crimen que favorecen a criminales como tus kongresistas no creo. Porque no lo hiciste con tu mayoría en el congreso?,7534528679529399297,cholo_clips,0,7666139061946352401,7641739077817044244,0,,False,K,K1.ndjson,negative,0.8931851387023926
no jures,7494055575811769349,gabiescuderogalec,0,7666226186075308807,7641739077817044244,0,,False,K,K1.ndjson,neutral,0.5392447113990784
urgente seguridad orden no mas muertes,6934805152891618309,ander.gael.paucar,0,7665517535614157585,7641739077817044244,0,,False,K,K1.ndjson,neutral,0.44119036197662354
Entonces elimina tu ley pro crimen 👍👍👍👍👍👍👍👍👍👍,6726603063145284614,mariolatorrelopez,0,7664027962195084052,7641739077817044244,0,,False,K,K1.ndjson,neutral,0.5878213047981262
eso lo pusiste para asustarnos claro q lo calmaras por q ya lo conseguiste,6852866012715779078,evitaespiritu,0,7663626493968646929,7641739077817044244,0,,False,K,K1.ndjson,negative,0.6520529985427856
"si tú misma eres ,la patrona de ellos.",7661667296125912084,josewilberquispem,0,7663555723772019477,7641739077817044244,0,,False,K,K1.ndjson,negative,0.46912845969200134
🙏🙏🙏🙏🙏,7063620389637440517,chanel8124,0,7664010124574393096,7641739077817044244,0,,False,K,K1.ndjson,neutral,0.5979585647583008
te lo juro k si haces bien las cosas voy a decir k me equivoqué al jusgarte,7578615700329366529,jhancarlossalvado36,0,7662988262148375314,7641739077817044244,0,,False,K,K1.ndjson,negative,0.47366997599601746
Pobre gente...cayeron en su engaño,6894971019791303681,macphisto47,0,7662940801161216784,7641739077817044244,0,,False,K,K1.ndjson,negative,0.9521212577819824
"🥺Espero que así sea, porque no te imaginas vivir en un país con tanta delincuencia, no podemos estar en paz en ningún lugar.",6531342543840351247,blancorabae,0,7662887833603228437,7641739077817044244,0,,False,K,K1.ndjson,negative,0.8429245948791504
👍👍🙏😘🙏🏼💪💪👍👍🤣😘🙏🏼,6901071245581091845,margaritacastilloderequ1,0,7663247782400803592,7641739077817044244,0,,False,K,K1.ndjson,neutral,0.5979586839675903
"y a la gente la atenderan como seres humanos en los hospitales, comisarias , entidades del estado ??? uhmmm no te creo",7507973205341324306,christian.cardena0045,0,7662445970681316116,7641739077817044244,0,,False,K,K1.ndjson,negative,0.7420753836631775
❤️❤️❤️,7299271756355240965,rebecanorifo,0,7662545675439506194,7641739077817044244,0,,False,K,K1.ndjson,neutral,0.5979586839675903
🥰,7224881216419480581,roky1630,0,7662469175072834324,7641739077817044244,0,,False,K,K1.ndjson,neutral,0.5979586839675903
👏👏👏👏👏,6856169804912657414,naaray870,0,7662393223999406855,7641739077817044244,0,,False,K,K1.ndjson,neutral,0.5979586839675903
espero que hagas un buen gobierno El Perù lo necessità,7135201400221238278,rubendonatojanamp,0,7660985412056023816,7641739077817044244,0,,False,K,K1.ndjson,positive,0.8473740220069885
Keiko mucho cuidado con las designaciones de personas en el sector interior ....mucho cuidado .. la DINI ex SIN tiene la obligación de contrastar las referencias y antecedentes de quienes sean propuestos para cargos públicos,7263562369875133446,leito4768,0,7660959478946710288,7641739077817044244,0,,False,K,K1.ndjson,neutral,0.6031144261360168
🤔,7322917050505593861,user1218561297591,0,7661779969157677832,7641739077817044244,0,,False,K,K1.ndjson,neutral,0.5979586839675903
?,7056110631460455430,andreschirabarmovil,0,7660884228398301959,7641739077817044244,0,,False,K,K1.ndjson,neutral,0.5257088541984558
re sugiero cono????,7058726172071707653,daniel.sam3964,0,7643135376455353095,7641739077817044244,0,,False,K,K1.ndjson,neutral,0.5844603776931763
Se promete y no jurar.,7484344281101550612,osayda.lcf,0,7643297300064862983,7641739077817044244,0,,False,K,K1.ndjson,neutral,0.748218834400177
Dios de bendiga kaiko presidenta del Perú 🇵🇪,7194150393205834757,jose.mamani9266,0,7666419917470434068,7641739077817044244,0,,False,K,K1.ndjson,positive,0.4775562584400177
🥰🙏keiko mujer luchadora guerrera,7519947515161904134,teresa.chumacero82,8,7641807488936985362,7641739077817044244,0,,False,K,K1.ndjson,positive,0.8988720178604126
Así es china tu puedes,7334731719223198726,reyna.ccente.orti,7,7641989295523578645,7641739077817044244,0,,False,K,K1.ndjson,positive,0.9099465608596802
"Se debe acabar con el nuevo Terrorismo en forma de Sicariato y Extorsión! Debemos salirnos del pacto de San José para hacer lo que sea necesario para restablecer EL ORDEN! Lamentablemente no hay otra forma. Esas lacras no van a cambiar ni siquiera en la cárcel. Hay demasiadas vidas perdidas de gente trabajadora, de padres, hijos, gente que solo lucha por sus familias y los matan sin piedad ni compasión. ESO NO ES JUSTO!! Y DEBE CAMBIAR!",6964534729111471110,solfaves01,6,7641841534061789973,7641739077817044244,0,,False,K,K1.ndjson,negative,0.8754593729972839
cuente con el ejército ya es hora que salga a las calles x que la policía 🚓 ya no ahí confianza y no tienen el respeto,7347521803437343749,arturo.quiroga4,1,7658131946362553104,7641739077817044244,0,,False,K,K1.ndjson,negative,0.6204511523246765
mi voto es para ti Keiko los hombres que están en las cárceles de hijas mayores de 25 años no se debe permitir porque el hecho de ser mujer mienten no estudian ni trabajan porfavor ya no se permita la injusticia a padres humildes,7172722380787106822,user8384103775660,2,7643560895381291797,7641739077817044244,0,,False,K,K1.ndjson,negative,0.799898087978363
"keiko presidenta,mujer empoderada...",6916698353099817990,jackelineloorios,2,7642866605612942101,7641739077817044244,0,,False,K,K1.ndjson,positive,0.7654388546943665
hola buen día presidenta keiko toda la vida voté para tu padre fue el único el mejor presidente y super inteligente la derecha es bueno para el país tiene que ser mano dura yo soy cuartelado gracias a mi chino fue servicio obligatorio agradezco a mi presidente chino que descanse en paz desde que Mario me vine a Buenos Aires argentina ahora todo los extranjeros somos derecha Dios te bendiga mando un fuerte abrazo a la distancia mando un fuerte abrazo a mis padres dentro de un mes nos vemos familia Ayala valverde att willyala,7127348637138650118,willyayala315,1,7652615092458816277,7641739077817044244,0,,False,K,K1.ndjson,positive,0.9087040424346924
Así se habla mi china presidenta,6873660077589447682,ceci_ca37,1,7644000069909775122,7641739077817044244,0,,False,K,K1.ndjson,neutral,0.503335177898407
"ASI SE HABLA
MUJER EMPODERADA
ALGOVQUE LE FALTA A LOS IZQUIERDISTAS",7023175609048220678,sorprendemeamor,1,7643977165587710736,7641739077817044244,0,,False,K,K1.ndjson,negative,0.6739969253540039
vamos 💪 mi china eres la unica opción,7107115363598402565,chio01692,1,7644322193430397714,7641739077817044244,0,,False,K,K1.ndjson,positive,0.8217518329620361
mi china con todo,7285745100330976261,narcypulacheruiz,1,7643621524621099784,7641739077817044244,0,,False,K,K1.ndjson,positive,0.7579028606414795
yo lo veo que hace más teatro si estamos así es por no dejar gobernar a los anteriores presidente dejo ala deriva el puesto de presidente que conchuda,7117905864284013573,guillermofabian75,0,7661797751898915591,7641739077817044244,0,,False,K,K1.ndjson,negative,0.7973537445068359
Tú puedes Keiko tu padre nos quito a los terroristas Dios mediante que nuestro país necesita más tranquilidad y sin delincuencia ❤️,7304653018938819616,rubinails.3,0,7661199602570511126,7641739077817044244,0,,False,K,K1.ndjson,positive,0.48160791397094727
vamos china,7603516711404635157,kathaleya1866,0,7662011592699642632,7641739077817044244,0,,False,K,K1.ndjson,positive,0.4639012813568115
"ACA EN HUARA ando con mi celular mñn tarde y noche lima da miedo saca celular y desaparece con humo, por esa gente da miedo vive con temor, CUANDO UN SERRANO VA AHI PIENSA QUE SERA COMO Nuestras CIUDADES PERO NO AHI FULL DELICUENTES Y SEGUN ELLOS AVISPADOS 🤣",6957432866927068165,edgarespinoza14,0,7660963245368394513,7641739077817044244,0,,False,K,K1.ndjson,negative,0.8457846641540527
De una vez mi presidenta. Ya es hora de vivir tranquilos,6642801318517899270,lizziefernandezr,0,7660901301204058900,7641739077817044244,0,,False,K,K1.ndjson,positive,0.5776125192642212
Bien china!,7596185463440163860,johnny.dean.berna4,0,7661786964635878165,7641739077817044244,0,,False,K,K1.ndjson,positive,0.5942834615707397
yo te tengo fe mi china,7480677596050375685,frank.muoz9314,0,7661377273769804564,7641739077817044244,0,,False,K,K1.ndjson,positive,0.8229018449783325
vamos keiko creo en ti mi china,7623101101579240455,user6269654128276,0,7661335105600471826,7641739077817044244,0,,False,K,K1.ndjson,positive,0.882520854473114
bien mi china,7446611579884094469,jorjito296,0,7661085866610606864,7641739077817044244,0,,False,K,K1.ndjson,positive,0.5413863062858582
eres mujer y yo te creo 🥰,7059210374780716037,free.butterfly36,0,7661010464730268436,7641739077817044244,0,,False,K,K1.ndjson,positive,0.5858961343765259
Eso mi china 👏👏👏👏♥️♥️♥️,6807003908831101957,behk83,0,7660972332341658389,7641739077817044244,0,,False,K,K1.ndjson,positive,0.6621201634407043
"Los militares deben ser la policía en el Perú, no estamos en guerra así que justifiquen su sueldo y que acaben con esos malditos delincuentes",7222983357578707973,dariorosas85,0,7660961179611546388,7641739077817044244,0,,False,K,K1.ndjson,negative,0.807792603969574
la china es la única que puede hacer desaparecer la delincuencia asi como lo.iso papa fujimori,7391239359946884101,rafaelgrov,1,7642821727231394577,7641739077817044244,0,,False,K,K1.ndjson,neutral,0.5141968131065369
china si tu botas en48 horas alos delincuentes extrajeros y un rastriajer en tu primer dia de mandato,7191439382163260422,jshosheluis,1,7643138384412705544,7641739077817044244,0,,False,K,K1.ndjson,negative,0.6085903644561768
Vamos mi chinita todo el Perú contigo vamos lo pudiste y lo portas con la bendición de dios sigue adelante 🙏🙏🙏🙏🙏🙏🙏❤️,6947326582232466438,beatrizmacedocele,0,7666067923366822674,7652198538620767509,0,,False,K,K2.ndjson,positive,0.9450803399085999
bravo chinita bonita,7212372808646968326,mariaeugeniaromoj,0,7666677692770960148,7652198538620767509,0,,False,K,K2.ndjson,positive,0.9277438521385193
bien chinitalinda viva nuestra predidentadel peru keikofujimori,7575638567004668936,esrher.tisado.vil,0,7666639817253749511,7652198538620767509,0,,False,K,K2.ndjson,positive,0.598020076751709
bendiciones gran Keiko,7100380956582102022,edith.fernandez8307,0,7666291589871338248,7652198538620767509,0,,False,K,K2.ndjson,positive,0.9469566345214844
desde Chile mucha fuerza y a cambiar las cosas...grande Keiko,7628274742814426133,homero.11fernando,32,7652778709024539400,7652198538620767509,0,,False,K,K2.ndjson,positive,0.917128324508667
"Vamos Keiko, de muestranos todas tus habilidades, y la capacidad q tienes para sacer a nuestro Perú adelante 🥰🥰🙏🙏🙏",152311136556740608,elsacabanillascay,49,7652734525612901141,7652198538620767509,0,,False,K,K2.ndjson,positive,0.8032339811325073
VAMOS MI PRESIDENTE ELECTA KEIKO FUJIMORI 🙏🥰👏,7229687506471699462,lourdes0727a,16,7653529565479011093,7652198538620767509,0,,False,K,K2.ndjson,positive,0.7733500599861145
vamos Keiko representanos bien como mujer a demostrar que somos más inteligentes,7637627927999415297,niviataboadaneyra,2,7664646263598400264,7652198538620767509,0,,False,K,K2.ndjson,positive,0.7878450155258179
keyko presidenta 🥰❤️🥰❤️🥰❤️,7002402608230302726,alejandrinaochante,60,7652392699254293269,7652198538620767509,0,,False,K,K2.ndjson,neutral,0.4841938018798828
confío en ella me defrauda yo la olvido,7508523880936702981,user5543958109145,4,7653256703391875856,7652198538620767509,0,,False,K,K2.ndjson,neutral,0.5128194093704224
claro yo tanvien soy feliz keiko presidenta del peru,7501510815338726405,marco.perez084,13,7653992865592787720,7652198538620767509,0,,False,K,K2.ndjson,positive,0.7912837266921997
se logroooooooooo,7443302925755401272,elena148781,4,7657006897162191623,7652198538620767509,0,,False,K,K2.ndjson,positive,0.5409578084945679
Una dama persistente en la política para mejor al pueblo peruano se merece ser presidenta. Felicitaciones desde Ecuador,7392490300394226693,25julioedu,6,7654553145739756308,7652198538620767509,0,,False,K,K2.ndjson,positive,0.8436172604560852
nuestra presidenta,7292639952712516613,isela.benito2,8,7652831349128102664,7652198538620767509,0,,False,K,K2.ndjson,positive,0.44760918617248535
Keiko Presidenta del Perú 🧡🧡🧡🧡🧡🧡🧡🧡🧡🧡🧡🧡🧡🧡🧡💪💪💯💪🫂🥰🫂🥰,7065681959046218758,lizlaunica_71,43,7652385548720030484,7652198538620767509,0,,False,K,K2.ndjson,neutral,0.4827481806278229
esta bien que gané,7174750945871119365,leunessulu,2,7654417768103822101,7652198538620767509,0,,False,K,K2.ndjson,neutral,0.5271666049957275
Keyko presidenta bamos keiko vamos,7233831074362409989,estherdelosmilagros_,4,7652512328676213524,7652198538620767509,0,,False,K,K2.ndjson,positive,0.8404531478881836
"DESDE. CHILE
FELICITACIONES. PRESIDENTA. DEL. PERU. SALUDOS.",6992728025599083526,jorge.tonacca,8,7654409993340584724,7652198538620767509,0,,False,K,K2.ndjson,positive,0.7625271081924438
Keiko presidente ❤️❤️❤️❤️❤️❤️❤️,6841031392400163845,carmenlizarraga04,3,7653771137612071697,7652198538620767509,0,,False,K,K2.ndjson,positive,0.4065033197402954
A MI ME HACE SÚPER FELIZ,7268819042731000838,maraisabel278,9,7655940720935912213,7652198538620767509,0,,False,K,K2.ndjson,positive,0.9293771386146545
asi es Duela a quien le duela Keiko presidenta,7100380956582102022,edith.fernandez8307,0,7666291994914407176,7652198538620767509,7666067923366822674,7.666067923366823e+18,True,K,K2.ndjson,negative,0.35074469447135925
Gracias Fernando Uds siempre serán hermanos 🧡🙌🏻,6519603591064327183,claudiacarru1,0,7653489994031776528,7652198538620767509,7652778709024539400,7.65277870902454e+18,True,K,K2.ndjson,positive,0.9253516793251038
Una muestra más de perseverancia,7057625034592289797,cesardelacruzgutierrez12,0,7653455715416130312,7652198538620767509,7652778709024539400,7.65277870902454e+18,True,K,K2.ndjson,negative,0.6811230182647705
👍👍👍👍❤️❤️❤️,6960126410879386629,mirthaalcae,0,7653515596323472146,7652198538620767509,7652778709024539400,7.65277870902454e+18,True,K,K2.ndjson,neutral,0.597958505153656
"pero esa publicación no es gratis, tarde o temprano saldrá a Luz.....😁",7174750945871119365,leunessulu,0,7654417903680471828,7652198538620767509,7652734525612901141,7.652734525612901e+18,True,K,K2.ndjson,negative,0.4523204267024994
👍👍👍❤️❤️❤️,6960126410879386629,mirthaalcae,0,7653515685868716818,7652198538620767509,7652734525612901141,7.652734525612901e+18,True,K,K2.ndjson,neutral,0.597958505153656
👍,7501892183960765460,lizita0054,0,7652905955386753813,7652198538620767509,7652734525612901141,7.652734525612901e+18,True,K,K2.ndjson,neutral,0.597958505153656
guajuuuuuuuu,7578496433700635665,gavilancito722,0,7653264700382479120,7652198538620767509,7652392699254293269,7.652392699254294e+18,True,K,K2.ndjson,positive,0.6002572774887085
yo también confío en la señora Keiko Fujimori presidenta Dios la bendiga .,7632131747812312084,user5685556996,2,7656135184023274261,7652198538620767509,7653256703391875856,7.653256703391876e+18,True,K,K2.ndjson,positive,0.46587517857551575
,7634450795811046407,martinayasta,0,7654005049576686344,7652198538620767509,7653992865592787720,7.653992865592788e+18,True,K,K2.ndjson,positive,0.4405459463596344
,6898446150967510022,sharonmarquina0,0,7653519914461217544,7652198538620767509,7652831349128102664,7.652831349128103e+18,True,K,K2.ndjson,positive,0.4405459463596344
Keiko presidenta de Perú,7517779148603360274,goku.roshi1,8,7652971452325692161,7652198538620767509,0,,False,K,K2.ndjson,neutral,0.4987301230430603
si exacto presidenta por siempre,7500993551712797704,miguelangelesp251,2,7658029124338107156,7652198538620767509,0,,False,K,K2.ndjson,positive,0.7808895111083984
obvio 💪👏 keiko presidente 🥰,6873649976234411013,azulcielo_14,4,7655758619808203541,7652198538620767509,0,,False,K,K2.ndjson,positive,0.5042387843132019
nuestra presidenta,7319989357909378053,segundo.carlos.vi82,15,7652600581144380168,7652198538620767509,0,,False,K,K2.ndjson,positive,0.4476093351840973
"Keiko presidenta ,te amooo ❤️❤️❤️. un día fuiste primera dama
Hoy eres presidenta no nos falles ❤️❤️❤️❤️❤️❤️",7244809134490584069,pedritobigote,14,7652903666492932872,7652198538620767509,0,,False,K,K2.ndjson,positive,0.9154595136642456
Eso keiko vamos presidenta del Perú cn fuerza,7579773776079701013,vero.sanchez.requ,2,7657199873175110421,7652198538620767509,0,,False,K,K2.ndjson,positive,0.8683862090110779
feliz con nuestra nueva presidenta,7048842656320291846,sarasales_17,2,7656114249533719316,7652198538620767509,0,,False,K,K2.ndjson,positive,0.9186703562736511
siiiiiiiiii mi presidenta orgullosa x voz,7350422552826971142,carmenluzrodrigue92,2,7654688559164572436,7652198538620767509,0,,False,K,K2.ndjson,positive,0.9148046970367432
mi. precidenta. keyco,6934359687103251462,betty_caballero11,2,7657298828979340052,7652198538620767509,0,,False,K,K2.ndjson,positive,0.5905426144599915
nuestra Presidenta KEYKOOOOO,7179960155563230214,norma.gq7,2,7657000053282046727,7652198538620767509,0,,False,K,K2.ndjson,positive,0.6440152525901794
"felicitaciones Keiko del Perú ahora cumplir con lo promedisted arriba
Keiko 🥰🙋🙋🫠🫠👏👏👏🙏🙏🙏👏🫠🙏👏👏",6919205156286514181,doralizavasquezcardoza,7,7657042957434422024,7652198538620767509,0,,False,K,K2.ndjson,positive,0.836897075176239
felicitaciones presidenta keiko.🥰🥰🥰🥰🥰,6897236855156081665,saritanavarro5102,4,7657199365530780424,7652198538620767509,0,,False,K,K2.ndjson,positive,0.57818603515625
con fuerza vamos Keiko,6896960458580542470,hebertsosa0,1,7653510799940436737,7652198538620767509,0,,False,K,K2.ndjson,positive,0.8463980555534363
Nuestra Presidenta,7304117026195555333,semiramis.fattuch,3,7657011904577323794,7652198538620767509,0,,False,K,K2.ndjson,positive,0.4476093351840973
Felicidades mi presidenta keiko. Vamos con ganas a ser el bien al Perú,7550836492210734081,reina.diaz127,1,7657383470100431634,7652198538620767509,0,,False,K,K2.ndjson,positive,0.9202655553817749
Yo también estoy feliz porque vote por keiko y ahora es mi presidenta,7622293578647520272,user9813545823100,5,7655868431761900305,7652198538620767509,0,,False,K,K2.ndjson,positive,0.7189889550209045
mi presidenta,6907457893189649413,jusilv8,3,7654510932211893014,7652198538620767509,0,,False,K,K2.ndjson,positive,0.46622970700263977
viva keiko presidenta 🥰,7502917164900746246,wuhrud,2,7655151370777789192,7652198538620767509,0,,False,K,K2.ndjson,positive,0.7353193163871765
viva Keiko 🥰🥰,7641051421584737288,esther.mejia.garc,1,7659602229407040263,7652198538620767509,0,,False,K,K2.ndjson,positive,0.578109622001648
Bien keiko Ganamos arriba Perú,7235344882927338501,nancymarlenyalayo,1,7658067110589170450,7652198538620767509,0,,False,K,K2.ndjson,positive,0.725532054901123
Felicidades keiko 💃💃,7641698212147905558,56789ely,0,7652805316216439574,7652198538620767509,7652600581144380168,7.65260058114438e+18,True,K,K2.ndjson,positive,0.796250581741333
mínimo Keiko precidenta,6874727448996021250,evangelistajhemsguillen,1,7653536342836069128,7652198538620767509,0,,False,K,K2.ndjson,neutral,0.42178523540496826
siiiiiiiiiiiiiii KEIKO KEIKO PRESIDENTE DEL PERÚ 🇵🇪👏👏👏,7509679230726276097,flor.espinoza28,4,7657016021895119633,7652198538620767509,0,,False,K,K2.ndjson,positive,0.5325565934181213
Elegancia d mi presidenta 🥰🥰🥰🥰🥰,7539330650886571013,cabezon8312,4,7653666787883631381,7652198538620767509,0,,False,K,K2.ndjson,positive,0.8284841179847717
vamos arriba keiko presidente,7326976021222802437,giane7049,1,7653515914038543124,7652198538620767509,0,,False,K,K2.ndjson,positive,0.8263908624649048
viva carajoooooo,6888369798695175170,rociosoto456,1,7655104045170541333,7652198538620767509,0,,False,K,K2.ndjson,positive,0.7164998054504395
Uba dama de hierro keiko Presidenta,6968268462599095302,juliosalazar395,3,7654587469941949192,7652198538620767509,0,,False,K,K2.ndjson,neutral,0.5100798606872559
CLARO QUE SI ELLA ES LA PRESIDENTA DEL PERÚ,7489151262795482129,user23236623719040,2,7656911349762753288,7652198538620767509,0,,False,K,K2.ndjson,positive,0.7961581349372864
claro qué yes 💯 x 💯,7173126610035704838,nohemimendozavale,2,7655371298289697557,7652198538620767509,0,,False,K,K2.ndjson,positive,0.8373070955276489
no importa de santa módica pero ahora es nuestra presidenta keiko 🥰🥰🥰,7074362497206125573,mariagonzalescuev4,1,7653908895542526740,7652198538620767509,0,,False,K,K2.ndjson,neutral,0.5750381350517273
vamos KEIKO persidenta☺️☺️☺️,7643458160905651218,inki.vargas201510,1,7653917541937398546,7652198538620767509,0,,False,K,K2.ndjson,positive,0.675361692905426
🙏🙏🙏 díos contigo mi Keiko 🙏,6963503530805101574,senileydinarrotorres,4,7652508505966707476,7652198538620767509,0,,False,K,K2.ndjson,neutral,0.46736952662467957
Dios te bendiga y a cumplir las promesas,7613574229946860565,noeliavacayesan,2,7657178758118834964,7652198538620767509,0,,False,K,K2.ndjson,positive,0.8483805060386658
mi presidenta 🥰🥰🥰,6994660062754112518,liliana.melendres,1,7654726675041911573,7652198538620767509,0,,False,K,K2.ndjson,positive,0.6196120381355286
Esa es mi presidenta,6865906848449479682,rosendogarfiaspac,2,7657204452734108437,7652198538620767509,0,,False,K,K2.ndjson,positive,0.8979836106300354
Ssi Mismo digo yo tiene8doble trabajo,7270914810485048325,herjeliz,2,7656656530776179464,7652198538620767509,0,,False,K,K2.ndjson,positive,0.47517260909080505
Excelente señorita Fuguimori Dios le bendiga en sus funciones tan altas,7453211574381593605,abelojeda633,2,7657981444019766036,7652198538620767509,0,,False,K,K2.ndjson,positive,0.8909966945648193
Arriba Keiko presidenta 👏👏👏👏,7209723792065610757,naydatorresvildos,2,7656143937345798920,7652198538620767509,0,,False,K,K2.ndjson,positive,0.8113036751747131
Keiko no te olvides de mi Norte xfa 🙏,7151180710370477062,josdavidipanaquef,3,7652594668744000263,7652198538620767509,0,,False,K,K2.ndjson,neutral,0.549843966960907
exelente es la vos de todo el Perú keiko presidenta del Perú,6807978953677014021,mandy11196,2,7654034435540534037,7652198538620767509,0,,False,K,K2.ndjson,positive,0.9307013750076294
Keiko Presidenta,7398305607483442182,nexofloresjuare73,2,7652461912064901908,7652198538620767509,0,,False,K,K2.ndjson,positive,0.3831813633441925
linda mi presidenta 😅😅,6965575654696977413,irmazeballos349,3,7655038614166225672,7652198538620767509,0,,False,K,K2.ndjson,positive,0.9281969666481018
vamos keiko,6928072567899620357,cabo873,2,7653283483683734293,7652198538620767509,0,,False,K,K2.ndjson,positive,0.6336120367050171
felicidades sra presidenta,7284019319078536198,lidia.r.r.a,2,7653305238225290004,7652198538620767509,0,,False,K,K2.ndjson,positive,0.79263836145401
soy Perú no sé bailar ese paso. me gustaría aprender,7344012253592912901,carmen60282,5,7652883494997820181,7652198538620767509,0,,False,K,K2.ndjson,neutral,0.704963743686676
yo vote por Keyko les saludo desde Argentina,7211196783900050437,araceliflorrescas,3,7652788166869074695,7652198538620767509,0,,False,K,K2.ndjson,positive,0.799024760723114
VAMOS KEIKO ESTAMOS CONTIGO PRESIDENTA,7302080692291994656,luzvilla402,3,7653309695113331478,7652198538620767509,0,,False,K,K2.ndjson,positive,0.8310326933860779
Agradecida de nuestro papà Dios 🌎🇵🇪💪❤️🙏🙏👏🏻👏🏻,7377693233034527776,user3032723442479,1,7653807382611182358,7652198538620767509,0,,False,K,K2.ndjson,positive,0.9152894616127014
vamos Keiko 🥰,7101704040451441669,jorgeluis2966,1,7653610664619819794,7652198538620767509,0,,False,K,K2.ndjson,positive,0.6962167620658875
keiko presidenta del Perú,7567443141335647248,user6585376242516,1,7653605068294161168,7652198538620767509,0,,False,K,K2.ndjson,neutral,0.45812711119651794
Vamos Keyko presidenta,7527491516311700501,saida.coronado.al,1,7653642502772474644,7652198538620767509,0,,False,K,K2.ndjson,positive,0.7349322438240051
felicidades keyko😍,7113200311426139142,mariasanchez_22222,1,7653874660611080967,7652198538620767509,0,,False,K,K2.ndjson,positive,0.8183102607727051
vamos mi presidenta soló le pido a Dios q t muchas bendiciones para gobernar al peru,7410200137517990918,user13046021575250,1,7654036757424210705,7652198538620767509,0,,False,K,K2.ndjson,positive,0.6702643036842346
así bailar.mi.presidenta,7037943815692485637,alidaruiz289,1,7657573867250336530,7652198538620767509,0,,False,K,K2.ndjson,positive,0.7173833847045898
Keiko presidenta,7370746605723075590,lidiabertha.casta,1,7653644867906765589,7652198538620767509,0,,False,K,K2.ndjson,positive,0.3831813633441925
vamos keiko 🥰🥰🥰🥰🥰🥰🥰❤️,7438698674424792119,gristq8,1,7653514581578695445,7652198538620767509,0,,False,K,K2.ndjson,positive,0.6962167620658875
"Me bailo por mi presidenta 🕺🥳🕺, si me representa 💪",7425215890557355014,adolfocardena,1,7653215248254567188,7652198538620767509,0,,False,K,K2.ndjson,positive,0.7892856001853943
vamos Keiko precidenta,7275509812635517958,yrmagabrielsala69,1,7653547997955195668,7652198538620767509,0,,False,K,K2.ndjson,positive,0.7595120668411255
presidenta Perú muchas felicidades bendiciones,7589715208437810197,julio.tan80,1,7657460842426827541,7652198538620767509,0,,False,K,K2.ndjson,positive,0.956031084060669
🥰 que bueno,7401326065933992965,cipirianoteodorol,1,7654007620656022290,7652198538620767509,0,,False,K,K2.ndjson,positive,0.8791879415512085
PRESIDENTE EXCELENTE AMIGA,7047224468474217474,mariaantonietavil54,1,7653311070912840466,7652198538620767509,0,,False,K,K2.ndjson,positive,0.932339608669281
Me da mucho gusto si se pudo 😘🤗❤️👏👏👏,7415699158835905542,jessica.quispe35,1,7653636243770737416,7652198538620767509,0,,False,K,K2.ndjson,positive,0.9202064871788025
Bien Keyko!💖,7236777624986616837,tullygutierrez,1,7654032968331838215,7652198538620767509,0,,False,K,K2.ndjson,positive,0.5242272019386292
Vamos arriba mi presidente bonita keiko fujimori es nuestra presidenta de mi peru querido,7549733603808379911,l.yamal721,2,7653824442653147924,7652198538620767509,0,,False,K,K2.ndjson,positive,0.9136965870857239
Dios bendiga a la Sra.y presidenta del Peru Keyko Fujimori,6989912397063734278,ingridchipana345,2,7653309606210503445,7652198538620767509,0,,False,K,K2.ndjson,positive,0.5433770418167114
Keiko presidenta 🥰🥰🥰,7138963340114871302,luzramirez3147,3,7653159890739233553,7652198538620767509,0,,False,K,K2.ndjson,positive,0.4787093698978424
keiko presidenta del peru entra ala historia peruana arriba peru keiko corazon,6990546450229445638,echepa.echarle,4,7653264848957309714,7652198538620767509,0,,False,K,K2.ndjson,positive,0.4460306465625763
ERes lo maximo Keiko no me falles x fabor,7501768850909004816,jjorge.yucra,3,7652873887525880596,7652198538620767509,0,,False,K,K2.ndjson,positive,0.9384878277778625
keiko Keiko keiko keiko presidenta del perú x fin ahora gu eres nuestra presidenta muchas bendiciones 😘😘😘🥰,7636206418743723025,dilcia.pacherres2,2,7653283163879457557,7652198538620767509,0,,False,K,K2.ndjson,positive,0.7729505300521851
woooow fiesta,6958585656198136838,cuquita072,3,7652325472662979335,7652198538620767509,0,,False,K,K2.ndjson,positive,0.8541528582572937
que linda baila hermosa mucha fortaleza abrazo gigante,6766242400068699141,gladis.zelaya29,3,7652311069620470535,7652198538620767509,0,,False,K,K2.ndjson,positive,0.9746277332305908
¡ Arriba el Perú...!!!,7645552240406053909,franzfer10,1,7663496390215303937,7652198538620767509,0,,False,K,K2.ndjson,positive,0.8275143504142761
bailemos keiko 🥰🥰🥰,7450985644224021510,pechuga9264,3,7652531370137371413,7652198538620767509,0,,False,K,K2.ndjson,positive,0.5277268290519714
asi se festeja Keiko presidenta 👏👏👏👏👏👏😘😘😘😘😍😍😍,7458804476184118277,carmencarranza777,4,7652749389681705749,7652198538620767509,0,,False,K,K2.ndjson,positive,0.6697338223457336
arriba Perú Keiko Fujimori presidente,7356810743101277190,andersons.anchayh,1,7653284685225820949,7652198538620767509,0,,False,K,K2.ndjson,positive,0.7268156409263611
arriba arriba Perú 🇵🇪 con keiko presidenta del Perú 🇵🇪 viva la democracia y la libertad,6936905201152443398,demivi23,3,7653456829154525974,7652198538620767509,0,,False,K,K2.ndjson,positive,0.8049948811531067
vamos Keiko presidenta carajo,7579011564364350482,user587230004,14,7652314321368711957,7652198538620767509,0,,False,K,K2.ndjson,positive,0.7161850929260254
Keyko vamos presidenta 🧡🧡🧡🧡🧡🫶🏼🫶🏼🫶🏼🫶🏼,7411360419497935878,evelynnores939,4,7652465960640922375,7652198538620767509,0,,False,K,K2.ndjson,positive,0.7817240953445435
vamos keiko,7220634066608931845,carlossalasbriceo,2,7653154254698758919,7652198538620767509,0,,False,K,K2.ndjson,positive,0.6336120367050171
Yo feliz con mi presidenta KEIKO FUJIMORI.,7075637677278266374,flormariacalderon3,2,7652749542379225877,7652198538620767509,0,,False,K,K2.ndjson,positive,0.862676203250885
Siiiiiiiiii,7009477412505388038,vickyneyra799,3,7652476932152738578,7652198538620767509,0,,False,K,K2.ndjson,positive,0.7448907494544983
Viva KEIKO PRESIDENTA DEL PERU !!!👏👏👏♥️♥️♥️♥️💐💐💐💐💐,7341199467061920773,luz.victoria.alca,2,7657039805864231700,7652198538620767509,0,,False,K,K2.ndjson,positive,0.7129385471343994
esa mi Keyko,6800593326111818757,nancyruthrojas,1,7653303370317103893,7652198538620767509,0,,False,K,K2.ndjson,positive,0.5875589847564697
vamos keiko,6845289302797976581,reynapanta02,1,7653614410339025684,7652198538620767509,0,,False,K,K2.ndjson,positive,0.6336120367050171
sitio mi presidente del Perú,6958550552377066501,mamaangie1303,1,7653322813680960274,7652198538620767509,0,,False,K,K2.ndjson,positive,0.7833141088485718
Keiko Presidenta del Perú 🇵🇪,7326647072538657798,primi.zuiga,1,7653655806605525778,7652198538620767509,0,,False,K,K2.ndjson,neutral,0.4827480614185333
"vamos keiko vamos asta precidenta no paramos muchas felicitaciones 😁😁
un gran abraso desde san ignacio😁",7503402591041143863,dersi.castillo,1,7657675460931257108,7652198538620767509,0,,False,K,K2.ndjson,positive,0.9617113471031189
Ayúdanos a trabajar de igual manera te ayudaremos desde Pto Maldonado,7196889634487927813,flaviafernandacastronava,1,7657389076048511762,7652198538620767509,0,,False,K,K2.ndjson,positive,0.5807517170906067
viva,7578629323692508178,angelita.perez.0,1,7657743906901295889,7652198538620767509,0,,False,K,K2.ndjson,neutral,0.46872612833976746
vamos mi querida keiko mi presidenta 🥰🥰🥰,7199005403585233925,espino_1837,1,7654793145539904264,7652198538620767509,0,,False,K,K2.ndjson,positive,0.8625303506851196
que mejore el país y dea mas oportunidades a mucha gente de salir de la pobreza que tenga calidad de vida,7269434347236901894,jos.ivan.snchez.s,1,7653306518242132757,7652198538620767509,0,,False,K,K2.ndjson,positive,0.618159294128418
"Es en serio? Si eso es verdad, muchas felicidades para el pueblo peruano. 🥰🥰🥰🥰",7357466173992371205,mery664565,1,7653587020460212999,7652198538620767509,0,,False,K,K2.ndjson,positive,0.8266990780830383
vamos keico,7563812821671101448,pedroreyesriver57,1,7653580092925707026,7652198538620767509,0,,False,K,K2.ndjson,positive,0.7199980020523071
vamos keiko presidenta bendiciones,6873631552867451909,maritapacayatapullima,1,7653496455784989457,7652198538620767509,0,,False,K,K2.ndjson,positive,0.8430379033088684
Eso keiko presidente,7045485775723185157,cinthya.aquino,1,7653492103140213511,7652198538620767509,0,,False,K,K2.ndjson,positive,0.6381391882896423
siempre contigo,7251708680902542341,angi09501,1,7654278928546333458,7652198538620767509,0,,False,K,K2.ndjson,positive,0.5285470485687256
Que bien baila mi keikito te amo mucho Vendciones para ti también,7501469751354754055,xiang_15210,3,7652745767358956306,7652198538620767509,0,,False,K,K2.ndjson,positive,0.966274619102478
vamos Keiko tu puedes,7437608846053098551,marlene.chavez.au,4,7652790621210084117,7652198538620767509,0,,False,K,K2.ndjson,positive,0.8132303953170776
"así es, mis felicitaciones sra Keiko",7235286739375588358,celestevas10,5,7653309264705913618,7652198538620767509,0,,False,K,K2.ndjson,positive,0.8353207111358643
keiko presidenta🧡🧡🧡🧡🧡🥰🧡,7333556230844040197,ojitos.lindos239,2,7653156859415888647,7652198538620767509,0,,False,K,K2.ndjson,positive,0.3831813633441925
Vamos keiko presidenta,7387223557925405701,kike.farma,4,7652353863353139988,7652198538620767509,0,,False,K,K2.ndjson,positive,0.734592080116272
te amo keiko ❤️😇,7198960921652823046,oresteeduardocalb,3,7653276579241837319,7652198538620767509,0,,False,K,K2.ndjson,positive,0.7365084886550903
esa es mi dama perdon mi presidenta.,6994108890842760197,sano85595,2,7652952685796705040,7652198538620767509,0,,False,K,K2.ndjson,positive,0.8755792379379272
ella misma es ❤️❤️❤️,7081989277455238149,palomitaguarniz97,2,7653768356398842631,7652198538620767509,0,,False,K,K2.ndjson,positive,0.49134641885757446
keyko presidentta,7593909842005165064,doris.ybaez7,2,7652807987131974407,7652198538620767509,0,,False,K,K2.ndjson,positive,0.4257020652294159
😏😁😁😁😁😁👍👍👍👍👍👍 Lo lograste,6898446150967510022,sharonmarquina0,2,7653519742348018439,7652198538620767509,0,,False,K,K2.ndjson,positive,0.7393904328346252
cierto,7618922314063512596,yulivillanuevaqui,1,7661859761746789140,7652198538620767509,0,,False,K,K2.ndjson,neutral,0.5426907539367676
"Vamos Keiko, 👏👏👏",7286022085049844769,herciliamendoza2,2,7653221860285760278,7652198538620767509,0,,False,K,K2.ndjson,positive,0.6967816948890686
como colombiano me sentiría feliz q la señora Keiko Fujimori sea presidente del Perú y pido a Dios por ella mujer valiente ejemplo a seguir,7564558128047211537,fernandomendez19353,44,7653922309363368725,7652198538620767509,0,,False,K,K2.ndjson,positive,0.7520905137062073
Roberto sanchez presidente,7493996561996825622,user4588332127761,5,7653400990556979990,7652198538620767509,0,,False,K,K2.ndjson,positive,0.572431206703186
,6631571705142640645,accountdovepossoessereme,5,7652384682836149014,7652198538620767509,0,,False,K,K2.ndjson,positive,0.44054603576660156
keiko te llevo en mi ❤️,7540361068050301969,jessica.pea216,2,7657047205207409429,7652198538620767509,0,,False,K,K2.ndjson,positive,0.6189780831336975
Linda la china bien divertida con buena actitud,7531248500430029829,barbarita.idrogo,0,7664005930074735380,7652198538620767509,0,,False,K,K2.ndjson,positive,0.9582839608192444
"Que viva nuestra presidenta Keiko
felicidades",6990490176502694917,virnalazarogonzal,0,7663692322341536532,7652198538620767509,0,,False,K,K2.ndjson,positive,0.9390338063240051
Keyko Presidenta del Perú !!,7203188955175519238,ncycr6,0,7665122827120804629,7652198538620767509,0,,False,K,K2.ndjson,positive,0.7163271903991699
"bella la presi, Dios le sabiduría e inteligencia♥️🇵🇪",7215043969531511813,delitarrillovillalobos,1,7652564703072174869,7652198538620767509,0,,False,K,K2.ndjson,positive,0.9040666818618774
Gracias a Dios desde Venezuela Bendiciones Infinitas 🙏,7634687291769275409,girasol4297,1,7653475992870503185,7652198538620767509,0,,False,K,K2.ndjson,positive,0.8542397618293762
Ganamos gracias a Dios 🥰🥰🥰🥰🥰,7293411403871814661,helenhg02,1,7653506754508325650,7652198538620767509,0,,False,K,K2.ndjson,positive,0.6889896392822266
Keiko presidenta,7559386797584417803,michelo4395,1,7653331212610863893,7652198538620767509,0,,False,K,K2.ndjson,positive,0.3831813633441925
si alfin,7601214183786529808,teofiloespinosago,1,7654035401560589077,7652198538620767509,0,,False,K,K2.ndjson,positive,0.6000610589981079
jp ya gano en peru asi que jp presidente,6958843339337581573,www.claudia10,7,7652564219871019797,7652198538620767509,0,,False,K,K2.ndjson,neutral,0.5710070729255676
cierto Keiko Dios me escucho,7401270797493765125,come.rico.con.vic,6,7652394481312531221,7652198538620767509,0,,False,K,K2.ndjson,neutral,0.7287189960479736
🥰🥰🥰 Bravo Keiko PRESIDENTA DE NUESTRO Perú 🧡🧡🧡🧡🧡🧡🧡🧡🧡🧡🧡🧡🧡🧡🧡🥰🥰🥰,7447180541692707846,betty.huamani3,8,7652527980518392596,7652198538620767509,0,,False,K,K2.ndjson,positive,0.8102577924728394
QUE BIEN BAILA......KEIKO PRESIDENTA DEL PERÚ,7256998483901907974,flormar.reybla,6,7652513435222524692,7652198538620767509,0,,False,K,K2.ndjson,neutral,0.4552687108516693
presidenta de santa monica,7066607273334850565,betty.dulanto,2,7657419902358356756,7652198538620767509,0,,False,K,K2.ndjson,neutral,0.5139010548591614
siiiiiiii,7305440169485042693,magnaisabelvch,2,7652426938111591175,7652198538620767509,0,,False,K,K2.ndjson,positive,0.7579204440116882
,7409867055572517893,ana.maria.raime,2,7652217147619705618,7652198538620767509,0,,False,K,K2.ndjson,positive,0.4405459761619568
"que lindo bailas,cuida de ti,bendiciones",7582350379301192726,sochy.gutierrez,1,7657651104423314198,7652198538620767509,0,,False,K,K2.ndjson,positive,0.9839808344841003
felicitaciones mi presidenta,7511019713964000277,maritzachikonsipi,1,7657561242073121554,7652198538620767509,0,,False,K,K2.ndjson,positive,0.9288095831871033
"pies ya somos dos, xk yo desde HONDURAS siento una enorme admiracion x ella, y hoy como presidenta me da mucha alegria ver k si se pudo",7084996897819788294,oscaromarselva5,5,7653965963268965121,7652198538620767509,7653922309363368725,7.653922309363369e+18,True,K,K2.ndjson,positive,0.8970796465873718
gracias 🙏🇵🇪👍,7385556152061494278,edin.roker1,1,7657329807818294032,7652198538620767509,7653922309363368725,7.653922309363369e+18,True,K,K2.ndjson,neutral,0.5383111834526062
cuando,7431314140977284101,yasmira.sevilla3,0,7653587478846849812,7652198538620767509,7653400990556979990,7.65340099055698e+18,True,K,K2.ndjson,neutral,0.44619548320770264
"si te gusta el comunismo siempre puedes irte a Venezuela ,a cuba ,a Rusia y de allí me cuentas",7395279429436130336,patricia.mifflin,0,7659923035851653910,7652198538620767509,7653400990556979990,7.65340099055698e+18,True,K,K2.ndjson,positive,0.4556932747364044
,7184636614605128710,el.tricolor4,0,7665023212308726549,7652198538620767509,7652564219871019797,7.65256421987102e+18,True,K,K2.ndjson,positive,0.4405459761619568
KEIKO ganó por los puneños y cusqueños Sánchez no tuvo el mismo respaldo como Castillo,6934559498192290821,derecha_peruana,0,7652912053123826452,7652198538620767509,7652564219871019797,7.65256421987102e+18,True,K,K2.ndjson,neutral,0.7554106116294861
En la sierra baja,7628789358544618497,jorgitomix8,1,7652841676356338453,7652198538620767509,7652564219871019797,7.65256421987102e+18,True,K,K2.ndjson,neutral,0.546906590461731
"Amo a mi hermosa😍💓 Presidenta 🥰
A trabajar mi presi sin descanso",7649181663297569810,edwinyachachn2,0,7659113006018364178,7652198538620767509,0,,False,K,K2.ndjson,positive,0.9682815074920654
👏👏🥰❤️🥰 Eso keiko todo por nuestro país demuestra bien.. 👏👏,6993115475443418118,rosaangelesdiaz,0,7658454569009971986,7652198538620767509,0,,False,K,K2.ndjson,positive,0.736244261264801
❤️❤️❤️Keiko presidente,6885815703204480002,marthaprudencioleon,0,7660574157540901639,7652198538620767509,0,,False,K,K2.ndjson,neutral,0.41073352098464966
Keiko presidenta,7535599586054013970,angel.infante32,0,7660306418780259089,7652198538620767509,0,,False,K,K2.ndjson,positive,0.3831813335418701
VIVA keiko,6806133474345796614,marlenygrandezhuaman,0,7658865107866403591,7652198538620767509,0,,False,K,K2.ndjson,positive,0.5660207271575928
Adelante lo harás bien con Fe..y lealtad en favor de los que más necesitamos,7516749731227206664,flordelujoateliereuropeo,0,7658236132878517013,7652198538620767509,0,,False,K,K2.ndjson,positive,0.8442285060882568
Para mi gano jp.,7494434094420739080,castro.pomares.ka,0,7658097995037213460,7652198538620767509,0,,False,K,K2.ndjson,positive,0.5108588337898254
Que viva la presidenta del Perú KeiKo qué Dios la proteja delas personas malas y envidiosas viva Keiko,7506681564328985608,antonia.jurez.pul,0,7658903448155505416,7652198538620767509,0,,False,K,K2.ndjson,positive,0.7211684584617615
keiko presidenta dios la proteja,7547882299552367634,ginna_0136,0,7658695053275955975,7652198538620767509,0,,False,K,K2.ndjson,positive,0.78464674949646
CLARO QUÉ SIII ERES UNA CRACK MUAK,7349952911746614304,viky.chaves,0,7659529078846309123,7652198538620767509,0,,False,K,K2.ndjson,positive,0.9697441458702087
vamos keiko presidente si se puede !!!,200050974827094016,lucyestrada8,0,7657011048395244305,7652198538620767509,0,,False,K,K2.ndjson,positive,0.8545968532562256
todo el Perú te lo agradece,6963066618412041222,raulpositivo,1,7653909544981742344,7652198538620767509,0,,False,K,K2.ndjson,positive,0.7776737213134766
Bamos keiko eres nuestra presidenta,6991448946099405830,wilfredoespinoza6,1,7653222345405907730,7652198538620767509,0,,False,K,K2.ndjson,positive,0.9219719767570496
arriba keyko,6885524530414683142,leonorcondorponce,1,7652494907949335317,7652198538620767509,0,,False,K,K2.ndjson,positive,0.7132514119148254
viva keiko. 🥰🥰🥰🥰❤️❤️❤️👍👍👍,7100592153671353349,barbaritaelvaespi,0,7659828765738550034,7652198538620767509,0,,False,K,K2.ndjson,positive,0.6204174160957336
vamos keiko,7162987826987549702,angelica.aez6,1,7653504220499116820,7652198538620767509,0,,False,K,K2.ndjson,positive,0.6336122751235962
viva presidenta keico ❤️,6648990244736991237,giselacarbajal,1,7652941847429563143,7652198538620767509,0,,False,K,K2.ndjson,positive,0.7942554354667664
así es Keiko nuestra presidenta,7536422933393507336,iree3105,1,7653276335258780424,7652198538620767509,0,,False,K,K2.ndjson,positive,0.8399139046669006
yo feliz,6967446347937645574,ylianariccifuerte,1,7654050927472984853,7652198538620767509,0,,False,K,K2.ndjson,positive,0.543536901473999
yo también estoy feliz con mi presi Keyko,7613120762702480392,carmen.cardenas6457,0,7655541483696800519,7652198538620767509,0,,False,K,K2.ndjson,positive,0.8475729823112488
🥰 keiko presidenta del Perú,6960860121845957638,jacquelinemartinezzz,0,7657380677935334152,7652198538620767509,0,,False,K,K2.ndjson,neutral,0.48544880747795105
viva mi presonta keiko,7477347528352220161,comando1395,0,7658402581492466448,7652198538620767509,0,,False,K,K2.ndjson,positive,0.7060826420783997
vamos que con mi presidenta,7078173138950341637,karlacontreras38733,0,7658210769775444756,7652198538620767509,0,,False,K,K2.ndjson,positive,0.9019516110420227
Si se pudo keyko presidenta,6847597699706913798,olgabravo22,0,7656962308241539861,7652198538620767509,0,,False,K,K2.ndjson,positive,0.7486043572425842
Felicitaciones keiko Dios te bendiga keikito nuestra presidenta muchas bendiciones,7390834219021632517,nely.moran.yacila,0,7657778120993293064,7652198538620767509,0,,False,K,K2.ndjson,positive,0.9088717103004456
a bailar el Perú 💙❤️😁🥰,7361213297280369670,virginia.649,0,7658377417739731720,7652198538620767509,0,,False,K,K2.ndjson,positive,0.6923226714134216
sise pudo keiko presidenta ♥️♥️♥️,7567568666477462535,jilmarhuansi4,0,7658783068577121044,7652198538620767509,0,,False,K,K2.ndjson,positive,0.6267184615135193
🙏 amén amén amén señor gracias bendiciones 🙏,7420866153554461702,irene.zarate65,0,7661834684154315538,7652198538620767509,0,,False,K,K2.ndjson,positive,0.582703173160553
vamos keiko🧡🧡🧡🧡🧡,7404280172939772933,toxica020518,1,7653095933374448402,7652198538620767509,0,,False,K,K2.ndjson,positive,0.6336120367050171
arriba Keiko 🥰,6746000022996829190,rociogutt,1,7653274490697057045,7652198538620767509,0,,False,K,K2.ndjson,positive,0.7791404724121094
a festejar,7265358535663813637,lidia.lomas.ramir7,0,7658700145982784276,7652198538620767509,0,,False,K,K2.ndjson,positive,0.5857193470001221
amen,6944021811882492934,lourdessalcedo786,0,7666299227190936327,7652198538620767509,0,,False,K,K2.ndjson,neutral,0.47329121828079224
excelente Keiko presidenta,7503685983058478135,romn.maen,0,7657849011077235476,7652198538620767509,0,,False,K,K2.ndjson,positive,0.8722829222679138
💪💪🙏🙏 keyko🙏peru desd colombia,7363485608796242949,user453050833699193,1,7653508571321287432,7652198538620767509,0,,False,K,K2.ndjson,neutral,0.49621501564979553
Keiko presidenta muchas bendiciones,7228211319924917253,gatitafiera22,1,7653702510196278037,7652198538620767509,0,,False,K,K2.ndjson,positive,0.8007022738456726
"eso eso, 🥳🥳🥳",6924474713268241414,cristelvalentinarodrigu0,1,7653637447923221268,7652198538620767509,0,,False,K,K2.ndjson,positive,0.43023961782455444
,6547053201927967744,rexuy38,1,7653613062952485652,7652198538620767509,0,,False,K,K2.ndjson,positive,0.44054603576660156
vamos Keiko,7228292860326560773,federico.humalla,1,7653565708160303890,7652198538620767509,0,,False,K,K2.ndjson,positive,0.6336120367050171
Arriba Keiko esoesoeso🙏🌹,7124005832300561414,mariaalzamoraoliv,1,7655516677824627474,7652198538620767509,0,,False,K,K2.ndjson,positive,0.7199932932853699
nuestra presidenta,7045082264192418821,maria_martinez30_07,0,7655067668232471297,7652198538620767509,0,,False,K,K2.ndjson,positive,0.44760918617248535
Keiko presidenta del Perú 🇵🇪 bendiciones,7335586226210767877,agueda.silva.lope,0,7656975144791507720,7652198538620767509,0,,False,K,K2.ndjson,positive,0.4992530643939972
cambiar por favor,7420073402943554566,karina.oblitas2,0,7656228016515449620,7652198538620767509,0,,False,K,K2.ndjson,positive,0.4369472563266754
amén que dios la proteja y la bendiga pa Lante,7297790823868072966,marcelino.cruces4,0,7658268953026724628,7652198538620767509,0,,False,K,K2.ndjson,positive,0.6889200806617737
Dios les bendiga peru,6877624021912404994,adilsonberraquero,0,7658816666327057173,7652198538620767509,0,,False,K,K2.ndjson,positive,0.5135554075241089
Keiko presidenta,7509279191918593030,maria.a7558,0,7657012023995007751,7652198538620767509,0,,False,K,K2.ndjson,positive,0.3831813633441925
,7377636549968512005,pedro.bgv,1,7653514611224593169,7652198538620767509,0,,False,K,K2.ndjson,positive,0.44054603576660156
vamos keiko 🧡🧡🧡🧡,7165591054942946310,annette43_1,1,7653494038411084564,7652198538620767509,0,,False,K,K2.ndjson,positive,0.6962167620658875
excelente,7498031769640322054,rodrigo.estrella89,1,7653493922312520468,7652198538620767509,0,,False,K,K2.ndjson,positive,0.592197835445404
gracias,7458435412808074245,maestro8503,1,7653478520555553544,7652198538620767509,0,,False,K,K2.ndjson,neutral,0.48277851939201355
bien por el Perú,7494969388567970834,user9303468526713,1,7653469116003484434,7652198538620767509,0,,False,K,K2.ndjson,positive,0.5447726845741272
v🥰amos,7331177861686477830,user9355425381814,1,7653459739057324816,7652198538620767509,0,,False,K,K2.ndjson,positive,0.4303986728191376
definitivamente,7616542714381583380,pedro.leonel.lope,1,7653446683880145671,7652198538620767509,0,,False,K,K2.ndjson,positive,0.4375641644001007
Keiko presidenta,6960430075469186053,mariapallin1,0,7653672049719083783,7652198538620767509,0,,False,K,K2.ndjson,positive,0.3831813335418701
qqqqqq,7463688871315981344,kathlin304,0,7654161771430806294,7652198538620767509,0,,False,K,K2.ndjson,negative,0.6845287084579468
Vamos 🥳🥳🥳🥳🥳🥳🥳🥳🥳,6921247763415319558,monica10_29,0,7653531075898049282,7652198538620767509,0,,False,K,K2.ndjson,neutral,0.5244174599647522
Así es mi señora hermosa presidenta 👏👏👏,7082229467373290501,erika_mendez45,0,7653527080932557576,7652198538620767509,0,,False,K,K2.ndjson,positive,0.953685462474823
"oramos por la presidente keiko desde Argentina, para que Dios lo guarde ilumine su vida.",7574066961954653196,espinmgre06,0,7653605885671768852,7652198538620767509,0,,False,K,K2.ndjson,positive,0.8191968202590942
por siempre,7253117089971307525,lwhdbdjdn,0,7653612533157036822,7652198538620767509,0,,False,K,K2.ndjson,positive,0.46166616678237915
Vamos Keiko,7353054689321419782,user66392594477044,0,7654741887031575317,7652198538620767509,0,,False,K,K2.ndjson,positive,0.6336122751235962
dios sabe porque hace las cosas,7180190387746178054,gildacespedeschej,0,7653676984804131602,7652198538620767509,0,,False,K,K2.ndjson,neutral,0.6999529004096985
vamo keiko,6993520710673400838,merquiryulgito,1,7653004930789966612,7652198538620767509,0,,False,K,K2.ndjson,positive,0.574962854385376
asi es carajo,7307783182747927558,luzmila.castillo65,1,7653255777399079701,7652198538620767509,0,,False,K,K2.ndjson,positive,0.5202261805534363
,6918739688833893381,rosarioandrealapa,0,7657621803478057748,7652198538620767509,0,,False,K,K2.ndjson,positive,0.4405459463596344
Te amo,7557699027429573639,jorgeluisguzmanya,0,7661871612505735954,7652198538620767509,0,,False,K,K2.ndjson,positive,0.7185025215148926
fe,7037956027501675525,gloriaelenacastro60,0,7656998867934069511,7652198538620767509,0,,False,K,K2.ndjson,neutral,0.47561708092689514
eso mi Presidenta,7616135364075766801,carpachitamery.ne,0,7655857798919635730,7652198538620767509,0,,False,K,K2.ndjson,positive,0.6991451382637024
KEIKO NUESTRA PRESIDENTA 💃 🇵🇪✨️🙌🙏✨️,7095090800166749189,olimpiavalverde94,1,7653297592458314516,7652198538620767509,0,,False,K,K2.ndjson,positive,0.7126702070236206
que bueno,7630863982944977938,encasbzhemb,1,7653236889089147669,7652198538620767509,0,,False,K,K2.ndjson,positive,0.4608303904533386
ganamos keiko,7647984946666456085,reyna.del.sur.cyn,1,7652515756487656200,7652198538620767509,0,,False,K,K2.ndjson,positive,0.49486756324768066
vamos keiko,7319989357909378053,segundo.carlos.vi82,0,7654629694718247687,7652198538620767509,0,,False,K,K2.ndjson,positive,0.6336122751235962
,7299490036360709126,alyburgos126,0,7657028459144135444,7652198538620767509,0,,False,K,K2.ndjson,positive,0.4405459463596344
🥰,7609810388800488465,user988747075234,0,7658703401619227408,7652198538620767509,0,,False,K,K2.ndjson,neutral,0.597958505153656
,7299490036360709126,alyburgos126,0,7657028489229124373,7652198538620767509,0,,False,K,K2.ndjson,positive,0.4405459463596344
seee🥰🥰🥰🥰🥰🥰🥰🥰,6851231050614653957,yurikolylyaliagamendoza,0,7653645199470707477,7652198538620767509,0,,False,K,K2.ndjson,neutral,0.4147089421749115
LO LOGRASTE❤️,6861937020697281541,caradepapa611,0,7653663265159381767,7652198538620767509,0,,False,K,K2.ndjson,positive,0.6721716523170471
siiii,6796264537319834629,deliacanalhuaman,0,7655406975635997458,7652198538620767509,0,,False,K,K2.ndjson,positive,0.6319819688796997
,7229016309130855429,ssdgo3,0,7657236101409768213,7652198538620767509,0,,False,K,K2.ndjson,positive,0.4405459463596344
👏👏👏👏👏,6963813267723404294,judithchavezsalva,0,7657061705185493780,7652198538620767509,0,,False,K,K2.ndjson,neutral,0.597958505153656
,6988927140620600325,karinaalavedra,0,7656995090338235143,7652198538620767509,0,,False,K,K2.ndjson,positive,0.4405459463596344
Hermosa 💖 💖 💖 💖 💖,7230567607467066373,lina.gonzales.mar,0,7654772630131082004,7652198538620767509,0,,False,K,K2.ndjson,neutral,0.46559658646583557
,6547053201927967744,rexuy38,0,7653613289172058901,7652198538620767509,0,,False,K,K2.ndjson,positive,0.4405459463596344
V🙏🙏🙏♥️♥️♥️🥰🥰🥰,7066634182662980614,margarita.quilich0,0,7657045650148803336,7652198538620767509,0,,False,K,K2.ndjson,neutral,0.48742881417274475
nuestra presi,7653794735987639317,walter2892,1,7654921621812462356,7652198538620767509,0,,False,K,K2.ndjson,neutral,0.43422195315361023
presidenta de Santa monica,7196413303446438918,segundo.onofre.ga,0,7653572391897793301,7652198538620767509,0,,False,K,K2.ndjson,neutral,0.5139011740684509
🤎🇵🇪,7656568717610763284,elizabethgu43,0,7656969068511150868,7652198538620767509,0,,False,K,K2.ndjson,neutral,0.5979585647583008
🧡🧡🌷🌷,7472834342445286432,artemisa6033,0,7656082129596072707,7652198538620767509,0,,False,K,K2.ndjson,neutral,0.5979585647583008
👍👍,7527073642037101586,patcero.y.tabogoj,0,7655095616750043922,7652198538620767509,0,,False,K,K2.ndjson,neutral,0.5979585647583008
,7530475249067033607,jose.bracamonte254,0,7653587014406882066,7652198538620767509,0,,False,K,K2.ndjson,positive,0.4405459463596344
,7030810080983483398,facundo40107,0,7653845343645385490,7652198538620767509,0,,False,K,K2.ndjson,positive,0.4405459463596344
si si si keyko es todo,7383742164939981829,migranamorkendall,1,7653208114493539092,7652198538620767509,0,,False,K,K2.ndjson,positive,0.9359784722328186
Keiko presidenta 🧡🧡🧡🙏🧡,6980652038867895302,haydeemirandahila,2,7652788979268027156,7652198538620767509,0,,False,K,K2.ndjson,positive,0.4787095785140991
"bien Keiko
FELICITACIONES TE LO MERECES",7292953443211609094,rosa.isabel970,1,7652769933029868296,7652198538620767509,0,,False,K,K2.ndjson,positive,0.9460585117340088
👏👏👏👏,6851246117179540485,maria_eugeniaperez82,0,7653296022626140948,7652198538620767509,0,,False,K,K2.ndjson,neutral,0.5979585647583008
Keiko presidenta🥰🥰🥰🥰🥰🥰🥰🥰🥰🥰🥰,7041750871830479878,alcidesmartinez2112,4,7652542444433179400,7652198538620767509,0,,False,K,K2.ndjson,positive,0.3831816017627716
FELICITACIONES A KEIKO DESDE EVUADOR.,7342291788261032966,mnica.villao.la.t,4,7652836214378922773,7652198538620767509,0,,False,K,K2.ndjson,positive,0.5737904906272888
"Dios la Guie y la proteja, siempre",7343631602441257989,robertomendoza731,2,7652928422125208340,7652198538620767509,0,,False,K,K2.ndjson,positive,0.7716088891029358
keyko presidenta🥰🥰🥰🥰,7498536701745611782,moni_12131,1,7652581435651506965,7652198538620767509,0,,False,K,K2.ndjson,neutral,0.5279664993286133
Si Keyko con mucha fuerza y fe de DIOSITO,7614097820501492757,user8469118651076,1,7652416363487167240,7652198538620767509,0,,False,K,K2.ndjson,positive,0.9065089225769043
felicidades Keiko presidenta mis mejores deseos,7064039356205696006,isabel.arias107,3,7652783919578710805,7652198538620767509,0,,False,K,K2.ndjson,positive,0.9216276407241821
bamos keiko precidenta,7515940502316532743,gladis.ferrean,3,7652728544082248456,7652198538620767509,0,,False,K,K2.ndjson,positive,0.7491840720176697
así essss,7256258414941717510,ruby12sagitario,3,7652386080939033364,7652198538620767509,0,,False,K,K2.ndjson,positive,0.48093485832214355
bamos keiko en nombre de dios todo saldrá bien,7405495176792491040,carmen.mendoza3678,2,7653051438394278678,7652198538620767509,0,,False,K,K2.ndjson,positive,0.7705731987953186
Venga keiko gobierna el peru así lo haces mejor a mi me encanta keiko de presidenta,7316547268222944288,kaloyero69,3,7653146488708629270,7652198538620767509,0,,False,K,K2.ndjson,positive,0.8924298882484436
Keiko estamos contigo 🧡🧡🧡🧡🧡🧡,7585309896904950804,ruthy.gomez45,3,7652497830426919700,7652198538620767509,0,,False,K,K2.ndjson,positive,0.5663115978240967
Eso es muy cierto. Duela a quien le duela Keiko es la Presidenta del Perú.🙌🙌🙌🙌👍👍👍👍👍👍,7174555624851096581,fox84712,0,7653684435657442064,7652198538620767509,0,,False,K,K2.ndjson,positive,0.5026748180389404
Así es Keiko nuestra Presidenta,6772119607908254726,charosanchezmalpa,3,7652920246881239828,7652198538620767509,0,,False,K,K2.ndjson,positive,0.8399137854576111
Nuestra presidenta la número uno en la historia dela República del Perú,7224695182955971590,isabelcresponarro,2,7653631430769034002,7652198538620767509,0,,False,K,K2.ndjson,positive,0.6553310751914978
🙏🙏Bieen keiko seras la presidenta del peru duela aquien le duela eres una mujer bien guerrera te felicito por tus logros viva el peru 2026 🇵🇪 🇵🇪,6829162401238615045,celestinacespedes,3,7652916298653451028,7652198538620767509,0,,False,K,K2.ndjson,positive,0.9215714931488037
vamos keiko presidenta 💪💪💪💪♥️♥️♥️♥️solo q te acuerdes de nosostros los pobres xf ahí muchas pagos miserables q no alcanza para nada keikonpresidenta,7209585487303869446,ynes2999,2,7653682700431524609,7652198538620767509,0,,False,K,K2.ndjson,negative,0.8260042667388916
Vamos keiko ganamos y trunfamos digan lo quedian tú keiko eres mipresidenta carajo,7037225717872264198,marcourquizo1966,3,7652230581203845896,7652198538620767509,0,,False,K,K2.ndjson,positive,0.7237622737884521
🥰🥰🥰 Keiko presidenta duela a quien le duela,7237518223662171142,yanetrios302,2,7652391685259346708,7652198538620767509,0,,False,K,K2.ndjson,neutral,0.4091035723686218
le duela a quien le duela y le ardan a quien le arda vamos keiko 😄😄,7419338116676830214,elizabeth1988_adriana,2,7652308104155398932,7652198538620767509,0,,False,K,K2.ndjson,negative,0.605460524559021
Keiko presidenta 💪,7249448645170594822,wilmer9802,2,7652918903321182996,7652198538620767509,0,,False,K,K2.ndjson,positive,0.4787095785140991
keiko presidenta,6842397627788870662,judyhuaman1,2,7652412077444924167,7652198538620767509,0,,False,K,K2.ndjson,positive,0.3831816017627716
Arriba mi China bendiciones,7287326227365889029,santosramirez587,2,7652404999184892690,7652198538620767509,0,,False,K,K2.ndjson,positive,0.8730007410049438
siiiii ganamos keyko presidenta del Perú carajoooooo ganamos la democracia viva el Perú carajoooooo,7626028426856645648,paola.aguilar280,2,7652401179334869780,7652198538620767509,0,,False,K,K2.ndjson,positive,0.7842780947685242
presidenta keiko Fujimori,7401270797493765125,come.rico.con.vic,2,7652394570286809877,7652198538620767509,0,,False,K,K2.ndjson,neutral,0.3835943639278412
Estos dos lloran de emoción !!! KEIKO GANÓ !!! 😭😭,7630480684893979666,rafael.leiva95,1,7658041492921189138,7652198538620767509,0,,False,K,K2.ndjson,negative,0.39206749200820923
Dios te vendiga amiga keiko y calla la boca ala jente mal ablada que tu si puedes sacarnos adelante,7636484317833069585,sol.velsquez8,1,7657186234359890705,7652198538620767509,0,,False,K,K2.ndjson,negative,0.8461093902587891
"Keiko presidenta ,lo mejor que le pudo pasar al Perú en estos momentos 🥰",7264661937333732358,rosario.carrillo1,1,7652922648939660040,7652198538620767509,0,,False,K,K2.ndjson,positive,0.48298710584640503
vamos kencho demuestra mujer valiente,7401530175325258757,jhonnysaldaasagas,1,7652907331370156807,7652198538620767509,0,,False,K,K2.ndjson,positive,0.8787602186203003
Viva mi Presidenta. Keiko llegó a recibir el cargoooooo!,6945309838474806278,blancagarca116,1,7652873536423756551,7652198538620767509,0,,False,K,K2.ndjson,positive,0.7919058799743652
ami no me duele estoy con keiko 😁😁,7595274402871198721,jazmin.rojas.fer,1,7652869439349916437,7652198538620767509,0,,False,K,K2.ndjson,neutral,0.6255386471748352
que bien las mujeres al poder con sabiduría,7360279857974936582,rosita.quinche,1,7652852759860069141,7652198538620767509,0,,False,K,K2.ndjson,neutral,0.5283043384552002
me siento la mujer más feliz del planeta porq eres la presidenta del perú hacer las cosas bien solo eso te pedimos y no te olvides de todos los q te apoyamos el norte y baja las chelas 3 por 10 soles,7105168276230243333,laurafallaguerrer,1,7652852278680814343,7652198538620767509,0,,False,K,K2.ndjson,positive,0.7881079316139221
claro que ella puede las mujeres siempre podemos,7169349903604794374,reyna.lpez.gallar,1,7652796354930606866,7652198538620767509,0,,False,K,K2.ndjson,positive,0.7962276935577393
Linda la Presidenta con sus pasitos prohibidos,7590910545806820372,doris612216,1,7652711198027612946,7652198538620767509,0,,False,K,K2.ndjson,positive,0.7736929059028625
"asi es ya es la presidenta keyko, duela a quien le duela ya es nuestra presidenta",7512621772529861639,chavez.4552,1,7652699607046619920,7652198538620767509,0,,False,K,K2.ndjson,positive,0.6956059336662292
Presidenta siiiiii Keyko 😅presidenta duela a quien le duela 😂😂😂😂,265074166293495808,rosaquinchopuente1,1,7652548314517521159,7652198538620767509,0,,False,K,K2.ndjson,positive,0.3822176456451416
keyko es ya nuestra presidenta bien dicho asi se dice Duela a quien le duela🥳🥳🥳🥳🧡🧡🧡🧡🧡🧡👍👍👍👍🥰🥰🥰🥰🥰,7634581627163608080,n.r.s.l13,1,7652492694179021589,7652198538620767509,0,,False,K,K2.ndjson,positive,0.4764274060726166
"vamos keikoooo
presidentaaaaaa
🙏🙏🙏🥰🥰🥰
te queremos los peruanos",7005286560548914181,justinabarrios867,1,7652395072278037268,7652198538620767509,0,,False,K,K2.ndjson,positive,0.8313596248626709
con. garra. llegamos,6967858297119196165,rochispineda,1,7652888789773386512,7652198538620767509,0,,False,K,K2.ndjson,positive,0.4541133940219879
keiko presidenta,7204943567461925893,milisalazar61,1,7652879675760706324,7652198538620767509,0,,False,K,K2.ndjson,positive,0.383181631565094
VIVA KEYKO PRESIDENTA DEL PERU 🥰,7505159168702055431,isabel.sulca.quis,1,7652871188503266056,7652198538620767509,0,,False,K,K2.ndjson,positive,0.6846922039985657
felicidades keiko fujimori presidenta del Perú duela a quien le duela siempre sigue adelante,6878400548795827206,aliciahuaraccoyance,1,7652855428707074834,7652198538620767509,0,,False,K,K2.ndjson,positive,0.7558857202529907
bien mi presidenta por fin se hizo justicia adarle con todo mi chinita no nos defraudes gobierna bien el perú te doy todas mis vibras y q diosito te ilumine y te proteja mucho y mi cruz de motupe te cuide mucho y te guie bien para q hagas todas las cosas bien un abrazo ala distancia mi chinita bella,7105168276230243333,laurafallaguerrer,1,7652851718879445768,7652198538620767509,0,,False,K,K2.ndjson,positive,0.9487861394882202
keiko presidenta,7066496657413161989,jennyelvira_,1,7652846210794062613,7652198538620767509,0,,False,K,K2.ndjson,positive,0.383181631565094
keiko presidenta,7118869992598406149,miriam.mendez.san,1,7652834840383243026,7652198538620767509,0,,False,K,K2.ndjson,positive,0.383181631565094
BIEN CARAJO,287164836403167233,soniasanchez241,1,7652829672090305298,7652198538620767509,0,,False,K,K2.ndjson,neutral,0.5088393092155457
así ws duela a quien le duela,7421662897074095109,gilbert.paz.urbio,1,7652786925421970184,7652198538620767509,0,,False,K,K2.ndjson,negative,0.457248717546463
KEIKO presidenta ❤️❤️❤️❤️❤️❤️❤️❤️❤️❤️❤️o,7572284980086244372,betzabeth.sotomay,1,7652785004649186069,7652198538620767509,0,,False,K,K2.ndjson,positive,0.3942514657974243
Keiko presidenta 😊,6997978941101753350,user4082231902502,1,7652746267542160149,7652198538620767509,0,,False,K,K2.ndjson,positive,0.4787095785140991
esa es mi precidenta duela aquin le duela 🥰🥰🥰,7294027754620945413,marisabrod27,1,7652735301203460882,7652198538620767509,0,,False,K,K2.ndjson,positive,0.6494393348693848
Yoooo con mi escoba. 💃💃💃,6941428072936391686,deliaq.l,1,7652715559168017172,7652198538620767509,0,,False,K,K2.ndjson,neutral,0.6754852533340454
Arriba keiko 👍👍👍👍,7397993447007552517,nini15548,1,7652713304523408149,7652198538620767509,0,,False,K,K2.ndjson,positive,0.7791404724121094
KEIKO PRESIDENTA 2026,7439536852446577719,user4505200594360,1,7652597385219179265,7652198538620767509,0,,False,K,K2.ndjson,positive,0.5474039316177368
Así es vamos con fuerza puru,7293300618365879301,wilmerbazalar,1,7652558746539459346,7652198538620767509,0,,False,K,K2.ndjson,positive,0.9159780740737915
,6862022582527476742,edmir.02,1,7652554978716123924,7652198538620767509,0,,False,K,K2.ndjson,positive,0.44054603576660156
viva precidente 😁😁😁😁😁😁,6862022582527476742,edmir.02,1,7652554966028731156,7652198538620767509,0,,False,K,K2.ndjson,positive,0.6280842423439026
keiko presidenta,7618804583384581141,ceciliaculque0,1,7652523185488937745,7652198538620767509,0,,False,K,K2.ndjson,positive,0.3831813633441925
Viva keiko,7378533626194412550,neridamilagros,1,7652524013016761109,7652198538620767509,0,,False,K,K2.ndjson,positive,0.5660208463668823
keiko presidenta,7430163245194986502,tomy.palacios.riv,1,7652472741845697300,7652198538620767509,0,,False,K,K2.ndjson,positive,0.3831813633441925
eso keyko vamos con todo,7306507990897525765,amelia.valencia.e8,1,7652465365721776904,7652198538620767509,0,,False,K,K2.ndjson,positive,0.8925572037696838
Keiko presidenta 💪,7178093995363714054,turbosgrdiesel,1,7652442949749539591,7652198538620767509,0,,False,K,K2.ndjson,positive,0.47870978713035583
keiko presidenta,7231321829716919301,lorenatatianamace,1,7652432582660309780,7652198538620767509,0,,False,K,K2.ndjson,positive,0.3831813633441925
Vamos Keiko se como tu padre Apoya a las personas más humildes y a los pueblos más olvidados y cuidate de los que te rodean 🥰,6909570278994887682,normamorenohilario,0,7661298495177392917,7652198538620767509,0,,False,K,K2.ndjson,neutral,0.3489026427268982
del norte. si. del sur es jp,6955853959823508486,herlesc,0,7658601598775739157,7652198538620767509,0,,False,K,K2.ndjson,neutral,0.5831162929534912
bien keiko presidenta 🤣,7302423733913453574,martin.villa249,0,7657739276827149074,7652198538620767509,0,,False,K,K2.ndjson,positive,0.49926573038101196
Viva Keiko presidenta,7269508659423953925,nena.carhuapoma.b,0,7658875765627274004,7652198538620767509,0,,False,K,K2.ndjson,positive,0.7270639538764954
"Buena presidenta, ahora subirá la pensión a los adultos mayores a 500. 00 como prometió 🥰",6869136347719713798,marinacahuana.27,0,7657251961524405010,7652198538620767509,0,,False,K,K2.ndjson,positive,0.5361362099647522
buena Keiko presidenta pese a quién le pese,7506650239832376328,javier.oscar235,0,7657210671182955285,7652198538620767509,0,,False,K,K2.ndjson,neutral,0.5760235786437988
"Gracias🙏❤ a Dios, Siiiiiiiiiiiiiiiiii Keiko Fujimori Presidenta de nuestro💕 querido Perú ❤‍🩹",7525058516261553158,haydeecueva356,0,7657177925170676501,7652198538620767509,0,,False,K,K2.ndjson,positive,0.7380194664001465
k viva la democracia carajo,7575561317177017351,oscarsulcapomased67,0,7658738618375471880,7652198538620767509,0,,False,K,K2.ndjson,positive,0.6525743007659912
eso muy bien mi keyko ya era hora,7540361068050301969,jessica.pea216,0,7657047072315818772,7652198538620767509,0,,False,K,K2.ndjson,positive,0.650304913520813
Estoy Feliz con mi presidenta Keyko,6973376759342105602,alicia_a.c,0,7657023995321533192,7652198538620767509,0,,False,K,K2.ndjson,positive,0.9120239019393921
esa es nuestra Keiko fuerte adelante te espera trabajo y se tu lo harás,7504144977283482642,irma73628,0,7656872753739825941,7652198538620767509,0,,False,K,K2.ndjson,positive,0.9349903464317322
asi es duela a quien le duela,7370543985708893189,anamariarodrig2934,0,7658392147976602389,7652198538620767509,0,,False,K,K2.ndjson,negative,0.4873799979686737
que linda bien sencilla duela a quien le duela es la presidenta ilusos😆😆😆,7426201779187401734,chavelon._.52,0,7656653742603502354,7652198538620767509,0,,False,K,K2.ndjson,negative,0.7976552844047546
❤️la china,6862731889725506565,sanquiiii,0,7658288089874187016,7652198538620767509,0,,False,K,K2.ndjson,neutral,0.5758624076843262
Felicidades keiko,7443641939755222071,neni84606,0,7657715518120395527,7652198538620767509,0,,False,K,K2.ndjson,positive,0.7967277765274048
definitivamente duela quien le duela,7297788957164094469,lilianaandoa27,0,7657589708726108935,7652198538620767509,0,,False,K,K2.ndjson,neutral,0.4966140687465668
felidades Keiko Fujimori Presidenta del Perú 🧡💯🧡💯🧡💯🧡,6935908892534768646,marilumonteverde0,0,7657565562523894548,7652198538620767509,0,,False,K,K2.ndjson,positive,0.8014817833900452
keiko presidente,7234774318289748997,lindadeysi5,0,7657383338781377288,7652198538620767509,0,,False,K,K2.ndjson,neutral,0.4107336103916168
eso es así Keiko presidenta duela a quien le duela,7297760998676923397,jorge.rojas9832,0,7655475248267363092,7652198538620767509,0,,False,K,K2.ndjson,negative,0.41678062081336975
FINALMENTE KEIKO Fujimori Presidente del Peru vuelve el Orden,7264510184486110240,elsa.violeta.atun,0,7655184115969180438,7652198538620767509,0,,False,K,K2.ndjson,neutral,0.46718209981918335
keyko duela a quien le duela keyko mi presidenta,6994854182855836678,berthamarianellao,0,7654083817540109077,7652198538620767509,0,,False,K,K2.ndjson,positive,0.5339701175689697
si Keiko Puno te apoyo,7529348844893029394,chizito85,0,7654043874939634453,7652198538620767509,0,,False,K,K2.ndjson,positive,0.7073270082473755
"Y que le arda a quien le arda..
Keiko Presidente del Perú.",7603767836905391112,elieze183,0,7654039953155982098,7652198538620767509,0,,False,K,K2.ndjson,negative,0.7026672959327698
siiiganamos como les quedó el ojo,7634723604907721745,pilar.nieto.franc6,0,7654034671051965205,7652198538620767509,0,,False,K,K2.ndjson,neutral,0.6966834664344788
veo a la señora Keiko Fujimori veo a su señor padre 🙏🙏💯💯💯💯💯💯 .,7632131747812312084,user5685556996,0,7656135369822602005,7652198538620767509,0,,False,K,K2.ndjson,neutral,0.5584198832511902
keiko presidenta duela a quien le duela 🧡🧡🧡🧡🧡,6837291033229132805,percyabraham2,0,7653989849570312967,7652198538620767509,0,,False,K,K2.ndjson,neutral,0.418407678604126
ya es la presidenta carajo,7017572300607194118,medalithjauregui,0,7653978593257440021,7652198538620767509,0,,False,K,K2.ndjson,positive,0.5665968656539917
keiko presidenta y que viva el Perú carajo,6834543476995818501,florchicastillo,0,7653900303637562133,7652198538620767509,0,,False,K,K2.ndjson,positive,0.7714882493019104
keyko precidenta duela a quien le duela,7427284295079527430,karina.raymundo.z,0,7653871245445071632,7652198538620767509,0,,False,K,K2.ndjson,neutral,0.5634180307388306
Al final quien salió? Llevan meses contando los votos,7076637398998828037,objetivoepspa,0,7653838380975768327,7652198538620767509,0,,False,K,K2.ndjson,negative,0.6003375053405762
presidenta keiko Sofia le duela a quien le duela,7070636466543608837,romyhualtibamba,0,7653698992933225236,7652198538620767509,0,,False,K,K2.ndjson,neutral,0.47178950905799866
keiko presidenta duela a quien le duela,7168247772402926598,paularosaespinoza3,0,7653648811155424021,7652198538620767509,0,,False,K,K2.ndjson,neutral,0.43054309487342834
asi tenía q ser keyko Fujimori nuestra presidenta 😍🥰🥰🥰,7509062454933783558,ruth.alcalde0,0,7653641375154307847,7652198538620767509,0,,False,K,K2.ndjson,positive,0.7262497544288635
asi es arriba keiko carajo viva el peu ahora a trabajar,7232846881633600518,chueca54,0,7653590643222053633,7652198538620767509,0,,False,K,K2.ndjson,positive,0.8942158222198486
QUE VIVA KEIKO NUESTRA PRESIDENTA,6977452415528715270,sara.querevalu,0,7655544275131777799,7652198538620767509,0,,False,K,K2.ndjson,positive,0.8503234386444092
viva el Perú carajo,7140986609885152261,empresadecargasluzrz,0,7655432399207973652,7652198538620767509,0,,False,K,K2.ndjson,positive,0.7832047343254089
ganamos carajo,7375352730111525893,jasminecosgarayar,0,7653882361617842965,7652198538620767509,0,,False,K,K2.ndjson,neutral,0.5684385299682617
que viva keiko🧡🧡,7553468845515654152,crxstxnx30,0,7653671444162331413,7652198538620767509,0,,False,K,K2.ndjson,positive,0.739242672920227
vamos cv o todo keiko 🥰,7391253888199001094,marissa.hc2,0,7653659322707034881,7652198538620767509,0,,False,K,K2.ndjson,positive,0.5442138910293579
,7356377563738768427,nildaalvarez522,0,7653647479112712973,7652198538620767509,0,,False,K,K2.ndjson,positive,0.4405459463596344
Keiko Fujimori presidente 🙏,7392057228155569157,evamargarita81,0,7653628296638595841,7652198538620767509,0,,False,K,K2.ndjson,positive,0.4933130145072937
Soy Venezolano residente aquí en Perú y total apoyo a Keiko Fujimori bendiciones 🙏🙏,7299424712785740805,miguelangelher1274,0,7653606246159926037,7652198538620767509,0,,False,K,K2.ndjson,positive,0.7370589971542358
Keiko presidenta 🧡🧡🧡🧡,7203978032162571269,jaqui7626,0,7653539997681074951,7652198538620767509,0,,False,K,K2.ndjson,positive,0.47870951890945435
Aquí y aya Keiko es nuestra presidenta le duela a quien le duela muchas bendiciones 🙏🙏🙏,7594342461494215700,ros12545,0,7653515321689326343,7652198538620767509,0,,False,K,K2.ndjson,positive,0.780398428440094
,7377636549968512005,pedro.bgv,0,7653514658222162705,7652198538620767509,0,,False,K,K2.ndjson,positive,0.4405459463596344
🥰🥰🥰🥰❤️❤️❤️❤️❤️,7466633818435273745,mecha.bravo1,1,7652312792459952914,7652198538620767509,0,,False,K,K2.ndjson,neutral,0.597958505153656
👏👏👏👏👏👏,7006534307598894086,negrita.vargas5,1,7662840312129209095,7652198538620767509,0,,False,K,K2.ndjson,neutral,0.597958505153656
🥰🥰🥰@,7211320592652698630,pelagio63,2,7652732340262863633,7652198538620767509,0,,False,K,K2.ndjson,neutral,0.5962583422660828
🥰🥰🥰🥰🥰🥰🥰🥰🥰🥰🥰🥰🥰🥰🥰🥰🥰🥰,7366428943375516678,olga.elias8,1,7657750326061171472,7652198538620767509,0,,False,K,K2.ndjson,neutral,0.597958505153656
sra keico sofia le pido que modernise el airopuerto de caballo cocha el airopuerto del ESTRECHO EL AIROPUERTO DE GUEPPI POR FABOR SRA PRE SIDENTA TAMBIEN AL PUEBLO DE 3 FRONTERAS UNA ANTENA PARA QUE TENGA INTERNET QUEDA EN GUEPPI,7430613384925807621,cecar.cahuaza,1,7656186052167762695,7652198538620767509,0,,False,K,K2.ndjson,neutral,0.6183919310569763
👍👍👍,7381141925708022816,maria.d.d.piscis,1,7655025926498681622,7652198538620767509,0,,False,K,K2.ndjson,neutral,0.597958505153656
🧡🇵🇪🧡,201479833049100288,milagrosanchez5,1,7653651265104216839,7652198538620767509,0,,False,K,K2.ndjson,neutral,0.597958505153656
🥰🥰🥰,7615380152734974998,carrotspain7,1,7653114737849598742,7652198538620767509,0,,False,K,K2.ndjson,neutral,0.597958505153656
👍👍👍👍👍,7333317573470192645,milagritos1992,1,7652913157246042881,7652198538620767509,0,,False,K,K2.ndjson,neutral,0.597958505153656
💪💪💪💪💪💪💪💪💪💪💪💪💪💪💪,7566705590374843448,elincreible23,1,7652911523908436756,7652198538620767509,0,,False,K,K2.ndjson,neutral,0.597958505153656
🥰🥰🥰,7106264888683545605,gracielagracielit3,1,7652909872589767445,7652198538620767509,0,,False,K,K2.ndjson,neutral,0.597958505153656
❤️❤️,7501892183960765460,lizita0054,1,7652905835501519637,7652198538620767509,0,,False,K,K2.ndjson,neutral,0.597958505153656
❤️‍🩹❤️‍🩹❤️‍🩹❤️‍🩹❤️‍🩹❤️‍🩹❤️‍🩹❤️‍🩹❤️‍🩹❤️‍🩹,7050908702748476421,ysabelartecar,1,7652887984387752724,7652198538620767509,0,,False,K,K2.ndjson,neutral,0.5979585647583008
🥰🥰🥰🥰🥰🥰🥰🥰🥰🥰🥰🥰,7421676418025817094,rosa.llanes06,1,7652861524428342036,7652198538620767509,0,,False,K,K2.ndjson,neutral,0.5979585647583008
🥰🥰🥰,6824569467961721861,elidasa2050,1,7652851768842126101,7652198538620767509,0,,False,K,K2.ndjson,neutral,0.5979585647583008
🥰🥰🥰,7421407209156805637,maria.paz144,1,7652835902906319636,7652198538620767509,0,,False,K,K2.ndjson,neutral,0.5979585647583008
🥰🥰🥰🥰,7040918015840142341,kewinswan,1,7652833761855750933,7652198538620767509,0,,False,K,K2.ndjson,neutral,0.5979585647583008
🥰,7554805778776507409,diana.rocio.berro4,1,7652830948405150485,7652198538620767509,0,,False,K,K2.ndjson,neutral,0.5979585647583008
😃😃😃😃😃🥰🥰🥰🥰😇😇😇,7233635464887075845,cvevita,1,7652807344544350996,7652198538620767509,0,,False,K,K2.ndjson,neutral,0.5979585647583008
😢😢😢,7343745220305994757,yanira.coveas.nav6,1,7652807676481733397,7652198538620767509,0,,False,K,K2.ndjson,neutral,0.5979585647583008
👍👍👍,7413490388662862853,rutimmb,1,7652807387938603784,7652198538620767509,0,,False,K,K2.ndjson,neutral,0.5979585647583008
🥰🥰🥰,7549778215436780551,luisa.mara.rodrgu38,1,7652790533286970119,7652198538620767509,0,,False,K,K2.ndjson,neutral,0.5979585647583008
🥰🥰🥰🥰🥰,6954923961612764166,made2906,1,7652789207336780565,7652198538620767509,0,,False,K,K2.ndjson,neutral,0.5979585647583008
🌹🌹🌹🌹🌹,7434186140968682552,luul5289,1,7652784973493814034,7652198538620767509,0,,False,K,K2.ndjson,neutral,0.5979585647583008
🧡🧡🧡🧡🧡🧡🧡🧡,7243922899941753862,andreavelasquez450,1,7652772944020849429,7652198538620767509,0,,False,K,K2.ndjson,neutral,0.5979585647583008
♥️♥️♥️,7286530042938295301,macarenac_15,1,7652755388622947093,7652198538620767509,0,,False,K,K2.ndjson,neutral,0.5979585647583008
🧡🧡🧡🧡🧡🧡🧡🧡🧡🧡,6854956158744282118,alfredomasarroz0,1,7652742964339557140,7652198538620767509,0,,False,K,K2.ndjson,neutral,0.5979585647583008
🥰🥰🥰,7391669102543225862,srt.basquez,1,7652740684717753095,7652198538620767509,0,,False,K,K2.ndjson,neutral,0.5979585647583008
💕💗💕💗💗💕,7433113489072096261,edward..m.v,1,7652739169395327764,7652198538620767509,0,,False,K,K2.ndjson,neutral,0.5979585647583008
🧡🧡🧡🧡💯💯💯💯,6830634469767808006,isachi19,1,7652713964748702472,7652198538620767509,0,,False,K,K2.ndjson,neutral,0.5979585647583008
❤️❤️❤️,6964352539895923718,rositanavarrovent,1,7652678103371088661,7652198538620767509,0,,False,K,K2.ndjson,neutral,0.5979585647583008
🥰🥰🥰,7158536979361465350,susanasegura3681,1,7652627554000339719,7652198538620767509,0,,False,K,K2.ndjson,neutral,0.5979585647583008
👏👏👏👏👏👏,7398227725608272901,jordysalva,1,7652599236438196999,7652198538620767509,0,,False,K,K2.ndjson,neutral,0.5979585647583008
🧡🧡🧡🧡🧡🧡🧡🧡🧡🧡🧡🧡❤️❤️🥰🥰🥰🥰,7510457148285256722,irisparrilla491sos,1,7652568159267095303,7652198538620767509,0,,False,K,K2.ndjson,neutral,0.5979585647583008
🥰🥰🥰🥰🥰🥰,7508408689347888148,nena031967,1,7652568364393988882,7652198538620767509,0,,False,K,K2.ndjson,neutral,0.5979585647583008
👍🥰👍,7190487535037137925,marghetceciliavel,1,7652563840282723073,7652198538620767509,0,,False,K,K2.ndjson,neutral,0.5979585647583008
🥰🥰🥰,7194877608093107205,gozbuenda,1,7652552460837831445,7652198538620767509,0,,False,K,K2.ndjson,neutral,0.5979585647583008
💯💯💯💯🇵🇪🇵🇪🇵🇪🇵🇪🇵🇪🇵🇪,6855466595109094405,marlenyarmas,1,7652547225382863632,7652198538620767509,0,,False,K,K2.ndjson,neutral,0.5979585647583008
🥰🥰🥰,6698484392447116293,consuelito328,1,7652546061546488596,7652198538620767509,0,,False,K,K2.ndjson,neutral,0.5979585647583008
🥰🥰🥰,7341181312055018501,.conjanna,1,7652544490105045767,7652198538620767509,0,,False,K,K2.ndjson,neutral,0.5979585647583008
🥰🥰🥰🥰🥰🥰🥰🥰🥰🥰😂😂😂😂😂😂😂😂😂😂😂😂😂😂😂😂😂,6968371662477018117,zenaidabecerraces,1,7652540587192730386,7652198538620767509,0,,False,K,K2.ndjson,neutral,0.5979585647583008
🥰🥰🥰🥰,6967400107915248646,milagroslaura425,1,7652536222720394004,7652198538620767509,0,,False,K,K2.ndjson,neutral,0.5979585647583008
🧡🧡🧡🇵🇪🇵🇪🧡🧡🧡🧡🧡🧡🧡🧡🧡🧡🧡🇵🇪🇵🇪🇵🇪🧡🧡🧡🧡🧡,7022393455742239749,marilumorales553,1,7652528308584399637,7652198538620767509,0,,False,K,K2.ndjson,neutral,0.5979585647583008
🥰🥰🥰🥰🥰,7633451234142290962,luis818783,1,7652516969430549266,7652198538620767509,0,,False,K,K2.ndjson,neutral,0.5979585647583008
🥰🥰🥰,7055079559142278149,elita1234567_,1,7652494153288303368,7652198538620767509,0,,False,K,K2.ndjson,neutral,0.5979585647583008
🤣🤣🤣🤣🤣,7397278276086400006,taty05683,1,7652473394151523092,7652198538620767509,0,,False,K,K2.ndjson,neutral,0.5979585647583008
🧡🧡🧡🧡🧡🧡🧡,7077315741495067654,iraniarojas510,1,7652463884531696404,7652198538620767509,0,,False,K,K2.ndjson,neutral,0.5979585647583008
🥰🥰🥰,7651078969425478672,lizzthaliaa_,1,7652459652600988436,7652198538620767509,0,,False,K,K2.ndjson,neutral,0.5979585647583008
💪💪💪💪👏👏👏❤️🤍❤️👍👍👍🧡🧡🧡🙏🕊💥😘😘😘,7336593132568560645,rosa.maria.campaa0,1,7652435554851980050,7652198538620767509,0,,False,K,K2.ndjson,neutral,0.5065898895263672
😅😅,7169780509747708934,yovanita_9873,1,7652420737042498325,7652198538620767509,0,,False,K,K2.ndjson,neutral,0.5979585647583008
👏👏👏👏,6841892448281592838,nelly.gamboa.85,1,7652323207361495828,7652198538620767509,0,,False,K,K2.ndjson,neutral,0.5979585647583008
❤️❤️❤️,6915213526420964358,milagritosguerrer5,1,7652323371096261396,7652198538620767509,0,,False,K,K2.ndjson,neutral,0.5979585647583008
🥰🥰🥰,7181621648377938949,zulmirareynaltecordovs,1,7652235752835695368,7652198538620767509,0,,False,K,K2.ndjson,neutral,0.5979585647583008
😍😍😍😍😍,6868427853667648518,flavis242,1,7652234023716750100,7652198538620767509,0,,False,K,K2.ndjson,neutral,0.5979585647583008
🥰🥰🥰🥰,6897210702097810437,cchecchi,1,7652224101264114452,7652198538620767509,0,,False,K,K2.ndjson,neutral,0.5979585647583008
💪💪💪💪💪💪💪💃🏽💃🏽💃🏽👏👏👏❤️❤️❤️❤️🙏🙏🙏🙌🙌🙌✨✨✨,7178258384365421574,monicainfante75,1,7652222786165687041,7652198538620767509,0,,False,K,K2.ndjson,neutral,0.5979585647583008
🧡🧡🧡🌹🌹🌹🌹🌹🌹🌹🌹🌹🌹🌹🌹,6954198925582681094,elizabeth.diaz16,1,7652214279777764117,7652198538620767509,0,,False,K,K2.ndjson,neutral,0.5979585647583008
💪💪💪💪💪💪💪🙏🙏🙏🙏🙏😘😘😘🇨🇴🇨🇴,7501510965629371400,martharosero678,1,7652201154184708882,7652198538620767509,0,,False,K,K2.ndjson,neutral,0.5979585647583008
mientras tanto 😂,7173520162636547077,dulcepastel._,3108,7650103330234696455,7649989196693654804,0,,False,K,K3.ndjson,neutral,0.49581748247146606
Sánchez,7649459938994095126,user6950739899,0,7666430950574736150,7649989196693654804,0,,False,K,K3.ndjson,neutral,0.46991732716560364
si Vizcarra participaba ganaba,7280126730399106053,senko_san116,685,7650146374633243393,7649989196693654804,0,,False,K,K3.ndjson,neutral,0.5404002070426941
Keiko aura,7206153528179524614,titusprime777,489,7650101352396751624,7649989196693654804,0,,False,K,K3.ndjson,neutral,0.4591284394264221
[Sticker] Cadena de :,7592643426182923280,lays1156,125,7650099331903308551,7649989196693654804,0,,False,K,K3.ndjson,neutral,0.7439903616905212
jp nos iva quitar los exámenes para ingresar a la universidad!!!! 😭😭,7257256133189157893,wurplie,13,7654919828978058002,7649989196693654804,0,,False,K,K3.ndjson,neutral,0.6111404299736023
jp que gane si o si,6847169710380614662,sintiakeli12,35,7650306158251868948,7649989196693654804,0,,False,K,K3.ndjson,positive,0.6933072209358215
vamos jp,6861709787316093957,ursuladmss0,9,7650702354149294868,7649989196693654804,0,,False,K,K3.ndjson,positive,0.7269666790962219
adivina quién está ganando,7606073551888303125,angeliano48,10,7650346128550052626,7649989196693654804,0,,False,K,K3.ndjson,neutral,0.6203732490539551
y si nos mudamos de país chicos,7567161556284556309,papitaconpollo832,3,7651359903974130453,7649989196693654804,0,,False,K,K3.ndjson,neutral,0.5921539664268494
JP POR DIEMPRE,7603634447280047111,userperdido138,7,7650217417377071880,7649989196693654804,0,,False,K,K3.ndjson,positive,0.5564067959785461
deberían actualizar el sistema para que el candidato que va perdiendo salga con esa cara,6967567657609413638,007neverend,86,7650194652931769109,7649989196693654804,7650103330234696455,7.650103330234697e+18,True,K,K3.ndjson,negative,0.43362241983413696
fan de Keiko tenía que ser este c-rrano,7399516805011964933,rlmi22,25,7650493330518082324,7649989196693654804,7650146374633243393,7.650146374633244e+18,True,K,K3.ndjson,negative,0.9074950814247131
Su hermano no tenía la misma carisma,6619214846981160966,frevasq0,11,7650651597009404688,7649989196693654804,7650146374633243393,7.650146374633244e+18,True,K,K3.ndjson,neutral,0.6883111000061035
LA FIRME❤️❤️❤️,257396182342258689,marcitax.x,3,7653292460533564181,7649989196693654804,7650146374633243393,7.650146374633244e+18,True,K,K3.ndjson,neutral,0.6239820718765259
"Dijo si vizcarra participaba, no dijo que su hermano",7624640603934901270,veax502,1,7659840292896342806,7649989196693654804,7650146374633243393,7.650146374633244e+18,True,K,K3.ndjson,neutral,0.5430541038513184
"y si postulaba kenti hace rato ganaba, es lo mismo, son personas diferentes",6931481927674528769,mlox_cost,1,7651272901433410305,7649989196693654804,7650146374633243393,7.650146374633244e+18,True,K,K3.ndjson,neutral,0.6475724577903748
por eso lo llevaron preso xd,7580527245035422736,bwtfan_oo,0,7653924649172468481,7649989196693654804,7650146374633243393,7.650146374633244e+18,True,K,K3.ndjson,negative,0.8748384714126587
porque querían a Vizcarra no a su hermano,6967323193678349317,luis1400_14,43,7650178297955107592,7649989196693654804,7650146374633243393,7.650146374633244e+18,True,K,K3.ndjson,negative,0.6735650897026062
es verdad 👍,7547148631247242248,victorhugobesad25,0,7651237394615747346,7649989196693654804,7650146374633243393,7.650146374633244e+18,True,K,K3.ndjson,neutral,0.4168843924999237
fan de la Kaká tenía que ser 💜✌️,7586675792278930439,buenas_noches090,0,7650977841707107079,7649989196693654804,7650146374633243393,7.650146374633244e+18,True,K,K3.ndjson,positive,0.5058067440986633
See la gente votaba por su hermano xdd,7043312465023288326,yuulu1,0,7650187634523194129,7649989196693654804,7650146374633243393,7.650146374633244e+18,True,K,K3.ndjson,negative,0.5335682034492493
muy pocos en si ya que el que Hiba a estar a cargo Hiba ser su hermano y a la gente no se le hacía bueno que fuera el y no Vizcarra anque si tuvo votos fueron pocos por la desconfianza,6967323193678349317,luis1400_14,0,7650341264852419336,7649989196693654804,7650146374633243393,7.650146374633244e+18,True,K,K3.ndjson,neutral,0.5697166323661804
porque no era Vizcarra pues 😂,7603545776736404498,luwarkmwv8g,0,7650860991614239506,7649989196693654804,7650146374633243393,7.650146374633244e+18,True,K,K3.ndjson,neutral,0.5765248537063599
Desde la cárcel?,6990149842094703621,7388298273_64647836hg,12,7650155675645723408,7649989196693654804,7650146374633243393,7.650146374633244e+18,True,K,K3.ndjson,neutral,0.6004849076271057
Si el chino postulaba no existiría la segunda vuelta,7106359736060199941,kalichin32,2,7650223102965596948,7649989196693654804,7650146374633243393,7.650146374633244e+18,True,K,K3.ndjson,neutral,0.7727605700492859
"uno de los peores gobiernos de la historia,ni cagándo ganaba",7148958505880306693,mr.golpes09,0,7653053799414858514,7649989196693654804,7650146374633243393,7.650146374633244e+18,True,K,K3.ndjson,negative,0.7227035760879517
Ganaba mas odio de las absurdas cosas que iso✔️,7184587609791972358,avedelasrocas12345,0,7650375887283553042,7649989196693654804,7650146374633243393,7.650146374633244e+18,True,K,K3.ndjson,negative,0.754942774772644
Lo venderá todo,7526354813073458194,pinto1017,10,7650108495871017748,7649989196693654804,7650101352396751624,7.650101352396752e+18,True,K,K3.ndjson,neutral,0.5848404765129089
zurdo,7158275259330003974,neulboloko,4,7651100271208284948,7649989196693654804,7650101352396751624,7.650101352396752e+18,True,K,K3.ndjson,neutral,0.531548023223877
Laura dirás,7536688995678929938,four_bpie,0,7651650785490748178,7649989196693654804,7650101352396751624,7.650101352396752e+18,True,K,K3.ndjson,neutral,0.5189892053604126
eso es más malo que bueno,7131650576659760133,gelakiu2xd,39,7654968753474798354,7649989196693654804,7654919828978058002,7.654919828978058e+18,True,K,K3.ndjson,negative,0.7174616456031799
Amikito si no te gusta k keiko sea presidenta pues te me vas del país y ya ademas los exámenes son para reforzar lo que aprendimos y si jp sacara eso es un bruto,7484296928910590983,dasha6685,1,7660251997442736903,7649989196693654804,7654919828978058002,7.654919828978058e+18,True,K,K3.ndjson,negative,0.9347072839736938
"puro Fra🏠do entonces , aquí en Europa siempre debes dar tu examen",7252459793259201541,dtnz_p,1,7655225958266110738,7649989196693654804,7654919828978058002,7.654919828978058e+18,True,K,K3.ndjson,neutral,0.5235905647277832
El pais se va a la bancarrota por esos examenes faltantes 😭✌️,7183829403897971717,naka_seth,0,7664780702957306625,7649989196693654804,7654919828978058002,7.654919828978058e+18,True,K,K3.ndjson,negative,0.9010286331176758
"asco de señor, ignorante",7594383532065571848,r00kquila,0,7659571092282049298,7649989196693654804,7654919828978058002,7.654919828978058e+18,True,K,K3.ndjson,negative,0.9571145176887512
jp és mentiroso,6868268517554537478,yusmerlordoficial2.1,0,7659063756173427476,7649989196693654804,7654919828978058002,7.654919828978058e+18,True,K,K3.ndjson,negative,0.9457706212997437
ya me esperaba gente ignorante comentar :v si ganaba jp lo hiban a vacar y si lo hacían se harían las reelecciones pero claro como hay gente estupida que ni se enforma que se puede hacer,7587560143832187920,angelux01_xd,0,7658087325037462273,7649989196693654804,7654919828978058002,7.654919828978058e+18,True,K,K3.ndjson,negative,0.9473066926002502
"Eso que, burrote",7025806596030661637,_kai_126,0,7657964501679489813,7649989196693654804,7654919828978058002,7.654919828978058e+18,True,K,K3.ndjson,neutral,0.5648502111434937
Estudia k💪,7019539201066681349,anaya.lolzz,0,7657928061250126612,7649989196693654804,7654919828978058002,7.654919828978058e+18,True,K,K3.ndjson,negative,0.4432410001754761
para eso esta la utp y la ucv fra🏠do,6908065886645683205,era_bait08,0,7656603709006414610,7649989196693654804,7654919828978058002,7.654919828978058e+18,True,K,K3.ndjson,neutral,0.6209580898284912
,7260273780726760453,ind_hank,0,7655807177047655169,7649989196693654804,7654919828978058002,7.654919828978058e+18,True,K,K3.ndjson,positive,0.4405459463596344
UTP,7566429259948180492,daniel.yucra.anco6,0,7655526970847380232,7649989196693654804,7654919828978058002,7.654919828978058e+18,True,K,K3.ndjson,neutral,0.46902573108673096
puro burro dice eso,7518521671897482245,jxm_.mt,0,7655124701789897488,7649989196693654804,7654919828978058002,7.654919828978058e+18,True,K,K3.ndjson,neutral,0.44561707973480225
El és mi vecino y no lo creo ni mierda engaña aqui ustedes creen,6868268517554537478,yusmerlordoficial2.1,0,7663860012385665813,7649989196693654804,7654919828978058002,7.654919828978058e+18,True,K,K3.ndjson,neutral,0.7665764689445496
se jodía la educación entonces,7288017167562687494,user50029904259231,0,7655547479639917319,7649989196693654804,7654919828978058002,7.654919828978058e+18,True,K,K3.ndjson,negative,0.6937328577041626
cállate el es más corrupto q Pedro Castillo,7487832776357643282,gustavo.lines.par,10,7650320081218339592,7649989196693654804,7650306158251868948,7.650306158251869e+18,True,K,K3.ndjson,negative,0.967099130153656
si bro,7595366050447787026,lianvicente8,0,7658390545744020245,7649989196693654804,7650702354149294868,7.650702354149295e+18,True,K,K3.ndjson,neutral,0.5079863667488098
no va ganar ese pendejo,7595366050447787026,lianvicente8,0,7658390704868016917,7649989196693654804,7650702354149294868,7.650702354149295e+18,True,K,K3.ndjson,negative,0.6890178322792053
,7080006388764525573,501st.republic,0,7651409223436583701,7649989196693654804,7650702354149294868,7.650702354149295e+18,True,K,K3.ndjson,positive,0.4405459463596344
no mame ahora el agua subira de precio peresio pero si ganará sanchez estaría el agua igual solo que no tendríamos plata para nada,7655869375548261384,mathipatata,1,7658095316705461013,7649989196693654804,0,,False,K,K3.ndjson,negative,0.46374940872192383
es de derechas?,7407616319967839238,carladanielarodri35,6,7651083095148528404,7649989196693654804,0,,False,K,K3.ndjson,negative,0.5121966004371643
ya fue el pais,7385683855217460230,abcdces12,12,7650128490705158933,7649989196693654804,0,,False,K,K3.ndjson,negative,0.5210755467414856
el presidente será Roberto sanchez palomino,7099628333705790469,marcial.palomino4,0,7656113565006480135,7649989196693654804,0,,False,K,K3.ndjson,neutral,0.626294732093811
que gane jp,6851679334965756934,ladoris14,6,7651035203519513362,7649989196693654804,0,,False,K,K3.ndjson,positive,0.6610702276229858
Nombre de la canción?,6895829421649134598,luisricardo298,3,7650248340621771541,7649989196693654804,0,,False,K,K3.ndjson,neutral,0.6575945019721985
keiko presidenta arriba perú,6868268517554537478,yusmerlordoficial2.1,36,7650127634463376149,7649989196693654804,0,,False,K,K3.ndjson,positive,0.7190295457839966
la verdad no estoy de acuerdo de q keiko gane pero si gana pues q se puede hacer ;v,7241287502697989125,brandonlunagomez,7,7650353696043811602,7649989196693654804,0,,False,K,K3.ndjson,negative,0.6203063726425171
"keiko esta ganando por 60,000",7338874610736464902,dnielslx.cm,55,7650153780621460245,7649989196693654804,0,,False,K,K3.ndjson,neutral,0.4624951183795929
Keiko gana!!,7297631370129572869,k1pantera0,30,7650106911442912020,7649989196693654804,0,,False,K,K3.ndjson,positive,0.607031524181366
,7214808379955627014,cristoferrojas14,33,7650223980368888583,7649989196693654804,0,,False,K,K3.ndjson,positive,0.44054609537124634
name de la song?,6825588802742486022,yukki.nk,0,7653956009283453717,7649989196693654804,0,,False,K,K3.ndjson,neutral,0.7353275418281555
,7357422097901143046,y0shiro_25,7,7650346735016952596,7649989196693654804,7650346128550052626,7.650346128550053e+18,True,K,K3.ndjson,positive,0.44054609537124634
adivina quien perdió,7605243331866723335,nosetampoco4833,0,7661626739030295317,7649989196693654804,7650346128550052626,7.650346128550053e+18,True,K,K3.ndjson,neutral,0.6225123405456543
yo adivino Keiko,7531185739201184775,ayelenmallaromero,0,7656576149569897237,7649989196693654804,7650346128550052626,7.650346128550053e+18,True,K,K3.ndjson,neutral,0.7104446291923523
iva,273332110814568448,nicolleyamiletcarpi,0,7653879913715335954,7649989196693654804,7650346128550052626,7.650346128550053e+18,True,K,K3.ndjson,neutral,0.5433440804481506
ni se informaba😂😂😂,7624308526127318037,jul_xdforever,0,7651030161907401492,7649989196693654804,7650346128550052626,7.650346128550053e+18,True,K,K3.ndjson,negative,0.4972921311855316
payaso,7607949711936603154,hzl_7c,12,7651825315891086098,7649989196693654804,7651359903974130453,7.651359903974131e+18,True,K,K3.ndjson,neutral,0.4596032500267029
Wey si eligen a jp peru se vuelve pobre,6958848980298843141,benjamin.fernandez13,2,7651770274211496705,7649989196693654804,7651359903974130453,7.651359903974131e+18,True,K,K3.ndjson,negative,0.7552178502082825
lárgate tu p k💪,7158275259330003974,neulboloko,1,7653609730251064084,7649989196693654804,7651359903974130453,7.651359903974131e+18,True,K,K3.ndjson,negative,0.9474610686302185
chiste?,7221194733186712582,sebichem_,0,7654134693147968277,7649989196693654804,7651359903974130453,7.651359903974131e+18,True,K,K3.ndjson,neutral,0.5538107752799988
Quieres que país esta como Venezuela,7612323493295719432,ns23461,4,7650225352887075604,7649989196693654804,7650217417377071880,7.650217417377072e+18,True,K,K3.ndjson,neutral,0.497029185295105
"no apoyo a jp pero me gustaría que expliques tu posición de como Perú se volvería Venezuela , tómate tu tiempo",7354648588952241158,esa.leiva,0,7650229492179092240,7649989196693654804,7650217417377071880,7.650217417377072e+18,True,K,K3.ndjson,neutral,0.4364687502384186
"yo te explico, Sanchez en su propuesta dice todo pero todo el mal régimen que va hacer al Perú, lit nos quiere encerrar como korea del norte y lit sacaron todo red de comunicación, cortara lazos con empresas extranjeras y con demas países y encima va sacar a su hermano",6724741422308099078,li.xvex,1,7650249639916405524,7649989196693654804,7650217417377071880,7.650217417377072e+18,True,K,K3.ndjson,negative,0.5471040606498718
"que interesante ,me podrías decir tus fuentes en la que basas tu información ? y a que Hermano te refieres?",7354648588952241158,esa.leiva,0,7650289690012418817,7649989196693654804,7650217417377071880,7.650217417377072e+18,True,K,K3.ndjson,positive,0.5288072824478149
o tu nomás copias y pegas,6995909326334395397,williamsykirasilva,0,7650303154735792916,7649989196693654804,7650217417377071880,7.650217417377072e+18,True,K,K3.ndjson,neutral,0.6389980316162109
ta bien mn,7603634447280047111,userperdido138,0,7650698544768549639,7649989196693654804,7650217417377071880,7.650217417377072e+18,True,K,K3.ndjson,neutral,0.41220229864120483
"yo escribí todo eso 🥰, si quieres copio y pego de chatgpt",6724741422308099078,li.xvex,0,7657268416089326356,7649989196693654804,7650217417377071880,7.650217417377072e+18,True,K,K3.ndjson,neutral,0.8059624433517456
y tbm me canse de explicar a uno por uno 🙎‍♀️,6724741422308099078,li.xvex,0,7657268694759375637,7649989196693654804,7650217417377071880,7.650217417377072e+18,True,K,K3.ndjson,negative,0.5298539400100708
su hermano pedro castillo 🙎‍♀️,6724741422308099078,li.xvex,0,7657271672362222357,7649989196693654804,7650217417377071880,7.650217417377072e+18,True,K,K3.ndjson,neutral,0.5510260462760925
XD?,7354648588952241158,esa.leiva,1,7657272286253040400,7649989196693654804,7650217417377071880,7.650217417377072e+18,True,K,K3.ndjson,neutral,0.47370973229408264
como se volvería Venezuela según tu?,6995909326334395397,williamsykirasilva,2,7650230222536672021,7649989196693654804,7650217417377071880,7.650217417377072e+18,True,K,K3.ndjson,neutral,0.6951953768730164
"@💭:yo te explico, Sanchez en su propuesta dice todo pero todo el mal régimen que va hacer al Perú, lit nos quiere encerrar como korea del norte y lit sacaron todo red de comunicación, cortara lazos con empresas extranjeras y con demas países y encima va sacar a su hermano",6724741422308099078,li.xvex,0,7650249919307039508,7649989196693654804,7650217417377071880,7.650217417377072e+18,True,K,K3.ndjson,negative,0.507234513759613
bueno básicamente Venezuela por maduro que es un partido ezquierdista igual que JP que siguen el régimen Chavista,6724741422308099078,li.xvex,0,7657271515721712405,7649989196693654804,7650217417377071880,7.650217417377072e+18,True,K,K3.ndjson,neutral,0.42476320266723633
"En que momento pasaria explicate solo saben usar ese ""argumento"" solo por que JP favoriza al pueblo y eso es la izquierda por personas como tu el perú se esta llendo a la basura la verdad estamos viviendo demasiados años con la derecha que solo se enfoca en los empresarios y por eso estamos asi",7605652396656296967,lndrrx0,0,7653826328744280839,7649989196693654804,7650217417377071880,7.650217417377072e+18,True,K,K3.ndjson,negative,0.8998319506645203
@fan de jenna ortega 💗💗:Pues habra.un montón de protestas habrá canales de el como Venezuela lo que aporta acá de otros países ya no va aver la comida más cara,7612323493295719432,ns23461,0,7650247767444685588,7649989196693654804,7650217417377071880,7.650217417377072e+18,True,K,K3.ndjson,neutral,0.6030874252319336
Pues habra.un montón de protestas habrá canales de el como Venezuela lo que aporta acá de otros países ya no va aver la comida más cara,7612323493295719432,ns23461,0,7650247573496529685,7649989196693654804,7650217417377071880,7.650217417377072e+18,True,K,K3.ndjson,neutral,0.4823293387889862
porque no nos venderia como ottos,7603634447280047111,userperdido138,0,7650240783924773640,7649989196693654804,7650217417377071880,7.650217417377072e+18,True,K,K3.ndjson,neutral,0.7948613166809082
bueno mn si eso ocurre tengo varios dolares de soporte,7603634447280047111,userperdido138,0,7650240241899045639,7649989196693654804,7650217417377071880,7.650217417377072e+18,True,K,K3.ndjson,neutral,0.6932870745658875
Bueno no quiero ser tu hater o algo así pero esque si gana JP el Perú podría quedar muy mal,7632034070017491989,rrrrrrrrrrr4428,0,7650239921793909524,7649989196693654804,7650217417377071880,7.650217417377072e+18,True,K,K3.ndjson,neutral,0.4640474021434784
"Si, pero con JP no existiría un país para decir ya fue",7236232690301895685,inmortal24,1,7650132468204962580,7649989196693654804,7650128490705158933,7.650128490705159e+18,True,K,K3.ndjson,neutral,0.5587024688720703
Con jp se jd el país oe,7379861186286388229,andree22230,8,7650133914186498817,7649989196693654804,7650128490705158933,7.650128490705159e+18,True,K,K3.ndjson,neutral,0.6490854620933533
y con Keiko se recontra jd,7511115301439816722,sisjsvoshshs,2,7650155365849678599,7649989196693654804,7650128490705158933,7.650128490705159e+18,True,K,K3.ndjson,neutral,0.5759460926055908
este es el verdadero solo miro tik toks 🥀🥀🥀🥀🥀,7530290077256467462,joan06248,0,7650189149701718804,7649989196693654804,7650128490705158933,7.650128490705159e+18,True,K,K3.ndjson,positive,0.5543032288551331
con jp y vas estar en peruzuela,7092461235325240326,dsluis10,1,7650223115373167367,7649989196693654804,7650128490705158933,7.650128490705159e+18,True,K,K3.ndjson,neutral,0.527359127998352
Llora 🥰,7525272181791835166,fernandodominqc,4,7651072716213355277,7649989196693654804,7651035203519513362,7.651035203519514e+18,True,K,K3.ndjson,neutral,0.5621584057807922
jp prondio que dejara que las personad sean lesbianas o geys,7542631677735044103,luana102751,1,7651618697177744135,7649989196693654804,7651035203519513362,7.651035203519514e+18,True,K,K3.ndjson,neutral,0.7057713270187378
"pero impondra las mismal leyes que maduro, bahhh",7507736017572693048,pjsk.esvida,0,7654717669334434568,7649989196693654804,7651035203519513362,7.651035203519514e+18,True,K,K3.ndjson,negative,0.6985766887664795
"99,990% de votos contabilizados osea faltan 10;000 votos almenos, y con eso ni de chiste sanchez alcanza a keiko. KEIKO PRESIDENTA",7484062868579075090,xddddd173772,2,7656544510343856903,7649989196693654804,7656113565006480135,7.65611356500648e+18,True,K,K3.ndjson,neutral,0.43459051847457886
porque tomaste foto a tu mama bro?,7567161556284556309,papitaconpollo832,0,7654440765971809045,7649989196693654804,7650223980368888583,7.650223980368889e+18,True,K,K3.ndjson,neutral,0.5546075701713562
JAJAJAJAJJAJAJAJAJJAJAJA,6845019619289596934,a.m.f.n,0,7651539431459537686,7649989196693654804,7650223980368888583,7.650223980368889e+18,True,K,K3.ndjson,neutral,0.509066104888916
si derecha,6900719369534571526,iamyourlover696,6,7651083757021643550,7649989196693654804,7651083095148528404,7.651083095148529e+18,True,K,K3.ndjson,neutral,0.4601096510887146
no,7595665521694278678,la.diba60,0,7659062901693498134,7649989196693654804,7650127634463376149,7.650127634463376e+18,True,K,K3.ndjson,neutral,0.5063696503639221
el Perú se va ir a la mrd por keiko,7074008931449701381,el.de.las.empanad95,0,7663833788908765972,7649989196693654804,7650127634463376149,7.650127634463376e+18,True,K,K3.ndjson,negative,0.9409990906715393
Fuera JP,7296889156848092165,camyxd123,0,7650593730202960648,7649989196693654804,7650248340621771541,7.650248340621772e+18,True,K,K3.ndjson,negative,0.7320218682289124
Nombre de la canción de la música,6895829421649134598,luisricardo298,1,7650593870628061972,7649989196693654804,7650248340621771541,7.650248340621772e+18,True,K,K3.ndjson,neutral,0.7059690356254578
"pregunto el nombre de la canción, no del candidato t0nt4",7231767240650523653,ghost73.2,0,7650959516390310664,7649989196693654804,7650248340621771541,7.650248340621772e+18,True,K,K3.ndjson,negative,0.5602170825004578
q tarado xd,7195384376624251910,jkatou,1,7658717395779257096,7649989196693654804,7658095316705461013,7.658095316705461e+18,True,K,K3.ndjson,negative,0.9123736619949341
"al revez, sanches haria q el agua este como mas de 5 soles",7295552412189950982,jacquelineyance4,0,7658415006746444560,7649989196693654804,7658095316705461013,7.658095316705461e+18,True,K,K3.ndjson,neutral,0.7009956240653992
"Por 600, falta lima así que pueden llegar a esa diferencia",7473321467867513862,the_espexial,5,7650159847174374164,7649989196693654804,7650153780621460245,7.65015378062146e+18,True,K,K3.ndjson,neutral,0.6903027296066284
aver,7042455562772743174,x.h.xjq,1,7650158648753439508,7649989196693654804,7650153780621460245,7.65015378062146e+18,True,K,K3.ndjson,neutral,0.5152199864387512
en el extranjero,7338874610736464902,dnielslx.cm,1,7656096541724279572,7649989196693654804,7650153780621460245,7.65015378062146e+18,True,K,K3.ndjson,neutral,0.5834118127822876
igual con los dos el pais seguirá igual,7593010536913306631,catalinahuasco,2,7657374953360278280,7649989196693654804,0,,False,K,K3.ndjson,neutral,0.5362020134925842
"que se supone que es esto? no entiendo, y los numeros que demuestran",6659557717730557958,fzbyqv._,1,7655410042087523093,7649989196693654804,0,,False,K,K3.ndjson,negative,0.8743947148323059
"🧡VAMOS KEIKO🧡🧡🧡 🧡🧡🧡VAMOS KEIKO🧡🧡🧡🧡🧡🧡VAMOS KEIKO🧡🧡🧡🧡🧡🧡VAMOS K🧡🧡🧡VAMOS KEIKO🧡🧡🧡 🧡🧡🧡VAMOS KEIKO🧡🧡🧡🧡🧡🧡VAMOS KEIKO🧡🧡🧡🧡🧡🧡VAMOS K🧡🧡🧡VAMOS KEIKO🧡🧡🧡 🧡🧡🧡VAMOS KEIKO🧡🧡🧡🧡🧡🧡VAMOS KEIKO🧡🧡🧡🧡🧡🧡VAMOS K🧡🧡🧡VAMOS KEIKO🧡🧡🧡 🧡🧡🧡VAMOS KEIKO🧡🧡🧡🧡🧡🧡VAMOS KEIKO🧡🧡🧡VAMOS KEIKO🧡🧡🧡 🧡🧡🧡VAMOS KEIKO🧡🧡🧡🧡🧡🧡VAMOS KEIKO🧡🧡🧡🧡🧡🧡VAMOS K🧡🧡🧡VAMOS KEIKO🧡🧡🧡 🧡🧡🧡VAMOS KEIKO🧡🧡🧡🧡🧡🧡VAMOS KEIKO🧡🧡🧡🧡🧡🧡VAMOS K🧡🧡🧡VAMOS KEIKO🧡🧡🧡 🧡🧡🧡VAMOS KEIKO🧡🧡🧡🧡🧡🧡VAMOS KEIKO🧡🧡🧡🧡🧡🧡VAMOS K🧡🧡🧡VAMOS KEIKO🧡🧡🧡 🧡🧡🧡VAMOS KEIKO🧡🧡🧡🧡🧡🧡VAMOS KEIKO🧡🧡VAMOS KEIKO🧡🧡🧡 🧡🧡🧡VAMOS KEIKO🧡🧡🧡🧡🧡🧡VAMOS KEIKO🧡🧡🧡🧡🧡🧡VAMOS K🧡🧡🧡VAMOS KEIKO🧡🧡🧡 🧡🧡🧡VAMOS KEIKO🧡🧡🧡🧡🧡🧡VAMOS KEIKO🧡🧡🧡🧡🧡🧡VAMOS K🧡🧡🧡VAMOS KEIKO🧡🧡🧡 🧡🧡🧡VAMOS KEIKO🧡🧡🧡🧡🧡🧡VAMOS KEIKO🧡🧡🧡🧡🧡🧡VAMOS K🧡🧡🧡VAMOS KEIKO🧡🧡🧡 🧡🧡🧡VAMOS KEIKO🧡🧡🧡🧡🧡🧡VAMOS KEIKO🧡🧡🧡VAMOS KEIKO🧡🧡🧡 🧡🧡🧡VAMOS KEIKO🧡🧡🧡🧡🧡🧡VAMOS KEIKO🧡🧡🧡🧡🧡🧡VAMOS K🧡🧡🧡VAMOS KEIKO🧡🧡🧡 🧡🧡🧡VAMOS KEIKO🧡🧡🧡🧡🧡🧡VAMOS KEIKO🧡🧡🧡🧡🧡🧡VAMOS K🧡🧡🧡VAMOS KEIKO🧡🧡🧡 🧡🧡🧡VAMOS KEIKO🧡🧡🧡🧡🧡🧡VAMOS KEIKO🧡🧡🧡🧡🧡🧡VAMOS K🧡🧡🧡VAMOS KEIKO🧡🧡🧡 🧡🧡🧡VAMOS KEIKO🧡🧡🧡🧡🧡🧡VAMOS KEIKO🧡🧡🧡VAMOS KEIKO🧡🧡🧡 🧡🧡🧡VAMOS KEIKO🧡🧡🧡🧡🧡🧡VAMOS KEIKO🧡🧡🧡🧡🧡🧡VAMOS K🧡🧡🧡VAMOS KEIKO🧡🧡🧡 🧡🧡🧡VAMOS KEIKO🧡🧡🧡🧡🧡🧡VAMOS KEIKO🧡🧡🧡🧡🧡🧡VAMOS K🧡🧡🧡VAMOS KEIKO🧡🧡🧡 🧡🧡🧡VAMOS KEIKO🧡🧡🧡🧡🧡🧡VAMOS KEIKO🧡🧡🧡🧡🧡🧡VAMOS K🧡🧡🧡VAMOS KEIKO🧡🧡🧡 🧡🧡🧡🧡🧡🧡🧡🧡🧡🧡🧡🧡🧡🧡🧡🧡🧡🧡🧡🧡🧡🧡🧡🧡🧡🧡
:🧡🧡🧡VAMOS KEIKO🧡🧡🧡 🧡🧡🧡VAMOS KEIKO🧡🧡🧡🧡🧡🧡VAMOS KEIKO🧡🧡🧡🧡🧡🧡VAMOS K🧡🧡🧡VAMOS KEIKO🧡🧡🧡 🧡🧡🧡VAMOS KEIKO🧡🧡🧡🧡🧡🧡VAMOS KEIKO🧡🧡🧡🧡🧡🧡VAMOS K🧡🧡🧡VAMOS KEIKO🧡🧡🧡 🧡🧡🧡VAMOS KEIKO🧡🧡🧡🧡🧡🧡VAMOS KEIKO🧡🧡🧡🧡🧡🧡VAMOS K🧡🧡🧡VAMOS KEIKO🧡🧡🧡 🧡🧡🧡VAMOS KEIKO🧡🧡🧡🧡🧡🧡VAMOS KEIKO🧡🧡🧡🧡VAMOS KEIKO🧡🧡🧡 🧡🧡🧡VAMOS KEIKO🧡🧡🧡🧡🧡🧡VAMOS KEIKO🧡VAMOS KEIKO🧡🧡🧡 🧡🧡🧡VAMOS KEIKO🧡🧡🧡🧡🧡🧡VAMOS KEIKO🧡🧡🧡🧡🧡🧡VAMOS K🧡🧡🧡VAMOS KEIKO🧡🧡🧡 🧡🧡🧡VAMOS KEIKO🧡🧡🧡🧡🧡🧡VAMOS KEIKO🧡🧡🧡🧡🧡🧡VAMOS K🧡🧡🧡VAMOS KEIKO🧡🧡🧡 🧡🧡🧡VAMOS KEIKO🧡🧡🧡🧡🧡🧡VAMOS KEIKO🧡🧡🧡🧡",7637639227995374612,user011493802,7,7650330106833093394,7649989196693654804,0,,False,K,K3.ndjson,neutral,0.4066144824028015
"🧡VAMOS KEIKO🧡🧡🧡 🧡🧡🧡VAMOS KEIKO🧡🧡🧡🧡🧡🧡VAMOS KEIKO🧡🧡🧡🧡🧡🧡VAMOS K🧡🧡🧡VAMOS KEIKO🧡🧡🧡 🧡🧡🧡VAMOS KEIKO🧡🧡🧡🧡🧡🧡VAMOS KEIKO🧡🧡🧡🧡🧡🧡VAMOS K🧡🧡🧡VAMOS KEIKO🧡🧡🧡 🧡🧡🧡VAMOS KEIKO🧡🧡🧡🧡🧡🧡VAMOS KEIKO🧡🧡🧡🧡🧡🧡VAMOS K🧡🧡🧡VAMOS KEIKO🧡🧡🧡 🧡🧡🧡VAMOS KEIKO🧡🧡🧡🧡🧡🧡VAMOS KEIKO🧡🧡🧡VAMOS KEIKO🧡🧡🧡 🧡🧡🧡VAMOS KEIKO🧡🧡🧡🧡🧡🧡VAMOS KEIKO🧡🧡🧡🧡🧡🧡VAMOS K🧡🧡🧡VAMOS KEIKO🧡🧡🧡 🧡🧡🧡VAMOS KEIKO🧡🧡🧡🧡🧡🧡VAMOS KEIKO🧡🧡🧡🧡🧡🧡VAMOS K🧡🧡🧡VAMOS KEIKO🧡🧡🧡 🧡🧡🧡VAMOS KEIKO🧡🧡🧡🧡🧡🧡VAMOS KEIKO🧡🧡🧡🧡🧡🧡VAMOS K🧡🧡🧡VAMOS KEIKO🧡🧡🧡 🧡🧡🧡VAMOS KEIKO🧡🧡🧡🧡🧡🧡VAMOS KEIKO🧡🧡VAMOS KEIKO🧡🧡🧡 🧡🧡🧡VAMOS KEIKO🧡🧡🧡🧡🧡🧡VAMOS KEIKO🧡🧡🧡🧡🧡🧡VAMOS K🧡🧡🧡VAMOS KEIKO🧡🧡🧡 🧡🧡🧡VAMOS KEIKO🧡🧡🧡🧡🧡🧡VAMOS KEIKO🧡🧡🧡🧡🧡🧡VAMOS K🧡🧡🧡VAMOS KEIKO🧡🧡🧡 🧡🧡🧡VAMOS KEIKO🧡🧡🧡🧡🧡🧡VAMOS KEIKO🧡🧡🧡🧡🧡🧡VAMOS K🧡🧡🧡VAMOS KEIKO🧡🧡🧡 🧡🧡🧡VAMOS KEIKO🧡🧡🧡🧡🧡🧡VAMOS KEIKO🧡🧡🧡VAMOS KEIKO🧡🧡🧡 🧡🧡🧡VAMOS KEIKO🧡🧡🧡🧡🧡🧡VAMOS KEIKO🧡🧡🧡🧡🧡🧡VAMOS K🧡🧡🧡VAMOS KEIKO🧡🧡🧡 🧡🧡🧡VAMOS KEIKO🧡🧡🧡🧡🧡🧡VAMOS KEIKO🧡🧡🧡🧡🧡🧡VAMOS K🧡🧡🧡VAMOS KEIKO🧡🧡🧡 🧡🧡🧡VAMOS KEIKO🧡🧡🧡🧡🧡🧡VAMOS KEIKO🧡🧡🧡🧡🧡🧡VAMOS K🧡🧡🧡VAMOS KEIKO🧡🧡🧡 🧡🧡🧡VAMOS KEIKO🧡🧡🧡🧡🧡🧡VAMOS KEIKO🧡🧡🧡VAMOS KEIKO🧡🧡🧡 🧡🧡🧡VAMOS KEIKO🧡🧡🧡🧡🧡🧡VAMOS KEIKO🧡🧡🧡🧡🧡🧡VAMOS K🧡🧡🧡VAMOS KEIKO🧡🧡🧡 🧡🧡🧡VAMOS KEIKO🧡🧡🧡🧡🧡🧡VAMOS KEIKO🧡🧡🧡🧡🧡🧡VAMOS K🧡🧡🧡VAMOS KEIKO🧡🧡🧡 🧡🧡🧡VAMOS KEIKO🧡🧡🧡🧡🧡🧡VAMOS KEIKO🧡🧡🧡🧡🧡🧡VAMOS K🧡🧡🧡VAMOS KEIKO🧡🧡🧡 🧡🧡🧡🧡🧡🧡🧡🧡🧡🧡🧡🧡🧡🧡🧡🧡🧡🧡🧡🧡🧡🧡🧡🧡🧡🧡
:🧡🧡🧡VAMOS KEIKO🧡🧡🧡 🧡🧡🧡VAMOS KEIKO🧡🧡🧡🧡🧡🧡VAMOS KEIKO🧡🧡🧡🧡🧡🧡VAMOS K🧡🧡🧡VAMOS KEIKO🧡🧡🧡 🧡🧡🧡VAMOS KEIKO🧡🧡🧡🧡🧡🧡VAMOS KEIKO🧡🧡🧡🧡🧡🧡VAMOS K🧡🧡🧡VAMOS KEIKO🧡🧡🧡 🧡🧡🧡VAMOS KEIKO🧡🧡🧡🧡🧡🧡VAMOS KEIKO🧡🧡🧡🧡🧡🧡VAMOS K🧡🧡🧡VAMOS KEIKO🧡🧡🧡 🧡🧡🧡VAMOS KEIKO🧡🧡🧡🧡🧡🧡VAMOS KEIKO🧡🧡🧡🧡VAMOS KEIKO🧡🧡🧡 🧡🧡🧡VAMOS KEIKO🧡🧡🧡🧡🧡🧡VAMOS KEIKO",7579762591242945554,alexito_xd638,10,7650858727574225682,7649989196693654804,0,,False,K,K3.ndjson,neutral,0.4066144824028015
Roberto Sánchez presidente,7576822782701896721,tucoqueta_2025,2,7655778330175882004,7649989196693654804,0,,False,K,K3.ndjson,positive,0.5724310874938965
"@Oscxxz🏧🐊:@juanbiker69:🧡VAMOS KEIKO🧡🧡🧡 🧡🧡🧡VAMOS KEIKO🧡🧡🧡🧡🧡🧡VAMOS KEIKO🧡🧡🧡🧡🧡🧡VAMOS K🧡🧡🧡VAMOS KEIKO🧡🧡🧡 🧡🧡🧡VAMOS KEIKO🧡🧡🧡🧡🧡🧡VAMOS KEIKO🧡🧡🧡🧡🧡🧡VAMOS K🧡🧡🧡VAMOS KEIKO🧡🧡🧡 🧡🧡🧡VAMOS KEIKO🧡🧡🧡🧡🧡🧡VAMOS KEIKO🧡🧡🧡🧡🧡🧡VAMOS K🧡🧡🧡VAMOS KEIKO🧡🧡🧡 🧡🧡🧡VAMOS KEIKO🧡🧡🧡🧡🧡🧡VAMOS KEIKO🧡🧡🧡VAMOS KEIKO🧡🧡🧡 🧡🧡🧡VAMOS KEIKO🧡🧡🧡🧡🧡🧡VAMOS KEIKO🧡🧡🧡🧡🧡🧡VAMOS K🧡🧡🧡VAMOS KEIKO🧡🧡🧡 🧡🧡🧡VAMOS KEIKO🧡🧡🧡🧡🧡🧡VAMOS KEIKO🧡🧡🧡🧡🧡🧡VAMOS K🧡🧡🧡VAMOS KEIKO🧡🧡🧡 🧡🧡🧡VAMOS KEIKO🧡🧡🧡🧡🧡🧡VAMOS KEIKO🧡🧡🧡🧡🧡🧡VAMOS K🧡🧡🧡VAMOS KEIKO🧡🧡🧡 🧡🧡🧡VAMOS KEIKO🧡🧡🧡🧡🧡🧡VAMOS KEIKO🧡🧡VAMOS KEIKO🧡🧡🧡 🧡🧡🧡VAMOS KEIKO🧡🧡🧡🧡🧡🧡VAMOS KEIKO🧡🧡🧡🧡🧡🧡VAMOS K🧡🧡🧡VAMOS KEIKO🧡🧡🧡 🧡🧡🧡VAMOS KEIKO🧡🧡🧡🧡🧡🧡VAMOS KEIKO🧡🧡🧡🧡🧡🧡VAMOS K🧡🧡🧡VAMOS KEIKO🧡🧡🧡 🧡🧡🧡VAMOS KEIKO🧡🧡🧡🧡🧡🧡VAMOS KEIKO🧡🧡🧡🧡🧡🧡VAMOS K🧡🧡🧡VAMOS KEIKO🧡🧡🧡 🧡🧡🧡VAMOS KEIKO🧡🧡🧡🧡🧡🧡VAMOS KEIKO🧡🧡🧡VAMOS KEIKO🧡🧡🧡 🧡🧡🧡VAMOS KEIKO🧡🧡🧡🧡🧡🧡VAMOS KEIKO🧡🧡🧡🧡🧡🧡VAMOS K🧡🧡🧡VAMOS KEIKO🧡🧡🧡 🧡🧡🧡VAMOS KEIKO🧡🧡🧡🧡🧡🧡VAMOS KEIKO🧡🧡🧡🧡🧡🧡VAMOS K🧡🧡🧡VAMOS KEIKO🧡🧡🧡 🧡🧡🧡VAMOS KEIKO🧡🧡🧡🧡🧡🧡VAMOS KEIKO🧡🧡🧡🧡🧡🧡VAMOS K🧡🧡🧡VAMOS KEIKO🧡🧡🧡 🧡🧡🧡VAMOS KEIKO🧡🧡🧡🧡🧡🧡VAMOS KEIKO🧡🧡🧡VAMOS KEIKO🧡🧡🧡 🧡🧡🧡VAMOS KEIKO🧡🧡🧡🧡🧡🧡VAMOS KEIKO🧡🧡🧡🧡🧡🧡VAMOS K🧡🧡🧡VAMOS KEIKO🧡🧡🧡 🧡🧡🧡VAMOS KEIKO🧡🧡🧡🧡🧡🧡VAMOS KEIKO🧡🧡🧡🧡🧡🧡VAMOS K🧡🧡🧡VAMOS KEIKO🧡🧡🧡 🧡🧡🧡VAMOS KEIKO🧡🧡🧡🧡🧡🧡VAMOS KEIKO🧡🧡🧡🧡🧡🧡VAMOS K🧡🧡🧡VAMOS KEIKO🧡🧡🧡 🧡🧡🧡🧡🧡🧡🧡🧡🧡🧡🧡🧡🧡🧡🧡🧡🧡🧡🧡🧡🧡🧡🧡🧡🧡🧡
:🧡🧡🧡VAMOS KEIKO🧡🧡🧡 🧡🧡🧡VAMOS KEIKO🧡🧡🧡🧡🧡🧡VAMOS KEIKO🧡🧡🧡🧡🧡🧡VAMOS K🧡🧡🧡VAMOS KEIKO🧡🧡🧡 🧡🧡🧡VAMOS KEIKO🧡🧡🧡🧡🧡🧡VAMOS KEIKO🧡🧡🧡🧡🧡🧡VAMOS K🧡🧡🧡VAMOS KEIKO🧡🧡🧡 🧡🧡🧡VAMOS KEIKO🧡🧡🧡🧡🧡🧡VAMOS KEIKO🧡🧡🧡🧡🧡🧡VAMOS K🧡🧡🧡VAMOS KEIKO🧡🧡🧡 🧡🧡🧡VAMOS KEIKO🧡🧡🧡🧡🧡🧡VAMOS KEIKO🧡🧡🧡🧡VAMOS KEIKO🧡🧡🧡 🧡🧡🧡VAMOS KEIKO🧡🧡🧡🧡🧡🧡VAMOS KEIKO",7504127750560302085,errorcin_astro,8,7650233265105765127,7649989196693654804,0,,False,K,K3.ndjson,neutral,0.46694687008857727
"""recuerden no es votar por el mejor es votar por el menos peor""",7316583131565753349,pops_creator_historys,5,7650744624756458260,7649989196693654804,0,,False,K,K3.ndjson,positive,0.46002161502838135
,7648415590927369236,marilialdanamayan,0,7655127732381827860,7649989196693654804,0,,False,K,K3.ndjson,positive,0.44054585695266724
verdad como se llama la musica,7612279060299400209,wafflys_cham,0,7657743889977918216,7649989196693654804,0,,False,K,K3.ndjson,neutral,0.7355921268463135
ahora va 50.010%😳😳😳,7404534545683137541,mikael_2299,9,7650639805349757716,7649989196693654804,0,,False,K,K3.ndjson,neutral,0.6206673383712769
como se llama la música,7548469982612620289,hjlfs1,6,7652955079751140097,7649989196693654804,0,,False,K,K3.ndjson,neutral,0.6444095969200134
"@juanbiker69:🧡VAMOS KEIKO🧡🧡🧡 🧡🧡🧡VAMOS KEIKO🧡🧡🧡🧡🧡🧡VAMOS KEIKO🧡🧡🧡🧡🧡🧡VAMOS K🧡🧡🧡VAMOS KEIKO🧡🧡🧡 🧡🧡🧡VAMOS KEIKO🧡🧡🧡🧡🧡🧡VAMOS KEIKO🧡🧡🧡🧡🧡🧡VAMOS K🧡🧡🧡VAMOS KEIKO🧡🧡🧡 🧡🧡🧡VAMOS KEIKO🧡🧡🧡🧡🧡🧡VAMOS KEIKO🧡🧡🧡🧡🧡🧡VAMOS K🧡🧡🧡VAMOS KEIKO🧡🧡🧡 🧡🧡🧡VAMOS KEIKO🧡🧡🧡🧡🧡🧡VAMOS KEIKO🧡🧡🧡VAMOS KEIKO🧡🧡🧡 🧡🧡🧡VAMOS KEIKO🧡🧡🧡🧡🧡🧡VAMOS KEIKO🧡🧡🧡🧡🧡🧡VAMOS K🧡🧡🧡VAMOS KEIKO🧡🧡🧡 🧡🧡🧡VAMOS KEIKO🧡🧡🧡🧡🧡🧡VAMOS KEIKO🧡🧡🧡🧡🧡🧡VAMOS K🧡🧡🧡VAMOS KEIKO🧡🧡🧡 🧡🧡🧡VAMOS KEIKO🧡🧡🧡🧡🧡🧡VAMOS KEIKO🧡🧡🧡🧡🧡🧡VAMOS K🧡🧡🧡VAMOS KEIKO🧡🧡🧡 🧡🧡🧡VAMOS KEIKO🧡🧡🧡🧡🧡🧡VAMOS KEIKO🧡🧡VAMOS KEIKO🧡🧡🧡 🧡🧡🧡VAMOS KEIKO🧡🧡🧡🧡🧡🧡VAMOS KEIKO🧡🧡🧡🧡🧡🧡VAMOS K🧡🧡🧡VAMOS KEIKO🧡🧡🧡 🧡🧡🧡VAMOS KEIKO🧡🧡🧡🧡🧡🧡VAMOS KEIKO🧡🧡🧡🧡🧡🧡VAMOS K🧡🧡🧡VAMOS KEIKO🧡🧡🧡 🧡🧡🧡VAMOS KEIKO🧡🧡🧡🧡🧡🧡VAMOS KEIKO🧡🧡🧡🧡🧡🧡VAMOS K🧡🧡🧡VAMOS KEIKO🧡🧡🧡 🧡🧡🧡VAMOS KEIKO🧡🧡🧡🧡🧡🧡VAMOS KEIKO🧡🧡🧡VAMOS KEIKO🧡🧡🧡 🧡🧡🧡VAMOS KEIKO🧡🧡🧡🧡🧡🧡VAMOS KEIKO🧡🧡🧡🧡🧡🧡VAMOS K🧡🧡🧡VAMOS KEIKO🧡🧡🧡 🧡🧡🧡VAMOS KEIKO🧡🧡🧡🧡🧡🧡VAMOS KEIKO🧡🧡🧡🧡🧡🧡VAMOS K🧡🧡🧡VAMOS KEIKO🧡🧡🧡 🧡🧡🧡VAMOS KEIKO🧡🧡🧡🧡🧡🧡VAMOS KEIKO🧡🧡🧡🧡🧡🧡VAMOS K🧡🧡🧡VAMOS KEIKO🧡🧡🧡 🧡🧡🧡VAMOS KEIKO🧡🧡🧡🧡🧡🧡VAMOS KEIKO🧡🧡🧡VAMOS KEIKO🧡🧡🧡 🧡🧡🧡VAMOS KEIKO🧡🧡🧡🧡🧡🧡VAMOS KEIKO🧡🧡🧡🧡🧡🧡VAMOS K🧡🧡🧡VAMOS KEIKO🧡🧡🧡 🧡🧡🧡VAMOS KEIKO🧡🧡🧡🧡🧡🧡VAMOS KEIKO🧡🧡🧡🧡🧡🧡VAMOS K🧡🧡🧡VAMOS KEIKO🧡🧡🧡 🧡🧡🧡VAMOS KEIKO🧡🧡🧡🧡🧡🧡VAMOS KEIKO🧡🧡🧡🧡🧡🧡VAMOS K🧡🧡🧡VAMOS KEIKO🧡🧡🧡 🧡🧡🧡🧡🧡🧡🧡🧡🧡🧡🧡🧡🧡🧡🧡🧡🧡🧡🧡🧡🧡🧡🧡🧡🧡🧡
:🧡🧡🧡VAMOS KEIKO🧡🧡🧡 🧡🧡🧡VAMOS KEIKO🧡🧡🧡🧡🧡🧡VAMOS KEIKO🧡🧡🧡🧡🧡🧡VAMOS K🧡🧡🧡VAMOS KEIKO🧡🧡🧡 🧡🧡🧡VAMOS KEIKO🧡🧡🧡🧡🧡🧡VAMOS KEIKO🧡🧡🧡🧡🧡🧡VAMOS K🧡🧡🧡VAMOS KEIKO🧡🧡🧡 🧡🧡🧡VAMOS KEIKO🧡🧡🧡🧡🧡🧡VAMOS KEIKO🧡🧡🧡🧡🧡🧡VAMOS K🧡🧡🧡VAMOS KEIKO🧡🧡🧡 🧡🧡🧡VAMOS KEIKO🧡🧡🧡🧡🧡🧡VAMOS KEIKO🧡🧡🧡🧡VAMOS KEIKO🧡🧡🧡 🧡🧡🧡VAMOS KEIKO🧡🧡🧡🧡🧡🧡VAMOS KEIKO",7294278939618821126,fxr_osczxx0,12,7650229791605506823,7649989196693654804,0,,False,K,K3.ndjson,neutral,0.4659346342086792
WTF con tus gustos musicales :v,7238225181121397765,509hitmane,0,7654368408730059538,7649989196693654804,7653956009283453717,7.653956009283454e+18,True,K,K3.ndjson,negative,0.6558821797370911
xd,6825588802742486022,yukki.nk,0,7654371283807912725,7649989196693654804,7653956009283453717,7.653956009283454e+18,True,K,K3.ndjson,neutral,0.39856618642807007
muy única de tu parte :o,7238225181121397765,509hitmane,0,7654564955341144839,7649989196693654804,7653956009283453717,7.653956009283454e+18,True,K,K3.ndjson,positive,0.4248916208744049
Be alive [Slowed],6893635289497371653,nosoyfurroselosprometo,0,7653974145747550997,7649989196693654804,7653956009283453717,7.653956009283454e+18,True,K,K3.ndjson,neutral,0.48391786217689514
yo tampoco pero q más hay JP? XD eso es peor q sida para el Perú,6918882156841141253,_leleos_,2,7650401635165209345,7649989196693654804,7650353696043811602,7.650353696043812e+18,True,K,K3.ndjson,negative,0.521224856376648
Lloralo 🤣,7567184753637966856,david80466,0,7650361221245502209,7649989196693654804,7650353696043811602,7.650353696043812e+18,True,K,K3.ndjson,neutral,0.38045623898506165
lo único es que mantenga los contratos internacionales y evitar su expropiación como decía ese tal asnito de jp,6809362034003215365,jixinpe,0,7650456220453667605,7649989196693654804,7650353696043811602,7.650353696043812e+18,True,K,K3.ndjson,negative,0.5874476432800293
bro te caiste de chiquito verdad,7567161556284556309,papitaconpollo832,0,7654441046079882004,7649989196693654804,7650330106833093394,7.650330106833094e+18,True,K,K3.ndjson,negative,0.7597151398658752
me preocupa el orgullo con el que lo dices,7039487101850993670,sneider_ac_,0,7650517130828137234,7649989196693654804,7650330106833093394,7.650330106833094e+18,True,K,K3.ndjson,neutral,0.550626814365387
Y Porque🥺,7394552050203264005,thecollector310,0,7650331586005517063,7649989196693654804,7650330106833093394,7.650330106833094e+18,True,K,K3.ndjson,neutral,0.5686584115028381
Igual o peor?,7457245414014829573,nannome0,0,7657973272273617682,7649989196693654804,7657374953360278280,7.657374953360279e+18,True,K,K3.ndjson,neutral,0.5504859685897827
asi se habla,7617492834757886994,mafer_032014,0,7658070186688824085,7649989196693654804,7657374953360278280,7.657374953360279e+18,True,K,K3.ndjson,positive,0.4238118529319763
% de votos presidenciales de Perú,7531161796003922952,cgd32402967,1,7655754119975011088,7649989196693654804,7655410042087523093,7.655410042087523e+18,True,K,K3.ndjson,neutral,0.6610346436500549
"@alexito_XD:🧡VAMOS KEIKO🧡🧡🧡 🧡🧡🧡VAMOS KEIKO🧡🧡🧡🧡🧡🧡VAMOS KEIKO🧡🧡🧡🧡🧡🧡VAMOS K🧡🧡🧡VAMOS KEIKO🧡🧡🧡 🧡🧡🧡VAMOS KEIKO🧡🧡🧡🧡🧡🧡VAMOS KEIKO🧡🧡🧡🧡🧡🧡VAMOS K🧡🧡🧡VAMOS KEIKO🧡🧡🧡 🧡🧡🧡VAMOS KEIKO🧡🧡🧡🧡🧡🧡VAMOS KEIKO🧡🧡🧡🧡🧡🧡VAMOS K🧡🧡🧡VAMOS KEIKO🧡🧡🧡 🧡🧡🧡VAMOS KEIKO🧡🧡🧡🧡🧡🧡VAMOS KEIKO🧡🧡🧡VAMOS KEIKO🧡🧡🧡 🧡🧡🧡VAMOS KEIKO🧡🧡🧡🧡🧡🧡VAMOS KEIKO🧡🧡🧡🧡🧡🧡VAMOS K🧡🧡🧡VAMOS KEIKO🧡🧡🧡 🧡🧡🧡VAMOS KEIKO🧡🧡🧡🧡🧡🧡VAMOS KEIKO🧡🧡🧡🧡🧡🧡VAMOS K🧡🧡🧡VAMOS KEIKO🧡🧡🧡 🧡🧡🧡VAMOS KEIKO🧡🧡🧡🧡🧡🧡VAMOS KEIKO🧡🧡🧡🧡🧡🧡VAMOS K🧡🧡🧡VAMOS KEIKO🧡🧡🧡 🧡🧡🧡VAMOS KEIKO🧡🧡🧡🧡🧡🧡VAMOS KEIKO🧡🧡VAMOS KEIKO🧡🧡🧡 🧡🧡🧡VAMOS KEIKO🧡🧡🧡🧡🧡🧡VAMOS KEIKO🧡🧡🧡🧡🧡🧡VAMOS K🧡🧡🧡VAMOS KEIKO🧡🧡🧡 🧡🧡🧡VAMOS KEIKO🧡🧡🧡🧡🧡🧡VAMOS KEIKO🧡🧡🧡🧡🧡🧡VAMOS K🧡🧡🧡VAMOS KEIKO🧡🧡🧡 🧡🧡🧡VAMOS KEIKO🧡🧡🧡🧡🧡🧡VAMOS KEIKO🧡🧡🧡🧡🧡🧡VAMOS K🧡🧡🧡VAMOS KEIKO🧡🧡🧡 🧡🧡🧡VAMOS KEIKO🧡🧡🧡🧡🧡🧡VAMOS KEIKO🧡🧡🧡VAMOS KEIKO🧡🧡🧡 🧡🧡🧡VAMOS KEIKO🧡🧡🧡🧡🧡🧡VAMOS KEIKO🧡🧡🧡🧡🧡🧡VAMOS K🧡🧡🧡VAMOS KEIKO🧡🧡🧡 🧡🧡🧡VAMOS KEIKO🧡🧡🧡🧡🧡🧡VAMOS KEIKO🧡🧡🧡🧡🧡🧡VAMOS K🧡🧡🧡VAMOS KEIKO🧡🧡🧡 🧡🧡🧡VAMOS KEIKO🧡🧡🧡🧡🧡🧡VAMOS KEIKO🧡🧡🧡🧡🧡🧡VAMOS K🧡🧡🧡VAMOS KEIKO🧡🧡🧡 🧡🧡🧡VAMOS KEIKO🧡🧡🧡🧡🧡🧡VAMOS KEIKO🧡🧡🧡VAMOS KEIKO🧡🧡🧡 🧡🧡🧡VAMOS KEIKO🧡🧡🧡🧡🧡🧡VAMOS KEIKO🧡🧡🧡🧡🧡🧡VAMOS K🧡🧡🧡VAMOS KEIKO🧡🧡🧡 🧡🧡🧡VAMOS KEIKO🧡🧡🧡🧡🧡🧡VAMOS KEIKO🧡🧡🧡🧡🧡🧡VAMOS K🧡🧡🧡VAMOS KEIKO🧡🧡🧡 🧡🧡🧡VAMOS KEIKO🧡🧡🧡🧡🧡🧡VAMOS KEIKO🧡🧡🧡🧡🧡🧡VAMOS K🧡🧡🧡VAMOS KEIKO🧡🧡🧡 🧡🧡🧡🧡🧡🧡🧡🧡🧡🧡🧡🧡🧡🧡🧡🧡🧡🧡🧡🧡🧡🧡🧡🧡🧡🧡
:🧡🧡🧡VAMOS KEIKO🧡🧡🧡 🧡🧡🧡VAMOS KEIKO🧡🧡🧡🧡🧡🧡VAMOS KEIKO🧡🧡🧡🧡🧡🧡VAMOS K🧡🧡🧡VAMOS KEIKO🧡🧡🧡 🧡🧡🧡VAMOS KEIKO🧡🧡🧡🧡🧡🧡VAMOS KEIKO🧡🧡🧡🧡🧡🧡VAMOS K🧡🧡🧡VAMOS KEIKO🧡🧡🧡 🧡🧡🧡VAMOS KEIKO🧡🧡🧡🧡🧡🧡VAMOS KEIKO🧡🧡🧡🧡🧡🧡VAMOS K🧡🧡🧡VAMOS KEIKO🧡🧡🧡 🧡🧡🧡VAMOS KEIKO🧡🧡🧡🧡🧡🧡VAMOS KEIKO🧡🧡🧡🧡VAMOS KEIKO🧡🧡🧡 🧡🧡🧡VAMOS KEIKO🧡🧡🧡🧡🧡🧡VAMOS KEIKO",7614293437215982599,kinger_124,0,7650890493014508296,7649989196693654804,7650858727574225682,7.650858727574226e+18,True,K,K3.ndjson,neutral,0.43976399302482605
,7600475551917048852,gustavoleon210,0,7651099983316402962,7649989196693654804,7650858727574225682,7.650858727574226e+18,True,K,K3.ndjson,positive,0.44054585695266724
Usar el cerebro es gratis,7325185907273827334,shiza_054,1,7650242795706680082,7649989196693654804,7650229791605506823,7.650229791605507e+18,True,K,K3.ndjson,neutral,0.5453421473503113
imbecil,7146028812965381125,xd_20271,0,7650239054394999573,7649989196693654804,7650229791605506823,7.650229791605507e+18,True,K,K3.ndjson,negative,0.8879261612892151
De vaso de leche,6946908700990227461,adrix.7771,1,7656512553758393109,7649989196693654804,7655778330175882004,7.655778330175882e+18,True,K,K3.ndjson,neutral,0.5424720644950867
la palabra mati,7598373885590930439,rodridcv,1,7653282656406979348,7649989196693654804,7652955079751140097,7.65295507975114e+18,True,K,K3.ndjson,positive,0.5095763206481934
vamos jp jp jp jp jp jp,7361806431063966726,lorenita1511,4,7650973828546200328,7649989196693654804,0,,False,K,K3.ndjson,neutral,0.4398270845413208
nombre de la música?,7529413157073273874,worldpeace540,0,7651134506938417938,7649989196693654804,0,,False,K,K3.ndjson,neutral,0.7237332463264465
Me voy del pais😊,7627663190365864980,mariludelacruz63,0,7658143657107129108,7649989196693654804,0,,False,K,K3.ndjson,negative,0.5515193343162537
jp podemos😊😊😊,7585761046868378641,elpanatails90,0,7658039374642938644,7649989196693654804,0,,False,K,K3.ndjson,neutral,0.45790910720825195
ya ganó Roberto Sánchez y me dirán por Q? por quien gano 2021 Pedro castillo verdad el estubo en segundo puesto 😁👋😎,7096223480118625285,luna.ruberr98,1,7655865252458529556,7649989196693654804,0,,False,K,K3.ndjson,neutral,0.6756523251533508
Senches ganara,7102968276314391558,aronlpg,0,7651804051889996552,7649989196693654804,0,,False,K,K3.ndjson,negative,0.4669123888015747
bamos keico,7521050618341884936,renzolescanodiaz,2,7650230982838846228,7649989196693654804,0,,False,K,K3.ndjson,positive,0.8111801147460938
noooopooooooooooooooooooooooooooooo😬,7645431156108592148,ikercastilla1,0,7652833319742374663,7649989196693654804,0,,False,K,K3.ndjson,negative,0.5718328356742859
vamos jp,7641687022046626836,patodonaltraumado0,0,7653955672066016021,7649989196693654804,0,,False,K,K3.ndjson,positive,0.7269670367240906
,7526713717549351944,bertha.de.la.cruz33,0,7654617948744647444,7649989196693654804,0,,False,K,K3.ndjson,positive,0.44054585695266724
keiko ya subió 1% XD,7051692468701545478,userdx3n09wixx,21,7650287731486851856,7649989196693654804,0,,False,K,K3.ndjson,neutral,0.6634131073951721
Jp 😊😊😊,7600667981769753620,max.xcr,2,7650232515236397825,7649989196693654804,0,,False,K,K3.ndjson,neutral,0.5447999238967896
keiko nuevo tcc,7547116434284053512,ratge_chamakooo,4,7650160269422838535,7649989196693654804,0,,False,K,K3.ndjson,positive,0.4693915843963623
"🧡VAMOS KEIKO🧡🧡🧡 🧡🧡🧡VAMOS KEIKO🧡🧡🧡🧡🧡🧡VAMOS KEIKO🧡🧡🧡🧡🧡🧡VAMOS K🧡🧡🧡VAMOS KEIKO🧡🧡🧡 🧡🧡🧡VAMOS KEIKO🧡🧡🧡🧡🧡🧡VAMOS KEIKO🧡🧡🧡🧡🧡🧡VAMOS K🧡🧡🧡VAMOS KEIKO🧡🧡🧡 🧡🧡🧡VAMOS KEIKO🧡🧡🧡🧡🧡🧡VAMOS KEIKO🧡🧡🧡🧡🧡🧡VAMOS K🧡🧡🧡VAMOS KEIKO🧡🧡🧡 🧡🧡🧡VAMOS KEIKO🧡🧡🧡🧡🧡🧡VAMOS KEIKO🧡🧡🧡VAMOS KEIKO🧡🧡🧡 🧡🧡🧡VAMOS KEIKO🧡🧡🧡🧡🧡🧡VAMOS KEIKO🧡🧡🧡🧡🧡🧡VAMOS K🧡🧡🧡VAMOS KEIKO🧡🧡🧡 🧡🧡🧡VAMOS KEIKO🧡🧡🧡🧡🧡🧡VAMOS KEIKO🧡🧡🧡🧡🧡🧡VAMOS K🧡🧡🧡VAMOS KEIKO🧡🧡🧡 🧡🧡🧡VAMOS KEIKO🧡🧡🧡🧡🧡🧡VAMOS KEIKO🧡🧡🧡🧡🧡🧡VAMOS K🧡🧡🧡VAMOS KEIKO🧡🧡🧡 🧡🧡🧡VAMOS KEIKO🧡🧡🧡🧡🧡🧡VAMOS KEIKO🧡🧡VAMOS KEIKO🧡🧡🧡 🧡🧡🧡VAMOS KEIKO🧡🧡🧡🧡🧡🧡VAMOS KEIKO🧡🧡🧡🧡🧡🧡VAMOS K🧡🧡🧡VAMOS KEIKO🧡🧡🧡 🧡🧡🧡VAMOS KEIKO🧡🧡🧡🧡🧡🧡VAMOS KEIKO🧡🧡🧡🧡🧡🧡VAMOS K🧡🧡🧡VAMOS KEIKO🧡🧡🧡 🧡🧡🧡VAMOS KEIKO🧡🧡🧡🧡🧡🧡VAMOS KEIKO🧡🧡🧡🧡🧡🧡VAMOS K🧡🧡🧡VAMOS KEIKO🧡🧡🧡 🧡🧡🧡VAMOS KEIKO🧡🧡🧡🧡🧡🧡VAMOS KEIKO🧡🧡🧡VAMOS KEIKO🧡🧡🧡 🧡🧡🧡VAMOS KEIKO🧡🧡🧡🧡🧡🧡VAMOS KEIKO🧡🧡🧡🧡🧡🧡VAMOS K🧡🧡🧡VAMOS KEIKO🧡🧡🧡 🧡🧡🧡VAMOS KEIKO🧡🧡🧡🧡🧡🧡VAMOS KEIKO🧡🧡🧡🧡🧡🧡VAMOS K🧡🧡🧡VAMOS KEIKO🧡🧡🧡 🧡🧡🧡VAMOS KEIKO🧡🧡🧡🧡🧡🧡VAMOS KEIKO🧡🧡🧡🧡🧡🧡VAMOS K🧡🧡🧡VAMOS KEIKO🧡🧡🧡 🧡🧡🧡VAMOS KEIKO🧡🧡🧡🧡🧡🧡VAMOS KEIKO🧡🧡🧡VAMOS KEIKO🧡🧡🧡 🧡🧡🧡VAMOS KEIKO🧡🧡🧡🧡🧡🧡VAMOS KEIKO🧡🧡🧡🧡🧡🧡VAMOS K🧡🧡🧡VAMOS KEIKO🧡🧡🧡 🧡🧡🧡VAMOS KEIKO🧡🧡🧡🧡🧡🧡VAMOS KEIKO🧡🧡🧡🧡🧡🧡VAMOS K🧡🧡🧡VAMOS KEIKO🧡🧡🧡 🧡🧡🧡VAMOS KEIKO🧡🧡🧡🧡🧡🧡VAMOS KEIKO🧡🧡🧡🧡🧡🧡VAMOS K🧡🧡🧡VAMOS KEIKO🧡🧡🧡 🧡🧡🧡🧡🧡🧡🧡🧡🧡🧡🧡🧡🧡🧡🧡🧡🧡🧡🧡🧡🧡🧡🧡🧡🧡🧡
:🧡🧡🧡VAMOS KEIKO🧡🧡🧡 🧡🧡🧡VAMOS KEIKO🧡🧡🧡🧡🧡🧡VAMOS KEIKO🧡🧡🧡🧡🧡🧡VAMOS K🧡🧡🧡VAMOS KEIKO🧡🧡🧡 🧡🧡🧡VAMOS KEIKO🧡🧡🧡🧡🧡🧡VAMOS KEIKO🧡🧡🧡🧡🧡🧡VAMOS K🧡🧡🧡VAMOS KEIKO🧡🧡🧡 🧡🧡🧡VAMOS KEIKO🧡🧡🧡🧡🧡🧡VAMOS KEIKO🧡🧡🧡🧡🧡🧡VAMOS K🧡🧡🧡VAMOS KEIKO🧡🧡🧡 🧡🧡🧡VAMOS KEIKO🧡🧡🧡🧡🧡🧡VAMOS KEIKO🧡🧡🧡🧡VAMOS KEIKO🧡🧡🧡 🧡🧡🧡VAMOS KEIKO🧡🧡🧡🧡🧡🧡VAMOS KEIKO",7469180076627592193,laboratorio.el.do,6,7650346576167060245,7649989196693654804,0,,False,K,K3.ndjson,neutral,0.4066144824028015
yo nosé nada de Perú pero felicitaones desde Bolivia,7474421050420282369,sam_georgi,12,7650686050894250760,7649989196693654804,0,,False,K,K3.ndjson,neutral,0.7292621731758118
50.061😳*,7404534545683137541,mikael_2299,0,7651760738064663317,7649989196693654804,7650639805349757716,7.650639805349758e+18,True,K,K3.ndjson,neutral,0.47049739956855774
nose,7122303061281113093,gatomichielegante,0,7658482474175398674,7649989196693654804,7657743889977918216,7.657743889977918e+18,True,K,K3.ndjson,neutral,0.6479414105415344
Be alive,7632649142317532180,aqmx.07,0,7651295573169931015,7649989196693654804,7651134506938417938,7.651134506938418e+18,True,K,K3.ndjson,positive,0.6318483352661133
gracias,7529413157073273874,worldpeace540,0,7651308085395555090,7649989196693654804,7651134506938417938,7.651134506938418e+18,True,K,K3.ndjson,neutral,0.4827784597873688
Bro ya ganó Keiko JAJAJA,7261813513831629829,rockt4rs274,0,7658043761515627284,7649989196693654804,7658039374642938644,7.658039374642939e+18,True,K,K3.ndjson,neutral,0.6376388072967529
siiiiii,7338507411261146117,minw_stars_ok,0,7652866856865219346,7649989196693654804,7652833319742374663,7.652833319742375e+18,True,K,K3.ndjson,positive,0.7066011428833008
De una,7357069447171867654,roxinqv208,0,7658456983368172295,7649989196693654804,7658143657107129108,7.658143657107129e+18,True,K,K3.ndjson,neutral,0.48755136132240295
,7484025964176458757,vilin_772,0,7660294852794647314,7649989196693654804,0,,False,K,K3.ndjson,positive,0.44054585695266724
pero pasen name de la música 😭💔,7372392547308815365,nakimy_008,2,7650715234030273298,7649989196693654804,0,,False,K,K3.ndjson,neutral,0.7608868479728699
tu puedes keiko,6945226345891611653,juanjo.1955,1,7657053051015332629,7649989196693654804,0,,False,K,K3.ndjson,positive,0.836094081401825
"🧡VAMOS KEIKO🧡🧡🧡 🧡🧡🧡VAMOS KEIKO🧡🧡🧡🧡🧡🧡VAMOS KEIKO🧡🧡🧡🧡🧡🧡VAMOS K🧡🧡🧡VAMOS KEIKO🧡🧡🧡 🧡🧡🧡VAMOS KEIKO KEIKO🧡🧡🧡🧡🧡🧡VAMOS KEIKO🧡🧡🧡🧡🧡🧡VAMOS K🧡🧡🧡VAMOS KEIKO🧡🧡🧡 🧡🧡🧡VAMOS KEIKO🧡🧡🧡🧡🧡🧡VAMOS KEIK🧡VAMOS KEIKO🧡🧡🧡 🧡🧡🧡VAMOS KEIKO🧡🧡🧡🧡🧡🧡VAMOS KEIKO🧡🧡🧡🧡🧡🧡VAMOS K🧡🧡🧡VAMOS KEIKO🧡🧡🧡 🧡🧡🧡VAMOS KEIKO🧡🧡🧡🧡🧡🧡VAMOS KEIKO🧡🧡🧡🧡🧡🧡VAMOS K🧡🧡🧡VAMOS KEIKO🧡🧡🧡 🧡🧡🧡VAMOS KEIKO🧡🧡🧡🧡🧡🧡VAMOS KEIKO🧡🧡🧡🧡🧡🧡VAMOS K🧡🧡🧡VAMOS KEIKO🧡🧡🧡 🧡🧡🧡VAMOS KEIKO🧡🧡🧡🧡🧡🧡VAMOS KEIKO🧡🧡🧡VAMOS KEIKO🧡🧡🧡 🧡🧡🧡VAMOS KEIKO🧡🧡🧡🧡🧡🧡VAMOS KEIKO🧡🧡🧡🧡🧡🧡VAMOS K🧡🧡🧡VAMOS KEIKO🧡🧡🧡 🧡🧡🧡VAMOS KEIKO🧡🧡🧡🧡🧡🧡VAMOS KEIKO🧡🧡🧡🧡🧡🧡VAMOS K🧡🧡🧡VAMOS KEIKO🧡🧡🧡 🧡🧡🧡VAMOS KEIKO🧡🧡🧡🧡🧡🧡VAMOS KEIKO🧡🧡🧡🧡🧡🧡VAMOS K🧡🧡🧡VAMOS KEIKO🧡🧡🧡 🧡🧡🧡VAMOS KEIKO🧡🧡🧡🧡🧡🧡VAMOS KEIKO🧡🧡VAMOS KEIKO🧡🧡🧡 🧡🧡🧡VAMOS KEIKO🧡🧡🧡🧡🧡🧡VAMOS KEIKO🧡🧡🧡🧡🧡🧡VAMOS K🧡🧡🧡VAMOS KEIKO🧡🧡🧡 🧡🧡🧡VAMOS KEIKO🧡🧡🧡🧡🧡🧡VAMOS KEIKO🧡🧡🧡🧡🧡🧡VAMOS K🧡🧡🧡VAMOS KEIKO🧡🧡🧡 🧡🧡🧡VAMOS KEIKO🧡🧡🧡🧡🧡🧡VAMOS KEIKO🧡🧡🧡🧡🧡🧡VAMOS K🧡🧡🧡VAMOS KEIKO🧡🧡🧡 🧡🧡🧡VAMOS KEIKO🧡🧡🧡🧡🧡🧡VAMOS KEIKO🧡🧡🧡VAMOS KEIKO🧡🧡🧡 🧡🧡🧡VAMOS KEIKO🧡🧡🧡🧡🧡🧡VAMOS KEIKO🧡🧡🧡🧡🧡🧡VAMOS K🧡🧡🧡VAMOS KEIKO🧡🧡🧡 🧡🧡🧡VAMOS KEIKO🧡🧡🧡🧡🧡🧡VAMOS KEIKO🧡🧡🧡🧡🧡🧡VAMOS K🧡🧡🧡VAMOS KEIKO🧡🧡🧡 🧡🧡🧡VAMOS KEIKO🧡🧡🧡🧡🧡🧡VAMOS KEIKO🧡🧡🧡🧡🧡🧡VAMOS K🧡🧡🧡VAMOS KEIKO🧡🧡🧡 🧡🧡🧡VAMOS KEIKO🧡🧡🧡🧡🧡🧡VAMOS KEIKO🧡🧡🧡VAMOS KEIKO🧡🧡🧡 🧡🧡🧡VAMOS KEIKO🧡🧡🧡🧡🧡🧡VAMOS KEIKO🧡🧡🧡🧡🧡🧡VAMOS K🧡🧡🧡VAMOS KEIKO🧡🧡🧡 🧡🧡🧡VAMOS KEIKO🧡🧡🧡🧡🧡🧡VAMOS KEIKO🧡🧡🧡🧡🧡🧡VAMOS K🧡🧡🧡VAMOS KEIKO🧡🧡🧡 🧡🧡🧡VAMOS KEIKO🧡🧡🧡🧡🧡🧡VAMOS KEIKO🧡🧡🧡🧡🧡🧡VAMOS K🧡🧡🧡VAMOS KEIKO🧡🧡🧡 🧡🧡🧡🧡🧡🧡🧡🧡🧡🧡🧡🧡🧡🧡🧡🧡🧡🧡🧡🧡🧡🧡🧡🧡🧡🧡
:🧡🧡🧡VAMOS KEIKO🧡🧡🧡 🧡🧡🧡VAMOS KEIKO🧡🧡🧡🧡🧡🧡VAMOS KEIKO🧡🧡🧡🧡🧡🧡VAMOS K🧡🧡🧡VAMOS KEIKO🧡🧡🧡 🧡🧡🧡VAMOS KEIKO🧡🧡🧡🧡🧡🧡VAMOS KEIKO🧡🧡🧡🧡🧡🧡VAMOS K🧡🧡🧡VAMOS KEIKO🧡🧡🧡 🧡🧡🧡VAMOS KEIKO🧡🧡🧡🧡🧡🧡VAMOS KEIKO🧡🧡🧡🧡🧡🧡VAMOS K🧡🧡🧡VAMOS KEIKO🧡🧡🧡 🧡🧡🧡VAMOS KEIKO🧡🧡🧡🧡🧡🧡VAMOS KEIKO🧡🧡🧡🧡VAMOS KEIKO🧡🧡🧡 🧡🧡🧡VAMOS KEIKO🧡🧡🧡🧡🧡🧡VAMOS KEIKO",6961633133205062662,aro1142,4,7650717742925579029,7649989196693654804,0,,False,K,K3.ndjson,neutral,0.40075841546058655
nooooooo,7562674414447641608,roblor3,0,7657748190423614216,7649989196693654804,0,,False,K,K3.ndjson,negative,0.7061712741851807
vamos jp,6882492351198888965,miriam_uga456,1,7651001779526910728,7649989196693654804,0,,False,K,K3.ndjson,positive,0.7269670367240906
pregunta para todos para ustedes cuál es peor? todos los caminos llevan al mismo camino,7528605364293682197,flandeazucarr,4,7654736221336224519,7649989196693654804,0,,False,K,K3.ndjson,neutral,0.8276011347770691
"@juanpi_brawl:🧡VAMOS KEIKO🧡🧡🧡 🧡🧡🧡VAMOS KEIKO🧡🧡🧡🧡🧡🧡VAMOS KEIKO🧡🧡🧡🧡🧡🧡VAMOS K🧡🧡🧡VAMOS KEIKO🧡🧡🧡 🧡🧡🧡VAMOS KEIKO🧡🧡🧡🧡🧡🧡VAMOS KEIKO🧡🧡🧡🧡🧡🧡VAMOS K🧡🧡🧡VAMOS KEIKO🧡🧡🧡 🧡🧡🧡VAMOS KEIKO🧡🧡🧡🧡🧡🧡VAMOS KEIKO🧡🧡🧡🧡🧡🧡VAMOS K🧡🧡🧡VAMOS KEIKO🧡🧡🧡 🧡🧡🧡VAMOS KEIKO🧡🧡🧡🧡🧡🧡VAMOS KEIKO🧡🧡🧡VAMOS KEIKO🧡🧡🧡 🧡🧡🧡VAMOS KEIKO🧡🧡🧡🧡🧡🧡VAMOS KEIKO🧡🧡🧡🧡🧡🧡VAMOS K🧡🧡🧡VAMOS KEIKO🧡🧡🧡 🧡🧡🧡VAMOS KEIKO🧡🧡🧡🧡🧡🧡VAMOS KEIKO🧡🧡🧡🧡🧡🧡VAMOS K🧡🧡🧡VAMOS KEIKO🧡🧡🧡 🧡🧡🧡VAMOS KEIKO🧡🧡🧡🧡🧡🧡VAMOS KEIKO🧡🧡🧡🧡🧡🧡VAMOS K🧡🧡🧡VAMOS KEIKO🧡🧡🧡 🧡🧡🧡VAMOS KEIKO🧡🧡🧡🧡🧡🧡VAMOS KEIKO🧡🧡VAMOS KEIKO🧡🧡🧡 🧡🧡🧡VAMOS KEIKO🧡🧡🧡🧡🧡🧡VAMOS KEIKO🧡🧡🧡🧡🧡🧡VAMOS K🧡🧡🧡VAMOS KEIKO🧡🧡🧡 🧡🧡🧡VAMOS KEIKO🧡🧡🧡🧡🧡🧡VAMOS KEIKO🧡🧡🧡🧡🧡🧡VAMOS K🧡🧡🧡VAMOS KEIKO🧡🧡🧡 🧡🧡🧡VAMOS KEIKO🧡🧡🧡🧡🧡🧡VAMOS KEIKO🧡🧡🧡🧡🧡🧡VAMOS K🧡🧡🧡VAMOS KEIKO🧡🧡🧡 🧡🧡🧡VAMOS KEIKO🧡🧡🧡🧡🧡🧡VAMOS KEIKO🧡🧡🧡VAMOS KEIKO🧡🧡🧡 🧡🧡🧡VAMOS KEIKO🧡🧡🧡🧡🧡🧡VAMOS KEIKO🧡🧡🧡🧡🧡🧡VAMOS K🧡🧡🧡VAMOS KEIKO🧡🧡🧡 🧡🧡🧡VAMOS KEIKO🧡🧡🧡🧡🧡🧡VAMOS KEIKO🧡🧡🧡🧡🧡🧡VAMOS K🧡🧡🧡VAMOS KEIKO🧡🧡🧡 🧡🧡🧡VAMOS KEIKO🧡🧡🧡🧡🧡🧡VAMOS KEIKO🧡🧡🧡🧡🧡🧡VAMOS K🧡🧡🧡VAMOS KEIKO🧡🧡🧡 🧡🧡🧡VAMOS KEIKO🧡🧡🧡🧡🧡🧡VAMOS KEIKO🧡🧡🧡VAMOS KEIKO🧡🧡🧡 🧡🧡🧡VAMOS KEIKO🧡🧡🧡🧡🧡🧡VAMOS KEIKO🧡🧡🧡🧡🧡🧡VAMOS K🧡🧡🧡VAMOS KEIKO🧡🧡🧡 🧡🧡🧡VAMOS KEIKO🧡🧡🧡🧡🧡🧡VAMOS KEIKO🧡🧡🧡🧡🧡🧡VAMOS K🧡🧡🧡VAMOS KEIKO🧡🧡🧡 🧡🧡🧡VAMOS KEIKO🧡🧡🧡🧡🧡🧡VAMOS KEIKO🧡🧡🧡🧡🧡🧡VAMOS K🧡🧡🧡VAMOS KEIKO🧡🧡🧡 🧡🧡🧡🧡🧡🧡🧡🧡🧡🧡🧡🧡🧡🧡🧡🧡🧡🧡🧡🧡🧡🧡🧡🧡🧡🧡
:🧡🧡🧡VAMOS KEIKO🧡🧡🧡 🧡🧡🧡VAMOS KEIKO🧡🧡🧡🧡🧡🧡VAMOS KEIKO🧡🧡🧡🧡🧡🧡VAMOS K🧡🧡🧡VAMOS KEIKO🧡🧡🧡 🧡🧡🧡VAMOS KEIKO🧡🧡🧡🧡🧡🧡VAMOS KEIKO🧡🧡🧡🧡🧡🧡VAMOS K🧡🧡🧡VAMOS KEIKO🧡🧡🧡 🧡🧡🧡VAMOS KEIKO🧡🧡🧡🧡🧡🧡VAMOS KEIKO🧡🧡🧡🧡🧡🧡VAMOS K🧡🧡🧡VAMOS KEIKO🧡🧡🧡 🧡🧡🧡VAMOS KEIKO🧡🧡🧡🧡🧡🧡VAMOS KEIKO🧡🧡🧡🧡VAMOS KEIKO🧡🧡🧡 🧡🧡🧡VAMOS KEIKO🧡🧡🧡🧡🧡🧡VAMOS KEIKO",7644391714744419335,erickalexand3r_0,2,7651086644573913874,7649989196693654804,0,,False,K,K3.ndjson,neutral,0.4414637088775635
JAJAJAJAJAJAJAJJJJ😂😂😂😂😂🥰🥰🥰 ME DIO TREMENDA RISAAAAA VAMOS KEIKO JAJAJAJAJAJ🥰🥰🥰😂😂,7536038948699980808,ryoko141409,0,7650980224185074440,7649989196693654804,0,,False,K,K3.ndjson,positive,0.4126076102256775
éxitoso,7256502036656194565,ma_thiaaas,22,7650123827523584776,7649989196693654804,0,,False,K,K3.ndjson,neutral,0.5299424529075623
Peak,7011941663091049478,wtxwrts,7,7650128345376637716,7649989196693654804,0,,False,K,K3.ndjson,neutral,0.5530778765678406
Que nicho eh esse tropa?,7032718690391098373,neweorm,31,7650560972742394625,7649989196693654804,0,,False,K,K3.ndjson,negative,0.4553590416908264
"🧡VAMOS KEIKO🧡🧡🧡 🧡🧡🧡VAMOS KEIKO🧡🧡🧡🧡🧡🧡VAMOS KEIKO🧡🧡🧡🧡🧡🧡VAMOS K🧡🧡🧡VAMOS KEIKO🧡🧡🧡 🧡🧡🧡VAMOS KEIKO🧡🧡🧡🧡🧡🧡VAMOS KEIKO🧡🧡🧡🧡🧡🧡VAMOS K🧡🧡🧡VAMOS KEIKO🧡🧡🧡 🧡🧡🧡VAMOS KEIKO🧡🧡🧡🧡🧡🧡VAMOS KEIKO🧡🧡🧡🧡🧡🧡VAMOS K🧡🧡🧡VAMOS KEIKO🧡🧡🧡 🧡🧡🧡VAMOS KEIKO🧡🧡🧡🧡🧡🧡VAMOS KEIKO🧡🧡🧡VAMOS KEIKO🧡🧡🧡 🧡🧡🧡VAMOS KEIKO🧡🧡🧡🧡🧡🧡VAMOS KEIKO🧡🧡🧡🧡🧡🧡VAMOS K🧡🧡🧡VAMOS KEIKO🧡🧡🧡 🧡🧡🧡VAMOS KEIKO🧡🧡🧡🧡🧡🧡VAMOS KEIKO🧡🧡🧡🧡🧡🧡VAMOS K🧡🧡🧡VAMOS KEIKO🧡🧡🧡 🧡🧡🧡VAMOS KEIKO🧡🧡🧡🧡🧡🧡VAMOS KEIKO🧡🧡🧡🧡🧡🧡VAMOS K🧡🧡🧡VAMOS KEIKO🧡🧡🧡 🧡🧡🧡VAMOS KEIKO🧡🧡🧡🧡🧡🧡VAMOS KEIKO🧡🧡VAMOS KEIKO🧡🧡🧡 🧡🧡🧡VAMOS KEIKO🧡🧡🧡🧡🧡🧡VAMOS KEIKO🧡🧡🧡🧡🧡🧡VAMOS K🧡🧡🧡VAMOS KEIKO🧡🧡🧡 🧡🧡🧡VAMOS KEIKO🧡🧡🧡🧡🧡🧡VAMOS KEIKO🧡🧡🧡🧡🧡🧡VAMOS K🧡🧡🧡VAMOS KEIKO🧡🧡🧡 🧡🧡🧡VAMOS KEIKO🧡🧡🧡🧡🧡🧡VAMOS KEIKO🧡🧡🧡🧡🧡🧡VAMOS K🧡🧡🧡VAMOS KEIKO🧡🧡🧡 🧡🧡🧡VAMOS KEIKO🧡🧡🧡🧡🧡🧡VAMOS KEIKO🧡🧡🧡VAMOS KEIKO🧡🧡🧡 🧡🧡🧡VAMOS KEIKO🧡🧡🧡🧡🧡🧡VAMOS KEIKO🧡🧡🧡🧡🧡🧡VAMOS K🧡🧡🧡VAMOS KEIKO🧡🧡🧡 🧡🧡🧡VAMOS KEIKO🧡🧡🧡🧡🧡🧡VAMOS KEIKO🧡🧡🧡🧡🧡🧡VAMOS K🧡🧡🧡VAMOS KEIKO🧡🧡🧡 🧡🧡🧡VAMOS KEIKO🧡🧡🧡🧡🧡🧡VAMOS KEIKO🧡🧡🧡🧡🧡🧡VAMOS K🧡🧡🧡VAMOS KEIKO🧡🧡🧡 🧡🧡🧡VAMOS KEIKO🧡🧡🧡🧡🧡🧡VAMOS KEIKO🧡🧡🧡VAMOS KEIKO🧡🧡🧡 🧡🧡🧡VAMOS KEIKO🧡🧡🧡🧡🧡🧡VAMOS KEIKO🧡🧡🧡🧡🧡🧡VAMOS K🧡🧡🧡VAMOS KEIKO🧡🧡🧡 🧡🧡🧡VAMOS KEIKO🧡🧡🧡🧡🧡🧡VAMOS KEIKO🧡🧡🧡🧡🧡🧡VAMOS K🧡🧡🧡VAMOS KEIKO🧡🧡🧡 🧡🧡🧡VAMOS KEIKO🧡🧡🧡🧡🧡🧡VAMOS KEIKO🧡🧡🧡🧡🧡🧡VAMOS K🧡🧡🧡VAMOS KEIKO🧡🧡🧡 🧡🧡🧡🧡🧡🧡🧡🧡🧡🧡🧡🧡🧡🧡🧡🧡🧡🧡🧡🧡🧡🧡🧡🧡🧡🧡
:🧡🧡🧡VAMOS KEIKO🧡🧡🧡 🧡🧡🧡VAMOS KEIKO🧡🧡🧡🧡🧡🧡VAMOS KEIKO🧡🧡🧡🧡🧡🧡VAMOS K🧡🧡🧡VAMOS KEIKO🧡🧡🧡 🧡🧡🧡VAMOS KEIKO🧡🧡🧡🧡🧡🧡VAMOS KEIKO🧡🧡🧡🧡🧡🧡VAMOS K🧡🧡🧡VAMOS KEIKO🧡🧡🧡 🧡🧡🧡VAMOS KEIKO🧡🧡🧡🧡🧡🧡VAMOS KEIKO🧡🧡🧡🧡🧡🧡VAMOS K🧡🧡🧡VAMOS KEIKO🧡🧡🧡 🧡🧡🧡VAMOS KEIKO🧡🧡🧡🧡🧡🧡VAMOS KEIKO🧡🧡🧡🧡VAMOS KEIKO🧡🧡🧡 🧡🧡🧡VAMOS KEIKO🧡🧡🧡🧡🧡🧡VAMOS KEIKO",7339365155975201797,jhon84760,8,7650231702443131656,7649989196693654804,0,,False,K,K3.ndjson,neutral,0.4066144824028015
gracias bro,7259202928232481798,awesomedude5961,0,7650711999877415698,7649989196693654804,7650686050894250760,7.650686050894251e+18,True,K,K3.ndjson,neutral,0.4700338840484619
que tenía que ver XD?,7452216479778800645,adrianoxd306,0,7650252876748997383,7649989196693654804,7650232515236397825,7.650232515236398e+18,True,K,K3.ndjson,neutral,0.43552473187446594
Nose,7600667981769753620,max.xcr,0,7650251299041411857,7649989196693654804,7650232515236397825,7.650232515236398e+18,True,K,K3.ndjson,neutral,0.6479412913322449
"te explico mi postura (no soy fujimorista), Sanchez en sus propuestas dice todo pero todo el mal régimen que va hacer al Perú, lit nos quiere encerrar como korea del norte y lit sacar toda red de comunicación, cortara lazos con empresas extranjeras y con demás países y encima va sacar a su hermano",6724741422308099078,li.xvex,0,7650250685062300437,7649989196693654804,7650232515236397825,7.650232515236398e+18,True,K,K3.ndjson,negative,0.5640021562576294
bueno si ganaba Keiko o jp igual me voy del país adiós nos vemos en U.S.A👋🫂,7611993266125472776,un_ramdom_341541,2,7655031131142112021,7649989196693654804,0,,False,K,K3.ndjson,neutral,0.423753947019577
espero seguir viva,7655091447935419408,mayukawaii,0,7665131839133270805,7649989196693654804,0,,False,K,K3.ndjson,positive,0.3788314163684845
Nooooooooooooooooo,7580046746195067922,kiuk_feli,1,7658102994672681735,7649989196693654804,0,,False,K,K3.ndjson,negative,0.6879963874816895
,7243592216144512005,wiliham_25,4,7650102706840994567,7649989196693654804,0,,False,K,K3.ndjson,positive,0.4405459761619568
"🧡VAMOS KEIKO🧡🧡🧡 🧡🧡🧡VAMOS KEIKO🧡🧡🧡🧡🧡🧡VAMOS KEIKO🧡🧡🧡🧡🧡🧡VAMOS K🧡🧡🧡VAMOS KEIKO🧡🧡🧡 🧡🧡🧡VAMOS KEIKO🧡🧡🧡🧡🧡🧡VAMOS KEIKO🧡🧡🧡🧡🧡🧡VAMOS K🧡🧡🧡VAMOS KEIKO🧡🧡🧡 🧡🧡🧡VAMOS KEIKO🧡🧡🧡🧡🧡🧡VAMOS KEIKO🧡🧡🧡🧡🧡🧡VAMOS K🧡🧡🧡VAMOS KEIKO🧡🧡🧡 🧡🧡🧡VAMOS KEIKO🧡🧡🧡🧡🧡🧡VAMOS KEIKO🧡🧡🧡VAMOS KEIKO🧡🧡🧡 🧡🧡🧡VAMOS KEIKO🧡🧡🧡🧡🧡🧡VAMOS KEIKO🧡🧡🧡🧡🧡🧡VAMOS K🧡🧡🧡VAMOS KEIKO🧡🧡🧡 🧡🧡🧡VAMOS KEIKO🧡🧡🧡🧡🧡🧡VAMOS KEIKO🧡🧡🧡🧡🧡🧡VAMOS K🧡🧡🧡VAMOS KEIKO🧡🧡🧡 🧡🧡🧡VAMOS KEIKO🧡🧡🧡🧡🧡🧡VAMOS KEIKO🧡🧡🧡🧡🧡🧡VAMOS K🧡🧡🧡VAMOS KEIKO🧡🧡🧡 🧡🧡🧡VAMOS KEIKO🧡🧡🧡🧡🧡🧡VAMOS KEIKO🧡🧡VAMOS KEIKO🧡🧡🧡 🧡🧡🧡VAMOS KEIKO🧡🧡🧡🧡🧡🧡VAMOS KEIKO🧡🧡🧡🧡🧡🧡VAMOS K🧡🧡🧡VAMOS KEIKO🧡🧡🧡 🧡🧡🧡VAMOS KEIKO🧡🧡🧡🧡🧡🧡VAMOS KEIKO🧡🧡🧡🧡🧡🧡VAMOS K🧡🧡🧡VAMOS KEIKO🧡🧡🧡 🧡🧡🧡VAMOS KEIKO🧡🧡🧡🧡🧡🧡VAMOS KEIKO🧡🧡🧡🧡🧡🧡VAMOS K🧡🧡🧡VAMOS KEIKO🧡🧡🧡 🧡🧡🧡VAMOS KEIKO🧡🧡🧡🧡🧡🧡VAMOS KEIKO🧡🧡🧡VAMOS KEIKO🧡🧡🧡 🧡🧡🧡VAMOS KEIKO🧡🧡🧡🧡🧡🧡VAMOS KEIKO🧡🧡🧡🧡🧡🧡VAMOS K🧡🧡🧡VAMOS KEIKO🧡🧡🧡 🧡🧡🧡VAMOS KEIKO🧡🧡🧡🧡🧡🧡VAMOS KEIKO🧡🧡🧡🧡🧡🧡VAMOS K🧡🧡🧡VAMOS KEIKO🧡🧡🧡 🧡🧡🧡VAMOS KEIKO🧡🧡🧡🧡🧡🧡VAMOS KEIKO🧡🧡🧡🧡🧡🧡VAMOS K🧡🧡🧡VAMOS KEIKO🧡🧡🧡 🧡🧡🧡VAMOS KEIKO🧡🧡🧡🧡🧡🧡VAMOS KEIKO🧡🧡🧡VAMOS KEIKO🧡🧡🧡 🧡🧡🧡VAMOS KEIKO🧡🧡🧡🧡🧡🧡VAMOS KEIKO🧡🧡🧡🧡🧡🧡VAMOS K🧡🧡🧡VAMOS KEIKO🧡🧡🧡 🧡🧡🧡VAMOS KEIKO🧡🧡🧡🧡🧡🧡VAMOS KEIKO🧡🧡🧡🧡🧡🧡VAMOS K🧡🧡🧡VAMOS KEIKO🧡🧡🧡 🧡🧡🧡VAMOS KEIKO🧡🧡🧡🧡🧡🧡VAMOS KEIKO🧡🧡🧡🧡🧡🧡VAMOS K🧡🧡🧡VAMOS KEIKO🧡🧡🧡 🧡🧡🧡🧡🧡🧡🧡🧡🧡🧡🧡🧡🧡🧡🧡🧡🧡🧡🧡🧡🧡🧡🧡🧡🧡🧡
:🧡🧡🧡VAMOS KEIKO🧡🧡🧡 🧡🧡🧡VAMOS KEIKO🧡🧡🧡🧡🧡🧡VAMOS KEIKO🧡🧡🧡🧡🧡🧡VAMOS K🧡🧡🧡VAMOS KEIKO🧡🧡🧡 🧡🧡🧡VAMOS KEIKO🧡🧡🧡🧡🧡🧡VAMOS KEIKO🧡🧡🧡🧡🧡🧡VAMOS K🧡🧡🧡VAMOS KEIKO🧡🧡🧡 🧡🧡🧡VAMOS KEIKO🧡🧡🧡🧡🧡🧡VAMOS KEIKO🧡🧡🧡🧡🧡🧡VAMOS K🧡🧡🧡VAMOS KEIKO🧡🧡🧡 🧡🧡🧡VAMOS KEIKO🧡🧡🧡🧡🧡🧡VAMOS KEIKO🧡🧡🧡🧡VAMOS KEIKO🧡🧡🧡 🧡🧡🧡VAMOS KEIKO🧡🧡🧡🧡🧡🧡VAMOS KEIKO",7146192328880440326,juanbiker69,116,7650093182843798292,7649989196693654804,0,,False,K,K3.ndjson,neutral,0.40661439299583435
"🧡VAMOS KEIKO🧡🧡🧡 🧡🧡🧡VAMOS KEIKO🧡🧡🧡🧡🧡🧡VAMOS KEIKO🧡🧡🧡🧡🧡🧡VAMOS K🧡🧡🧡VAMOS KEIKO🧡🧡🧡 🧡🧡🧡VAMOS KEIKO🧡🧡🧡🧡🧡🧡VAMOS KEIKO🧡🧡🧡🧡🧡🧡VAMOS K🧡🧡🧡VAMOS KEIKO🧡🧡🧡 🧡🧡🧡VAMOS KEIKO🧡🧡🧡🧡🧡🧡VAMOS KEIKO🧡🧡🧡🧡🧡🧡VAMOS K🧡🧡🧡VAMOS KEIKO🧡🧡🧡 🧡🧡🧡VAMOS KEIKO🧡🧡🧡🧡🧡🧡VAMOS KEIKO🧡🧡🧡VAMOS KEIKO🧡🧡🧡 🧡🧡🧡VAMOS KEIKO🧡🧡🧡🧡🧡🧡VAMOS KEIKO🧡🧡🧡🧡🧡🧡VAMOS K🧡🧡🧡VAMOS KEIKO🧡🧡🧡 🧡🧡🧡VAMOS KEIKO🧡🧡🧡🧡🧡🧡VAMOS KEIKO🧡🧡🧡🧡🧡🧡VAMOS K🧡🧡🧡VAMOS KEIKO🧡🧡🧡 🧡🧡🧡VAMOS KEIKO🧡🧡🧡🧡🧡🧡VAMOS KEIKO🧡🧡🧡🧡🧡🧡VAMOS K🧡🧡🧡VAMOS KEIKO🧡🧡🧡 🧡🧡🧡VAMOS KEIKO🧡🧡🧡🧡🧡🧡VAMOS KEIKO🧡🧡VAMOS KEIKO🧡🧡🧡 🧡🧡🧡VAMOS KEIKO🧡🧡🧡🧡🧡🧡VAMOS KEIKO🧡🧡🧡🧡🧡🧡VAMOS K🧡🧡🧡VAMOS KEIKO🧡🧡🧡 🧡🧡🧡VAMOS KEIKO🧡🧡🧡🧡🧡🧡VAMOS KEIKO🧡🧡🧡🧡🧡🧡VAMOS K🧡🧡🧡VAMOS KEIKO🧡🧡🧡 🧡🧡🧡VAMOS KEIKO🧡🧡🧡🧡🧡🧡VAMOS KEIKO🧡🧡🧡🧡🧡🧡VAMOS K🧡🧡🧡VAMOS KEIKO🧡🧡🧡 🧡🧡🧡VAMOS KEIKO🧡🧡🧡🧡🧡🧡VAMOS KEIKO🧡🧡🧡VAMOS KEIKO🧡🧡🧡 🧡🧡🧡VAMOS KEIKO🧡🧡🧡🧡🧡🧡VAMOS KEIKO🧡🧡🧡🧡🧡🧡VAMOS K🧡🧡🧡VAMOS KEIKO🧡🧡🧡 🧡🧡🧡VAMOS KEIKO🧡🧡🧡🧡🧡🧡VAMOS KEIKO🧡🧡🧡🧡🧡🧡VAMOS K🧡🧡🧡VAMOS KEIKO🧡🧡🧡 🧡🧡🧡VAMOS KEIKO🧡🧡🧡🧡🧡🧡VAMOS KEIKO🧡🧡🧡🧡🧡🧡VAMOS K🧡🧡🧡VAMOS KEIKO🧡🧡🧡 🧡🧡🧡VAMOS KEIKO🧡🧡🧡🧡🧡🧡VAMOS KEIKO🧡🧡🧡VAMOS KEIKO🧡🧡🧡 🧡🧡🧡VAMOS KEIKO🧡🧡🧡🧡🧡🧡VAMOS KEIKO🧡🧡🧡🧡🧡🧡VAMOS K🧡🧡🧡VAMOS KEIKO🧡🧡🧡 🧡🧡🧡VAMOS KEIKO🧡🧡🧡🧡🧡🧡VAMOS KEIKO🧡🧡🧡🧡🧡🧡VAMOS K🧡🧡🧡VAMOS KEIKO🧡🧡🧡 🧡🧡🧡VAMOS KEIKO🧡🧡🧡🧡🧡🧡VAMOS KEIKO🧡🧡🧡🧡🧡🧡VAMOS K🧡🧡🧡VAMOS KEIKO🧡🧡🧡 🧡🧡🧡🧡🧡🧡🧡🧡🧡🧡🧡🧡🧡🧡🧡🧡🧡🧡🧡🧡🧡🧡🧡🧡🧡🧡
:🧡🧡🧡VAMOS KEIKO🧡🧡🧡 🧡🧡🧡VAMOS KEIKO🧡🧡🧡🧡🧡🧡VAMOS KEIKO🧡🧡🧡🧡🧡🧡VAMOS K🧡🧡🧡VAMOS KEIKO🧡🧡🧡 🧡🧡🧡VAMOS KEIKO🧡🧡🧡🧡🧡🧡VAMOS KEIKO🧡🧡🧡🧡🧡🧡VAMOS K🧡🧡🧡VAMOS KEIKO🧡🧡🧡 🧡🧡🧡VAMOS KEIKO🧡🧡🧡🧡🧡🧡VAMOS KEIKO🧡🧡🧡🧡🧡🧡VAMOS K🧡🧡🧡VAMOS KEIKO🧡🧡🧡 🧡🧡🧡VAMOS KEIKO🧡🧡🧡🧡🧡🧡VAMOS KEIKO🧡🧡🧡🧡VAMOS KEIKO🧡🧡🧡 🧡🧡🧡VAMOS KEIKO🧡🧡🧡🧡🧡🧡VAMOS KEIKO🧡VAMOS KEIKO🧡🧡🧡 🧡🧡🧡VAMOS KEIKO🧡🧡🧡🧡🧡🧡VAMOS KEIKO🧡🧡🧡🧡🧡🧡VAMOS K🧡🧡🧡VAMOS KEIKO🧡🧡🧡 🧡🧡🧡VAMOS KEIKO🧡🧡🧡🧡🧡🧡VAMOS KEIKO🧡🧡🧡🧡🧡🧡VAMOS K🧡🧡🧡VAMOS KEIKO🧡🧡🧡 🧡🧡🧡VAMOS KEIKO🧡🧡🧡🧡🧡🧡VAMOS KEIKO🧡🧡🧡🧡",7443662194254955575,bobbbette81723,10,7650337186827010834,7649989196693654804,0,,False,K,K3.ndjson,neutral,0.40661439299583435
Keiko va ganarrrrrr,7589866158028391440,fabrizio15m,4,7650220641052328720,7649989196693654804,0,,False,K,K3.ndjson,positive,0.5208897590637207
Music name?,7547365741297828872,paralelo.10,0,7652153505596556050,7649989196693654804,0,,False,K,K3.ndjson,neutral,0.5476745963096619
,7119140022914450437,kruzsmy7,0,7654421554747392789,7649989196693654804,0,,False,K,K3.ndjson,positive,0.4405459761619568
etiqueten a keiko✨,7577319597713048587,maricarmenzptbrns,2,7651021495971742471,7649989196693654804,0,,False,K,K3.ndjson,positive,0.433607816696167
como se llama la canción?,7632951424901219329,guilar_ff,0,7654416978526978836,7649989196693654804,0,,False,K,K3.ndjson,neutral,0.6240670680999756
que aura que buena broma,7463612911781643269,ramospingobereche,1,7658058600800174869,7649989196693654804,0,,False,K,K3.ndjson,positive,0.9238666892051697
,7365353629438903301,_rudy_paucar,0,7656550987502879508,7649989196693654804,0,,False,K,K3.ndjson,positive,0.4405459761619568
ayyyy nooooooo,7459170883111322630,26miky1,1,7651020880978150152,7649989196693654804,0,,False,K,K3.ndjson,negative,0.6564184427261353
queda mejor con la música de rampage,6962885899639473157,camote320,2,7650525448456356625,7649989196693654804,0,,False,K,K3.ndjson,neutral,0.6030921936035156
mi suegra va ganando,7551908549179065356,user7302825591119,3,7650308443593294613,7649989196693654804,0,,False,K,K3.ndjson,positive,0.6148761510848999
Eso eso,6961745812167738373,kimyoyo90,3,7650083320219124500,7649989196693654804,0,,False,K,K3.ndjson,neutral,0.5229030251502991
el mejor edit de estos Bro,7653726170403390481,mohawkmark275,2,7654956109870301969,7649989196693654804,0,,False,K,K3.ndjson,positive,0.8525643944740295
noooooooooooooooooooooooooooooooo 😨😨,7124447215501886470,juandiegotazamama,2,7652180429798425362,7649989196693654804,0,,False,K,K3.ndjson,negative,0.6353201866149902
